Edit Date,Lead ID,Market,Record Type ID,Field / Event,Old Value,New Value
2026-09-15T12:34:03.000Z,00QP500000v8WY9MAM,NL,0127Q000000upr9QAA,Status,Not reached,Follow-up
2026-09-15T12:30:13.000Z,00QP500000vMyjKMAS,NL,0127Q000000upr9QAA,Status,New,Appointment
2026-09-15T12:27:22.000Z,00QP500000usWaZMAU,BE,0127Q000000eERIQA2,Status,Follow-up,Not Qualified
2026-09-15T12:27:22.000Z,00QQD00000DyvDd2AJ,NL,0127Q000000upr9QAA,Status,Follow-up,Mailjourney
2026-09-15T12:25:38.000Z,00QQD00000AQFBR2A5,NL,0127Q000000upr9QAA,Status,Follow-up,Mailjourney
2026-09-15T12:24:36.000Z,00QP500000vL77JMAS,NL,0127Q000000upr9QAA,Status,Follow-up,Mailjourney
2026-09-15T12:19:36.000Z,00QP500000vN9czMAC,NL,0127Q000000upr9QAA,Status,New,Appointment
2026-09-15T12:15:11.000Z,00QP500000uQFw3MAG,NL,0127Q000000upr9QAA,Status,Follow-up,Mailjourney
2026-09-15T12:11:02.000Z,00QQD00000d8f2k2AA,BE,0127Q000000eERIQA2,Status,Follow-up,Mailjourney
2026-09-15T12:08:59.000Z,00QP500000uQ6SzMAK,NL,0127Q000000upr9QAA,Status,Follow-up,Mailjourney
2026-09-15T12:07:41.000Z,00QP500000uLg2PMAS,NL,0127Q000000upr9QAA,Status,Follow-up,Mailjourney
2026-09-15T12:06:58.000Z,00QP500000vMeZDMA0,NL,0127Q000000upr9QAA,Status,New,Brochure
2026-09-15T12:06:16.000Z,00QP500000uJdofMAC,NL,0127Q000000upr9QAA,Status,Follow-up,Mailjourney
2026-09-15T12:04:32.000Z,00QP500000uCSwOMAW,NL,0127Q000000upr9QAA,Status,Follow-up,Mailjourney
2026-09-15T12:03:59.000Z,00QP500000v9IONMA2,NL,0127Q000000upr9QAA,Status,Not reached,Follow-up
2026-09-15T12:03:50.000Z,00QQD00000ZH1hI2AT,BE,0127Q000000eERIQA2,Status,Follow-up,Lost
2026-09-15T12:02:48.000Z,00QP500000tCb5rMAC,NL,0127Q000000upr9QAA,Status,Follow-up,Mailjourney
2026-09-15T12:02:41.000Z,00QP500000vNX5iMAG,NL,0127Q000000upr9QAA,Status,New,Mailjourney
2026-09-15T12:01:31.000Z,00QP500000vMexLMAS,NL,0127Q000000upr9QAA,Status,New,Mailjourney
2026-09-15T11:57:48.000Z,00QP500000vN74pMAC,NL,0127Q000000upr9QAA,Status,New,Appointment
2026-09-15T11:55:47.000Z,00QP500000ufo74MAA,NL,0127Q000000upr9QAA,Status,Follow-up,Mailjourney
2026-09-15T11:55:06.000Z,00QP500000uel82MAA,NL,0127Q000000upr9QAA,Status,Follow-up,Not Qualified
2026-09-15T11:54:49.000Z,00QP500000vMB5kMAG,NL,0127Q000000upr9QAA,Status,New,Follow-up
2026-09-15T11:52:08.000Z,00QP500000uQdiHMAS,NL,0127Q000000upr9QAA,Status,Follow-up,Mailjourney
2026-09-15T11:51:10.000Z,00QP500000uQUbmMAG,NL,0127Q000000upr9QAA,Status,Follow-up,Mailjourney
2026-09-15T11:47:20.000Z,00QP500000vMUzXMAW,NL,0127Q000000upr9QAA,Status,New,Not reached
2026-09-15T11:46:24.000Z,00QP500000vEFO9MAO,NL,0127Q000000upr9QAA,Status,Not reached,Mailjourney
2026-09-15T11:39:49.000Z,00QP500000v8yz3MAA,NL,0127Q000000upr9QAA,Status,Not reached,Follow-up
2026-09-15T11:38:18.000Z,00QP500000v5J7eMAE,NL,0127Q000000upr9QAA,Status,Not reached,Lost
2026-09-15T11:37:36.000Z,00QP500000ueSqEMAU,BE,0127Q000000eERIQA2,Status,Follow-up,Mailjourney
2026-09-15T11:37:17.000Z,00QP500000uYm6oMAC,BE,0127Q000000eERIQA2,Status,Follow-up,Mailjourney
2026-09-15T11:35:25.000Z,00QP500000vMIbnMAG,BE,0127Q000000eERIQA2,Status,New,Not reached
2026-09-15T11:35:20.000Z,00QP500000uRxoYMAS,BE,0127Q000000eERIQA2,Status,Follow-up,Mailjourney
2026-09-15T11:35:15.000Z,00QP500000vCVLoMAO,NL,0127Q000000upr9QAA,Status,Not reached,Appointment
2026-09-15T11:33:02.000Z,00QP500000uUZcqMAG,BE,0127Q000000eERIQA2,Status,Follow-up,Not Qualified
2026-09-15T11:30:04.000Z,00QP500000r5LdBMAU,BE,0127Q000000eERIQA2,Status,Re-entered,Mailjourney
2026-09-15T11:28:45.000Z,00QP500000vMpkdMAC,BE,0127Q000000eERIQA2,Status,New,Mailjourney
2026-09-15T11:24:49.000Z,00QP500000r5LdBMAU,BE,0127Q000000eERIQA2,Status,Mailjourney,Re-entered
2026-09-15T11:21:57.000Z,00QP500000vA0cVMAS,NL,0127Q000000upr9QAA,Status,Not reached,Follow-up
2026-09-15T11:20:08.000Z,00QQD00000ZGgub2AD,BE,0127Q000000eERIQA2,Status,Converted Old SF,Re-entered
2026-09-15T11:19:39.000Z,00QP500000vMjYnMAK,NL,0127Q000000upr9QAA,Status,New,Mailjourney
2026-09-15T11:12:35.000Z,00QP500000vMLGSMA4,BE,0127Q000000eERIQA2,Status,New,Not reached
2026-09-15T11:11:37.000Z,00QP500000uQMeGMAW,BE,0127Q000000eERIQA2,Status,Follow-up,Mailjourney
2026-09-15T11:07:13.000Z,00QP500000v9q6lMAA,NL,0127Q000000upr9QAA,Status,Follow-up,Appointment
2026-09-15T10:56:00.000Z,00QP500000vLupdMAC,NL,0127Q000000upr9QAA,Status,New,Mailjourney
2026-09-15T10:50:03.000Z,00QP500000vLtSAMA0,NL,0127Q000000upr9QAA,Status,Not reached,Mailjourney
2026-09-15T10:47:53.000Z,00QP500000vLqfdMAC,NL,0127Q000000upr9QAA,Status,New,Brochure
2026-09-15T10:44:58.000Z,00QP500000uOhEsMAK,NL,0127Q000000upr9QAA,Status,Follow-up,Mailjourney
2026-09-15T10:38:33.000Z,00QP500000udLUEMA2,BE,0127Q000000eERIQA2,Status,Follow-up,Appointment
2026-09-15T10:38:06.000Z,00QP500000vLtn7MAC,NL,0127Q000000upr9QAA,Status,New,Not reached
2026-09-15T10:36:13.000Z,00QP500000vMFM9MAO,NL,0127Q000000upr9QAA,Status,New,Appointment
2026-09-15T10:31:58.000Z,00QP500000vFTgqMAG,NL,0127Q000000upr9QAA,Status,Not reached,Not Qualified
2026-09-15T10:30:52.000Z,00QP500000sX62jMAC,NL,0127Q000000upr9QAA,Status,Follow-up,Lost
2026-09-15T10:24:37.000Z,00QP500000vLaHTMA0,NL,0127Q000000upr9QAA,Status,New,Appointment
2026-09-15T10:21:21.000Z,00QP500000vLVXtMAO,NL,0127Q000000upr9QAA,Status,New,Appointment
2026-09-15T10:21:09.000Z,00QP500000vLtSAMA0,NL,0127Q000000upr9QAA,Status,New,Not reached
2026-09-15T10:18:14.000Z,00QP500000vMPdHMAW,NL,0127Q000000upr9QAA,Status,New,Not Qualified
2026-09-15T10:16:25.000Z,00QP500000vLd40MAC,BE,0127Q000000eERIQA2,Status,New,Not Qualified
2026-09-15T10:13:47.000Z,00QP500000vM2brMAC,NL,0127Q000000upr9QAA,Status,Not reached,Appointment
2026-09-15T10:06:12.000Z,00QP500000vL64qMAC,NL,0127Q000000upr9QAA,Status,New,Follow-up
2026-09-15T10:05:56.000Z,00QP500000vLppwMAC,BE,0127Q000000eERIQA2,Status,New,Follow-up
2026-09-15T10:05:20.000Z,00QP500000vM2brMAC,NL,0127Q000000upr9QAA,Status,New,Not reached
2026-09-15T10:04:01.000Z,00QP500000vLIcIMAW,NL,0127Q000000upr9QAA,Status,New,Appointment
2026-09-15T10:02:44.000Z,00QP500000umXz8MAE,NL,0127Q000000upr9QAA,Status,Follow-up,Appointment
2026-09-15T09:58:51.000Z,00QP500000v9g8tMAA,NL,0127Q000000upr9QAA,Status,Not reached,Mailjourney
2026-09-15T09:57:42.000Z,00QQD00000AQAA12AP,NL,0127Q000000upr9QAA,Status,Not reached,Follow-up
2026-09-15T09:55:59.000Z,00QP500000v9q6lMAA,NL,0127Q000000upr9QAA,Status,Not reached,Follow-up
2026-09-15T09:54:30.000Z,00QP500000uTTCsMAO,NL,0127Q000000upr9QAA,Status,Follow-up,Mailjourney
2026-09-15T09:53:52.000Z,00QP500000vLJi2MAG,NL,0127Q000000upr9QAA,Status,New,Appointment
2026-09-15T09:52:09.000Z,00QP500000uTIsYMAW,NL,0127Q000000upr9QAA,Status,Follow-up,Not Qualified
2026-09-15T09:51:10.000Z,00QP500000uTFRlMAO,NL,0127Q000000upr9QAA,Status,Follow-up,Mailjourney
2026-09-15T09:49:20.000Z,00QP500000uOuNPMA0,NL,0127Q000000upr9QAA,Status,Follow-up,Mailjourney
2026-09-15T09:48:58.000Z,00QP500000vLy8UMAS,NL,0127Q000000upr9QAA,Status,New,Appointment
2026-09-15T09:46:15.000Z,00QP500000vLTRIMA4,NL,0127Q000000upr9QAA,Status,New,Appointment
2026-09-15T09:44:15.000Z,00QQD00000AQakO2AT,NL,0127Q000000upr9QAA,Status,Converted Old SF,Appointment
2026-09-15T09:43:06.000Z,00QQD00000AQYwt2AH,NL,0127Q000000upr9QAA,Status,Follow-up,Mailjourney
2026-09-15T09:41:08.000Z,00QP500000vKiAfMAK,BE,0127Q000000eERIQA2,Status,New,Not Qualified
2026-09-15T09:40:27.000Z,00QP500000vLJi1MAG,NL,0127Q000000upr9QAA,Status,New,Mailjourney
2026-09-15T09:38:28.000Z,00QQD00000ZGvIl2AL,BE,0127Q000000eERIQA2,Status,Follow-up,Mailjourney
2026-09-15T09:36:09.000Z,00QP500000sMhyVMAS,NL,0127Q000000upr9QAA,Status,Follow-up,Mailjourney
2026-09-15T09:35:22.000Z,00QQD00000ZGu7n2AD,BE,0127Q000000eERIQA2,Status,Follow-up,Not Qualified
2026-09-15T09:34:55.000Z,00QP500000q6IkOMAU,NL,0127Q000000upr9QAA,Status,Follow-up,Lost
2026-09-15T09:31:49.000Z,00QP500000ucdmVMAQ,NL,0127Q000000upr9QAA,Status,Follow-up,Mailjourney
2026-09-15T09:29:50.000Z,00QQD00000D6iV72AJ,NL,0127Q000000upr9QAA,Status,Follow-up,Mailjourney
2026-09-15T09:29:46.000Z,00QP500000unxrVMAQ,BE,0127Q000000eERIQA2,Status,Follow-up,Mailjourney
2026-09-15T09:28:57.000Z,00QP500000sTLy2MAG,NL,0127Q000000upr9QAA,Status,Follow-up,Brochure
2026-09-15T09:28:52.000Z,00QQD00000BYgBO2A1,NL,0127Q000000upr9QAA,Status,Follow-up,Mailjourney
2026-09-15T09:28:39.000Z,00QP500000uq3zKMAQ,NL,0127Q000000upr9QAA,Status,Follow-up,Mailjourney
2026-09-15T09:27:53.000Z,00QP500000un0wIMAQ,NL,0127Q000000upr9QAA,Status,Follow-up,Mailjourney
2026-09-15T09:27:40.000Z,00QP500000vLw9pMAC,NL,0127Q000000upr9QAA,Status,New,Not reached
2026-09-15T09:27:15.000Z,00QP500000umdN5MAI,NL,0127Q000000upr9QAA,Status,Follow-up,Mailjourney
2026-09-15T09:26:54.000Z,00QP500000v8dLFMAY,BE,0127Q000000eERIQA2,Status,Not reached,Mailjourney
2026-09-15T09:26:35.000Z,00QP500000um4SZMAY,NL,0127Q000000upr9QAA,Status,Follow-up,Mailjourney
2026-09-15T09:26:09.000Z,00QP500000uNGiFMAW,NL,0127Q000000upr9QAA,Status,Mailjourney,Lost
2026-09-15T09:26:08.000Z,00QP500000uOIbSMAW,NL,0127Q000000upr9QAA,Status,Follow-up,Lost
2026-09-15T09:25:53.000Z,00QP500000uewgAMAQ,NL,0127Q000000upr9QAA,Status,Follow-up,Mailjourney
2026-09-15T09:25:06.000Z,00QP500000v1zDdMAI,BE,0127Q000000eERIQA2,Status,Not reached,Mailjourney
2026-09-15T09:24:31.000Z,00QP500000udJLtMAM,NL,0127Q000000upr9QAA,Status,Follow-up,Mailjourney
2026-09-15T09:24:26.000Z,00QP500000v8hruMAA,BE,0127Q000000eERIQA2,Status,Not reached,Follow-up
2026-09-15T09:24:12.000Z,00QP500000pfVp7MAE,NL,0127Q000000upr9QAA,Status,Follow-up,Mailjourney
2026-09-15T09:23:42.000Z,00QP500000uO0jQMAS,NL,0127Q000000upr9QAA,Status,Follow-up,Not Qualified
2026-09-15T09:23:24.000Z,00QP500000vLgxyMAC,NL,0127Q000000upr9QAA,Status,Follow-up,Appointment
2026-09-15T09:23:21.000Z,00QP500000uNu7mMAC,NL,0127Q000000upr9QAA,Status,Follow-up,Mailjourney
2026-09-15T09:21:40.000Z,00QP500000vM0myMAC,NL,0127Q000000upr9QAA,Status,New,Not Qualified
2026-09-15T09:18:46.000Z,00QP500000uNTFgMAO,NL,0127Q000000upr9QAA,Status,Follow-up,Mailjourney
2026-09-15T09:17:34.000Z,00QP500000vFsYjMAK,NL,0127Q000000upr9QAA,Status,Brochure,Mailjourney
2026-09-15T09:17:27.000Z,00QP500000vLt2HMAS,NL,0127Q000000upr9QAA,Status,New,Appointment
2026-09-15T09:17:16.000Z,00QP500000vL77JMAS,NL,0127Q000000upr9QAA,Status,Brochure,Follow-up
2026-09-15T09:16:21.000Z,00QP500000twtu6MAA,NL,0127Q000000upr9QAA,Status,Follow-up,Mailjourney
2026-09-15T09:16:03.000Z,00QP500000v5DbkMAE,BE,0127Q000000eERIQA2,Status,Not reached,Follow-up
2026-09-15T09:15:20.000Z,00QQD00000O8wYr2AJ,NL,0127Q000000upr9QAA,Status,Brochure,Mailjourney
2026-09-15T09:15:20.000Z,00QQD00000AQQ3Y2AX,NL,0127Q000000upr9QAA,Status,Brochure,Mailjourney
2026-09-15T09:15:04.000Z,00QP500000vLDpRMAW,NL,0127Q000000upr9QAA,Status,Brochure,Follow-up
2026-09-15T09:15:04.000Z,00QP500000vKhw9MAC,NL,0127Q000000upr9QAA,Status,Brochure,Follow-up
2026-09-15T09:15:04.000Z,00QP500000vEXQ7MAO,NL,0127Q000000upr9QAA,Status,Brochure,Follow-up
2026-09-15T09:15:04.000Z,00QP500000v6hflMAA,NL,0127Q000000upr9QAA,Status,Brochure,Follow-up
2026-09-15T09:15:04.000Z,00QP500000vHUDlMAO,NL,0127Q000000upr9QAA,Status,Brochure,Follow-up
2026-09-15T09:15:04.000Z,00QP500000vKZYjMAO,NL,0127Q000000upr9QAA,Status,Brochure,Follow-up
2026-09-15T09:15:04.000Z,00QP500000v9Vi5MAE,NL,0127Q000000upr9QAA,Status,Brochure,Follow-up
2026-09-15T09:14:44.000Z,00QP500000vLgxyMAC,NL,0127Q000000upr9QAA,Status,New,Follow-up
2026-09-15T09:14:29.000Z,00QQD00000cruHV2AY,NL,0127Q000000upr9QAA,Status,Follow-up,Mailjourney
2026-09-15T09:13:00.000Z,00QP500000vKQIcMAO,NL,0127Q000000upr9QAA,Status,New,Brochure
2026-09-15T09:11:59.000Z,00QP500000vDROGMA4,BE,0127Q000000eERIQA2,Status,Not reached,Appointment
2026-09-15T09:11:00.000Z,00QP500000uT99NMAS,NL,0127Q000000upr9QAA,Status,Follow-up,Appointment
2026-09-15T09:09:56.000Z,00QP500000utyeQMAQ,BE,0127Q000000eERIQA2,Status,Not reached,Follow-up
2026-09-15T09:08:39.000Z,00QP500000vCwXSMA0,NL,0127Q000000upr9QAA,Status,Mailjourney,Follow-up
2026-09-15T09:08:31.000Z,00QP500000uo2HhMAI,BE,0127Q000000eERIQA2,Status,Not reached,Mailjourney
2026-09-15T09:07:43.000Z,00QP500000v5I3WMAU,BE,0127Q000000eERIQA2,Status,Not reached,Mailjourney
2026-09-15T09:07:27.000Z,00QP500000vKlWiMAK,NL,0127Q000000upr9QAA,Status,New,Lost
2026-09-15T09:04:56.000Z,00QP500000unqLPMAY,BE,0127Q000000eERIQA2,Status,Not reached,Mailjourney
2026-09-15T09:03:12.000Z,00QP500000vKzoFMAS,BE,0127Q000000eERIQA2,Status,New,Not reached
2026-09-15T09:03:10.000Z,00QP500000vGIWQMA4,NL,0127Q000000upr9QAA,Status,Not reached,Follow-up
2026-09-15T09:03:04.000Z,00QP500000vLodiMAC,BE,0127Q000000eERIQA2,Status,New,Appointment
2026-09-15T09:01:14.000Z,00QP500000uO3hHMAS,NL,0127Q000000upr9QAA,Status,Follow-up,Lost
2026-09-15T08:59:25.000Z,00QQD00000AQQOr2AP,NL,0127Q000000upr9QAA,Status,Follow-up,Appointment
2026-09-15T08:59:10.000Z,00QQD00000dOJO12AO,BE,0127Q000000eERIQA2,Status,Follow-up,Mailjourney
2026-09-15T08:59:09.000Z,00QP500000vL6mPMAS,NL,0127Q000000upr9QAA,Status,New,Lost
2026-09-15T08:57:44.000Z,00QP500000uNs4OMAS,NL,0127Q000000upr9QAA,Status,Follow-up,Mailjourney
2026-09-15T08:55:02.000Z,00QP500000uNgw7MAC,NL,0127Q000000upr9QAA,Status,Follow-up,Mailjourney
2026-09-15T08:51:48.000Z,00QP500000vBUutMAG,NL,0127Q000000upr9QAA,Status,Not reached,Mailjourney
2026-09-15T08:51:29.000Z,00QP500000vEjUNMA0,NL,0127Q000000upr9QAA,Status,Not reached,Appointment
2026-09-15T08:50:49.000Z,00QP500000vGCKbMAO,BE,0127Q000000eERIQA2,Status,Not reached,Appointment
2026-09-15T08:50:26.000Z,00QP500000vHLjxMAG,NL,0127Q000000upr9QAA,Status,Not reached,Appointment
2026-09-15T08:49:48.000Z,00QP500000vLIHIMA4,BE,0127Q000000eERIQA2,Status,New,Appointment
2026-09-15T08:46:55.000Z,00QP500000vFSnyMAG,NL,0127Q000000upr9QAA,Status,Re-entered - Phone Number Changed,Follow-up
2026-09-15T08:43:50.000Z,00QP500000vEXQ7MAO,NL,0127Q000000upr9QAA,Status,Not reached,Brochure
2026-09-15T08:41:41.000Z,00QP500000pe33XMAQ,NL,0127Q000000upr9QAA,Status,Re-entered,Appointment
2026-09-15T08:40:08.000Z,00QQD00000AQRyp2AH,NL,0127Q000000upr9QAA,Status,Not reached,Follow-up
2026-09-15T08:37:56.000Z,00QP500000v1TH0MAM,NL,0127Q000000upr9QAA,Status,Not reached,Mailjourney
2026-09-15T08:36:17.000Z,00QP500000vKNxSMAW,BE,0127Q000000eERIQA2,Status,New,Appointment
2026-09-15T08:35:49.000Z,00QP500000vDC7QMAW,NL,0127Q000000upr9QAA,Status,Not reached,Appointment
2026-09-15T08:35:47.000Z,00QP500000trRlaMAE,BE,0127Q000000eERIQA2,Status,Follow-up,Appointment
2026-09-15T08:35:07.000Z,00QP500000vLHl2MAG,NL,0127Q000000upr9QAA,Status,New,Mailjourney
2026-09-15T08:34:37.000Z,00QP500000vKhODMA0,NL,0127Q000000upr9QAA,Status,New,Not Qualified
2026-09-15T08:32:07.000Z,00QP500000v1Lw4MAE,NL,0127Q000000upr9QAA,Status,Not reached,Appointment
2026-09-15T08:31:42.000Z,00QP500000v5T5OMAU,NL,0127Q000000upr9QAA,Status,Not reached,Follow-up
2026-09-15T08:30:41.000Z,00QQD00000AQKlA2AX,NL,0127Q000000upr9QAA,Status,Not reached,Mailjourney
2026-09-15T08:27:14.000Z,00QP500000v5cv4MAA,NL,0127Q000000upr9QAA,Status,Not reached,Follow-up
2026-09-15T08:23:27.000Z,00QP500000v2muAMAQ,NL,0127Q000000upr9QAA,Status,Not reached,Appointment
2026-09-15T08:23:02.000Z,00QP500000vDlbOMAS,BE,0127Q000000eERIQA2,Status,Not reached,Mailjourney
2026-09-15T08:21:51.000Z,00QP500000v9Df6MAE,BE,0127Q000000eERIQA2,Status,Not reached,Mailjourney
2026-09-15T08:21:46.000Z,00QP500000v6p8gMAA,NL,0127Q000000upr9QAA,Status,Not reached,Follow-up
2026-09-15T08:21:35.000Z,00QP500000v7ncfMAA,NL,0127Q000000upr9QAA,Status,Not reached,Lost
2026-09-15T08:21:11.000Z,00QP500000uvc6kMAA,BE,0127Q000000eERIQA2,Status,Follow-up,Mailjourney
2026-09-15T08:20:43.000Z,00QP500000useI0MAI,BE,0127Q000000eERIQA2,Status,Follow-up,Mailjourney
2026-09-15T08:20:31.000Z,00QQD00000APyQf2AL,NL,0127Q000000upr9QAA,Status,Not reached,Mailjourney
2026-09-15T08:19:35.000Z,00QP500000vKZYjMAO,NL,0127Q000000upr9QAA,Status,New,Brochure
2026-09-15T08:19:35.000Z,00QP500000v5lLfMAI,BE,0127Q000000eERIQA2,Status,Not reached,Mailjourney
2026-09-15T08:19:06.000Z,00QP500000uOuaIMAS,BE,0127Q000000eERIQA2,Status,Follow-up,Mailjourney
2026-09-15T08:18:59.000Z,00QP500000v51ymMAA,BE,0127Q000000eERIQA2,Status,Not reached,Lost
2026-09-15T08:17:27.000Z,00QP500000v9cwaMAA,NL,0127Q000000upr9QAA,Status,Not reached,Appointment
2026-09-15T08:17:12.000Z,00QP500000uOEsqMAG,BE,0127Q000000eERIQA2,Status,Follow-up,Not Qualified
2026-09-15T08:16:52.000Z,00QQD00000ZH1TS2A1,NL,0127Q000000upr9QAA,Status,Follow-up,Appointment
2026-09-15T08:14:24.000Z,00QP500000usWaZMAU,BE,0127Q000000eERIQA2,Status,Not reached,Follow-up
2026-09-15T08:14:09.000Z,00QP500000vLIabMAG,BE,0127Q000000eERIQA2,Status,New,Not reached
2026-09-15T08:12:46.000Z,00QP500000vHLjxMAG,NL,0127Q000000upr9QAA,Status,New,Not reached
2026-09-15T08:12:34.000Z,00QP500000v55WFMAY,NL,0127Q000000upr9QAA,Status,Not reached,Not Qualified
2026-09-15T08:12:16.000Z,00QP500000vBRvTMAW,BE,0127Q000000eERIQA2,Status,Not reached,Appointment
2026-09-15T08:10:58.000Z,00QP500000v6CtiMAE,BE,0127Q000000eERIQA2,Status,Not reached,Mailjourney
2026-09-15T08:10:22.000Z,00QP500000uTClXMAW,NL,0127Q000000upr9QAA,Status,Follow-up,Appointment
2026-09-15T08:09:18.000Z,00QP500000vAH2bMAG,BE,0127Q000000eERIQA2,Status,Not reached,Appointment
2026-09-15T08:09:06.000Z,00QP500000trRlaMAE,BE,0127Q000000eERIQA2,Status,Mailjourney,Follow-up
2026-09-15T08:09:05.000Z,00QP500000vKTYAMA4,BE,0127Q000000eERIQA2,Status,New,Not Qualified
2026-09-15T08:08:27.000Z,00QP500000trRlaMAE,BE,0127Q000000eERIQA2,Status,Follow-up,Mailjourney
2026-09-15T08:08:04.000Z,00QP500000v2dcMMAQ,NL,0127Q000000upr9QAA,Status,Not reached,Follow-up
2026-09-15T08:06:33.000Z,00QP500000vIHTHMA4,NL,0127Q000000upr9QAA,Status,New,Not Qualified
2026-09-15T08:06:15.000Z,00QQD00000AQQ3Y2AX,NL,0127Q000000upr9QAA,Status,Not reached,Brochure
2026-09-15T08:04:16.000Z,00QP500000pe33XMAQ,NL,0127Q000000upr9QAA,Status,Lost,Re-entered
2026-09-15T08:04:11.000Z,00QP500000vA4r9MAC,NL,0127Q000000upr9QAA,Status,Not reached,Follow-up
2026-09-15T08:02:06.000Z,00QP500000vFdWbMAK,NL,0127Q000000upr9QAA,Status,Not reached,Not Qualified
2026-09-15T08:00:03.000Z,00QP500000vKJTtMAO,NL,0127Q000000upr9QAA,Status,Not reached,Appointment
2026-09-15T07:59:52.000Z,00QP500000v9BqCMAU,BE,0127Q000000eERIQA2,Status,Not reached,Not Qualified
2026-09-15T07:59:50.000Z,00QP500000vKVRsMAO,BE,0127Q000000eERIQA2,Status,New,Follow-up
2026-09-15T07:59:02.000Z,00QP500000uNhs4MAC,BE,0127Q000000eERIQA2,Status,Follow-up,Not Qualified
2026-09-15T07:57:47.000Z,00QP500000v67UHMAY,BE,0127Q000000eERIQA2,Status,Follow-up,Not Qualified
2026-09-15T07:57:25.000Z,00QP500000vK9zBMAS,NL,0127Q000000upr9QAA,Status,New,Mailjourney
2026-09-15T07:56:55.000Z,00QP500000v8TdcMAE,NL,0127Q000000upr9QAA,Status,Not reached,Not Qualified
2026-09-15T07:56:41.000Z,00QQD00000TcbaX2AR,NL,0127Q000000upr9QAA,Status,Re-entered,Appointment
2026-09-15T07:55:44.000Z,00QP500000vGg0uMAC,NL,0127Q000000upr9QAA,Status,Not reached,Appointment
2026-09-15T07:55:30.000Z,00QQD00000bIkKG2A0,NL,0127Q000000upr9QAA,Status,Not reached,Mailjourney
2026-09-15T07:54:58.000Z,00QP500000v6amRMAQ,NL,0127Q000000upr9QAA,Status,Follow-up,Appointment
2026-09-15T07:53:56.000Z,00QP500000v7PyaMAE,NL,0127Q000000upr9QAA,Status,Not reached,Follow-up
2026-09-15T07:52:55.000Z,00QP500000vJeVeMAK,BE,0127Q000000eERIQA2,Status,Not reached,Not Qualified
2026-09-15T07:52:32.000Z,00QP500000vKJTtMAO,NL,0127Q000000upr9QAA,Status,New,Not reached
2026-09-15T07:50:47.000Z,00QP500000uu2wYMAQ,BE,0127Q000000eERIQA2,Status,Re-entered,Mailjourney
2026-09-15T07:49:58.000Z,00QP500000vGUJBMA4,NL,0127Q000000upr9QAA,Status,New,Appointment
2026-09-15T07:49:38.000Z,00QQD00000O8wYr2AJ,NL,0127Q000000upr9QAA,Status,Lost,Brochure
2026-09-15T07:48:05.000Z,00QP500000v67UHMAY,BE,0127Q000000eERIQA2,Status,Not reached,Follow-up
2026-09-15T07:47:11.000Z,00QQD00000ZFAV42AP,BE,0127Q000000eERIQA2,Status,Re-entered,Appointment
2026-09-15T07:46:46.000Z,00QP500000vHK87MAG,NL,0127Q000000upr9QAA,Status,New,Appointment
2026-09-15T07:46:42.000Z,00QQD00000ZGlgP2AT,BE,0127Q000000eERIQA2,Status,Not reached,Lost
2026-09-15T07:46:29.000Z,00QP500000vGXvLMAW,NL,0127Q000000upr9QAA,Status,New,Not Qualified
2026-09-15T07:46:16.000Z,00QQD00000XsfHh2AJ,NL,0127Q000000upr9QAA,Status,Re-entered,Appointment
2026-09-15T07:46:10.000Z,00QP500000vLDpRMAW,NL,0127Q000000upr9QAA,Status,New,Brochure
2026-09-15T07:44:59.000Z,00QP500000vGg0uMAC,NL,0127Q000000upr9QAA,Status,New,Not reached
2026-09-15T07:44:22.000Z,00QP500000v0a7XMAQ,BE,0127Q000000eERIQA2,Status,Not reached,Mailjourney
2026-09-15T07:42:40.000Z,00QP500000v04afMAA,BE,0127Q000000eERIQA2,Status,Not reached,Mailjourney
2026-09-15T07:42:40.000Z,00QP500000sTwsvMAC,NL,0127Q000000upr9QAA,Status,Re-entered,Not reached
2026-09-15T07:42:12.000Z,00QQD00000TfIoH2AV,NL,0127Q000000upr9QAA,Status,Lost,Appointment
2026-09-15T07:40:39.000Z,00QP500000vLDSrMAO,NL,0127Q000000upr9QAA,Status,New,Not Qualified
2026-09-15T07:39:39.000Z,00QP500000vIeEQMA0,NL,0127Q000000upr9QAA,Status,New,Appointment
2026-09-15T07:38:26.000Z,00QP500000uxR2LMAU,BE,0127Q000000eERIQA2,Status,Not reached,Mailjourney
2026-09-15T07:38:02.000Z,00QP500000v9gYiMAI,BE,0127Q000000eERIQA2,Status,Not reached,Follow-up
2026-09-15T07:36:59.000Z,00QP500000vIHTGMA4,NL,0127Q000000upr9QAA,Status,New,Not reached
2026-09-15T07:35:22.000Z,00QP500000vGW1XMAW,NL,0127Q000000upr9QAA,Status,New,Not reached
2026-09-15T07:34:43.000Z,00QP500000vHDoBMAW,BE,0127Q000000eERIQA2,Status,Not reached,Appointment
2026-09-15T07:33:44.000Z,00QP500000v43uaMAA,BE,0127Q000000eERIQA2,Status,Not reached,Follow-up
2026-09-15T07:33:41.000Z,00QP500000uZ7eHMAS,NL,0127Q000000upr9QAA,Status,Mailjourney,Appointment
2026-09-15T07:32:38.000Z,00QP500000vIUJmMAO,NL,0127Q000000upr9QAA,Status,New,Not reached
2026-09-15T07:32:12.000Z,00QP500000vIJOPMA4,BE,0127Q000000eERIQA2,Status,New,Not Qualified
2026-09-15T07:32:01.000Z,00QP500000v1hrkMAA,BE,0127Q000000eERIQA2,Status,Not reached,Mailjourney
2026-09-15T07:30:43.000Z,00QP500000vFLmkMAG,BE,0127Q000000eERIQA2,Status,Not reached,Appointment
2026-09-15T07:30:13.000Z,00QP500000vHDoBMAW,BE,0127Q000000eERIQA2,Status,New,Not reached
2026-09-15T07:29:40.000Z,00QP500000uvfuJMAQ,NL,0127Q000000upr9QAA,Status,Follow-up,Appointment
2026-09-15T07:28:42.000Z,00QP500000vHUDlMAO,NL,0127Q000000upr9QAA,Status,New,Brochure
2026-09-15T07:26:38.000Z,00QP500000vKfJBMA0,NL,0127Q000000upr9QAA,Status,New,Appointment
2026-09-15T07:25:38.000Z,00QP500000vKhw9MAC,NL,0127Q000000upr9QAA,Status,New,Brochure
2026-09-15T07:24:33.000Z,00QP500000uyF0kMAE,BE,0127Q000000eERIQA2,Status,Not reached,Follow-up
2026-09-15T07:22:24.000Z,00QP500000vHMoCMAW,BE,0127Q000000eERIQA2,Status,New,Not Qualified
2026-09-15T07:22:05.000Z,00QQD00000YOXQf2AP,NL,0127Q000000upr9QAA,Status,Mailjourney,Appointment
2026-09-15T07:21:55.000Z,00QP500000uu2wYMAQ,BE,0127Q000000eERIQA2,Status,Mailjourney,Re-entered
2026-09-15T07:21:50.000Z,00QP500000vG96hMAC,NL,0127Q000000upr9QAA,Status,New,Not reached
2026-09-15T07:20:38.000Z,00QP500000vKulIMAS,NL,0127Q000000upr9QAA,Status,New,Lost
2026-09-15T07:20:05.000Z,00QP500000vGUJAMA4,BE,0127Q000000eERIQA2,Status,New,Mailjourney
2026-09-15T07:19:40.000Z,00QP500000vGGOHMA4,BE,0127Q000000eERIQA2,Status,New,Not reached
2026-09-15T07:19:28.000Z,00QP500000vGqgDMAS,NL,0127Q000000upr9QAA,Status,New,Not reached
2026-09-15T07:17:56.000Z,00QQD00000ZFySD2A1,BE,0127Q000000eERIQA2,Status,Re-entered,Not reached
2026-09-15T07:17:37.000Z,00QP500000vKdfYMAS,NL,0127Q000000upr9QAA,Status,New,Not Qualified
2026-09-15T07:16:51.000Z,00QP500000vJeVeMAK,BE,0127Q000000eERIQA2,Status,New,Not reached
2026-09-15T07:15:38.000Z,00QP500000vFLmkMAG,BE,0127Q000000eERIQA2,Status,New,Not reached
2026-09-15T07:14:25.000Z,00QP500000vKSNVMA4,NL,0127Q000000upr9QAA,Status,New,Not Qualified
2026-09-15T07:13:36.000Z,00QP500000vHjckMAC,BE,0127Q000000eERIQA2,Status,New,Not reached
2026-09-15T07:12:21.000Z,00QP500000v50jXMAQ,BE,0127Q000000eERIQA2,Status,Re-entered,Appointment
2026-09-15T07:11:27.000Z,00QP500000vKejfMAC,BE,0127Q000000eERIQA2,Status,New,Not reached
2026-09-15T07:11:02.000Z,00QP500000vL77JMAS,NL,0127Q000000upr9QAA,Status,New,Brochure
2026-09-15T07:07:45.000Z,00QP500000vISjSMAW,BE,0127Q000000eERIQA2,Status,New,Not reached
2026-09-15T06:45:08.000Z,00QP500000v9kETMAY,BE,0127Q000000eERIQA2,Status,Follow-up,Lost
2026-09-15T06:39:50.000Z,00QP500000vFdWbMAK,NL,0127Q000000upr9QAA,Status,New,Not reached
2026-09-15T06:02:51.000Z,00QP500000uatiWMAQ,FR,012QD000002ylXZYAY,Status,New,Not Qualified
2026-09-15T06:02:51.000Z,00QP500000uatiUMAQ,FR,012QD000002ylXZYAY,Status,New,Not Qualified
2026-09-15T05:45:34.000Z,00QP500000vICekMAG,NL,0127Q000000upr9QAA,Status,New,Not Qualified
2026-09-15T05:45:19.000Z,00QP500000vHzJMMA0,NL,0127Q000000upr9QAA,Status,New,Not Qualified
2026-09-15T05:45:03.000Z,00QP500000vIEgYMAW,NL,0127Q000000upr9QAA,Status,New,Mailjourney
2026-09-15T05:44:45.000Z,00QP500000vG96iMAC,NL,0127Q000000upr9QAA,Status,New,Mailjourney
2026-09-14T20:04:41.000Z,00QP500000vFSnyMAG,NL,0127Q000000upr9QAA,Status,Not reached,Re-entered - Phone Number Changed
2026-09-14T19:42:10.000Z,00QQD00000ZFAV42AP,BE,0127Q000000eERIQA2,Status,Mailjourney,Re-entered
2026-09-14T18:51:00.000Z,00QP500000sTwsvMAC,NL,0127Q000000upr9QAA,Status,Lost,Re-entered
2026-09-14T17:33:56.000Z,00QQD00000ZFySD2A1,BE,0127Q000000eERIQA2,Status,Mailjourney,Re-entered
2026-09-14T15:22:49.000Z,00QQD00000TcbaX2AR,NL,0127Q000000upr9QAA,Status,Mailjourney,Re-entered
2026-09-14T15:03:38.000Z,00QP500000vGSqlMAG,BE,0127Q000000eERIQA2,Status,New,Appointment
2026-09-14T15:00:57.000Z,00QP500000vGIWQMA4,NL,0127Q000000upr9QAA,Status,New,Not reached
2026-09-14T14:59:29.000Z,00QP500000v50jXMAQ,BE,0127Q000000eERIQA2,Status,Mailjourney,Re-entered
2026-09-14T14:58:18.000Z,00QP500000vEE7EMAW,NL,0127Q000000upr9QAA,Status,Re-entered - Phone Number Changed,Not reached
2026-09-14T14:56:49.000Z,00QP500000vFV1BMAW,NL,0127Q000000upr9QAA,Status,New,Mailjourney
2026-09-14T14:48:16.000Z,00QP500000vFTgqMAG,NL,0127Q000000upr9QAA,Status,New,Not reached
2026-09-14T14:43:14.000Z,00QQD00000XsfHh2AJ,NL,0127Q000000upr9QAA,Status,Lost,Re-entered
2026-09-14T14:42:59.000Z,00QP500000vGIWRMA4,NL,0127Q000000upr9QAA,Status,New,Appointment
2026-09-14T14:40:12.000Z,00QP500000vFsYjMAK,NL,0127Q000000upr9QAA,Status,New,Brochure
2026-09-14T14:40:04.000Z,00QP500000v8w4VMAQ,NL,0127Q000000upr9QAA,Status,Follow-up,Appointment
2026-09-14T14:34:31.000Z,00QP500000vEE7EMAW,NL,0127Q000000upr9QAA,Status,Not reached,Re-entered - Phone Number Changed
2026-09-14T14:32:17.000Z,00QP500000vGCKbMAO,BE,0127Q000000eERIQA2,Status,New,Not reached
2026-09-14T14:24:07.000Z,00QQD00000IFZUa2AP,NL,0127Q000000upr9QAA,Status,Follow-up,Mailjourney
2026-09-14T14:15:56.000Z,00QP500000v56opMAA,NL,0127Q000000upr9QAA,Status,Not reached,Lost
2026-09-14T14:15:50.000Z,00QP500000vFnR1MAK,BE,0127Q000000eERIQA2,Status,New,Not Qualified
2026-09-14T14:15:15.000Z,00QP500000vG6a5MAC,BE,0127Q000000eERIQA2,Status,New,Lost
2026-09-14T14:14:37.000Z,00QP500000vF5csMAC,BE,0127Q000000eERIQA2,Status,New,Follow-up
2026-09-14T14:13:25.000Z,00QP500000vGESnMAO,NL,0127Q000000upr9QAA,Status,New,Appointment
2026-09-14T14:12:24.000Z,00QP500000v6GcOMAU,NL,0127Q000000upr9QAA,Status,Not reached,Not Qualified
2026-09-14T14:09:56.000Z,00QP500000v5MqUMAU,NL,0127Q000000upr9QAA,Status,Not reached,Mailjourney
2026-09-14T14:07:00.000Z,00QP500000sqJXSMA2,NL,0127Q000000upr9QAA,Status,Follow-up,Mailjourney
2026-09-14T14:02:38.000Z,00QQD00000OwYRh2AN,NL,0127Q000000upr9QAA,Status,Not reached,Appointment
2026-09-14T13:58:28.000Z,00QP500000vFVqhMAG,NL,0127Q000000upr9QAA,Status,New,Mailjourney
2026-09-14T13:57:36.000Z,00QP500000vFu2hMAC,NL,0127Q000000upr9QAA,Status,New,Not Qualified
2026-09-14T13:53:35.000Z,00QQD00000FTmjm2AD,NL,0127Q000000upr9QAA,Status,Re-entered,Not reached
2026-09-14T13:51:46.000Z,00QP500000v9Vi5MAE,NL,0127Q000000upr9QAA,Status,Not reached,Brochure
2026-09-14T13:51:46.000Z,00QP500000vFvgHMAS,NL,0127Q000000upr9QAA,Status,New,Appointment
2026-09-14T13:49:56.000Z,00QQD00000FTmjm2AD,NL,0127Q000000upr9QAA,Status,Mailjourney,Re-entered
2026-09-14T13:46:34.000Z,00QP500000v6hflMAA,NL,0127Q000000upr9QAA,Status,Not reached,Brochure
2026-09-14T13:44:15.000Z,00QP500000vFSnyMAG,NL,0127Q000000upr9QAA,Status,New,Not reached
2026-09-14T13:41:28.000Z,00QP500000vAIVyMAO,NL,0127Q000000upr9QAA,Status,Not reached,Appointment
2026-09-14T13:38:13.000Z,00QP500000vE2ncMAC,BE,0127Q000000eERIQA2,Status,Follow-up,Appointment
2026-09-14T13:36:33.000Z,00QP500000vEXQ7MAO,NL,0127Q000000upr9QAA,Status,New,Not reached
2026-09-14T13:35:34.000Z,00QP500000vFltpMAC,NL,0127Q000000upr9QAA,Status,New,Lost
2026-09-14T13:30:52.000Z,00QP500000v28qIMAQ,NL,0127Q000000upr9QAA,Status,Brochure,Follow-up
2026-09-14T13:30:52.000Z,00QP500000vDDd8MAG,NL,0127Q000000upr9QAA,Status,Brochure,Follow-up
2026-09-14T13:30:52.000Z,00QP500000vBsAmMAK,NL,0127Q000000upr9QAA,Status,Brochure,Follow-up
2026-09-14T13:30:45.000Z,00QP500000vEjUNMA0,NL,0127Q000000upr9QAA,Status,New,Not reached
2026-09-14T13:28:10.000Z,00QQD00000bCEcz2AG,NL,0127Q000000upr9QAA,Status,Not Qualified,Appointment
2026-09-14T13:28:03.000Z,00QQD00000AQJ872AH,NL,0127Q000000upr9QAA,Status,Re-entered,Appointment
2026-09-14T13:27:37.000Z,00QP500000vEE7EMAW,NL,0127Q000000upr9QAA,Status,New,Not reached
2026-09-14T13:21:52.000Z,00QP500000uJ6KpMAK,NL,0127Q000000upr9QAA,Status,Follow-up,Mailjourney
2026-09-14T13:20:46.000Z,00QP500000v1NeUMAU,NL,0127Q000000upr9QAA,Status,Follow-up,Appointment
2026-09-14T13:15:46.000Z,00QP500000uXfwzMAC,NL,0127Q000000upr9QAA,Status,Lost,Appointment
2026-09-14T13:11:40.000Z,00QP500000vEPllMAG,NL,0127Q000000upr9QAA,Status,New,Appointment
2026-09-14T13:09:12.000Z,00QP500000v517XMAQ,NL,0127Q000000upr9QAA,Status,Follow-up,Not Qualified
2026-09-14T13:07:22.000Z,00QP500000vEY2iMAG,NL,0127Q000000upr9QAA,Status,New,Not Qualified
2026-09-14T13:05:31.000Z,00QP500000t4bAzMAI,NL,0127Q000000upr9QAA,Status,Re-entered,Mailjourney
2026-09-14T13:05:22.000Z,00QP500000vDDd8MAG,NL,0127Q000000upr9QAA,Status,New,Brochure
2026-09-14T13:05:00.000Z,00QP500000vEXheMAG,NL,0127Q000000upr9QAA,Status,New,Mailjourney
2026-09-14T13:01:31.000Z,00QP500000vC9UzMAK,NL,0127Q000000upr9QAA,Status,Follow-up,Appointment
2026-09-14T12:55:37.000Z,00QP500000vE7s9MAC,NL,0127Q000000upr9QAA,Status,New,Follow-up
2026-09-14T12:51:45.000Z,00QQD00000AQIpD2AX,NL,0127Q000000upr9QAA,Status,Re-entered - Phone Number Changed,Follow-up
2026-09-14T12:51:23.000Z,00QP500000v5bUQMAY,NL,0127Q000000upr9QAA,Status,Not reached,Lost
2026-09-14T12:51:10.000Z,00QP500000uNGYXMA4,NL,0127Q000000upr9QAA,Status,Follow-up,Appointment
2026-09-14T12:49:18.000Z,00QP500000v8uYtMAI,BE,0127Q000000eERIQA2,Status,Not reached,Appointment
2026-09-14T12:46:23.000Z,00QP500000uJ0TvMAK,NL,0127Q000000upr9QAA,Status,Follow-up,Mailjourney
2026-09-14T12:45:39.000Z,00QP500000uIEibMAG,NL,0127Q000000upr9QAA,Status,Follow-up,Mailjourney
2026-09-14T12:43:31.000Z,00QQD00000ZGoAU2A1,BE,0127Q000000eERIQA2,Status,Follow-up,Mailjourney
2026-09-14T12:43:13.000Z,00QQD00000AQRyp2AH,NL,0127Q000000upr9QAA,Status,Re-entered,Not reached
2026-09-14T12:41:29.000Z,00QP500000vEe9oMAC,NL,0127Q000000upr9QAA,Status,New,Appointment
2026-09-14T12:41:10.000Z,00QQD00000ZGhdW2AT,BE,0127Q000000eERIQA2,Status,Follow-up,Mailjourney
2026-09-14T12:40:35.000Z,00QQD00000bCEcz2AG,NL,0127Q000000upr9QAA,Status,Re-entered,Not Qualified
2026-09-14T12:38:57.000Z,00QP500000vETFuMAO,NL,0127Q000000upr9QAA,Status,New,Appointment
2026-09-14T12:37:49.000Z,00QP500000v9kETMAY,BE,0127Q000000eERIQA2,Status,Not reached,Follow-up
2026-09-14T12:30:33.000Z,00QQD00000cU1wr2AC,NL,0127Q000000upr9QAA,Status,Not reached,Not Qualified
2026-09-14T12:29:11.000Z,00QP500000vEOT7MAO,NL,0127Q000000upr9QAA,Status,New,Follow-up
2026-09-14T12:28:24.000Z,00QP500000vDuq7MAC,BE,0127Q000000eERIQA2,Status,New,Follow-up
2026-09-14T12:23:55.000Z,00QP500000uD5zJMAS,NL,0127Q000000upr9QAA,Status,Follow-up,Mailjourney
2026-09-14T12:23:10.000Z,00QP500000vDROGMA4,BE,0127Q000000eERIQA2,Status,New,Not reached
2026-09-14T12:22:47.000Z,00QP500000uCsFjMAK,NL,0127Q000000upr9QAA,Status,Follow-up,Lost
2026-09-14T12:22:22.000Z,00QP500000vEHWaMAO,BE,0127Q000000eERIQA2,Status,New,Appointment
2026-09-14T12:21:55.000Z,00QP500000vEX1iMAG,NL,0127Q000000upr9QAA,Status,New,Appointment
2026-09-14T12:20:38.000Z,00QP500000vDz6aMAC,NL,0127Q000000upr9QAA,Status,New,Lost
2026-09-14T12:19:45.000Z,00QP500000uAXfCMAW,NL,0127Q000000upr9QAA,Status,Follow-up,Mailjourney
2026-09-14T12:19:03.000Z,00QP500000vCiNsMAK,NL,0127Q000000upr9QAA,Status,Not reached,Follow-up
2026-09-14T12:17:26.000Z,00QP500000v1ciOMAQ,NL,0127Q000000upr9QAA,Status,Not reached,Mailjourney
2026-09-14T12:16:46.000Z,00QP500000vCwXSMA0,NL,0127Q000000upr9QAA,Status,Not reached,Mailjourney
2026-09-14T12:14:29.000Z,00QP500000vD1ISMA0,NL,0127Q000000upr9QAA,Status,New,Mailjourney
2026-09-14T12:11:48.000Z,00QP500000v83oEMAQ,NL,0127Q000000upr9QAA,Status,Not reached,Appointment
2026-09-14T12:11:28.000Z,00QP500000vDH77MAG,BE,0127Q000000eERIQA2,Status,New,Appointment
2026-09-14T12:07:57.000Z,00QP500000vEUwfMAG,NL,0127Q000000upr9QAA,Status,New,Not reached
2026-09-14T11:59:56.000Z,00QP500000v28qIMAQ,NL,0127Q000000upr9QAA,Status,Not reached,Brochure
2026-09-14T11:59:49.000Z,00QP500000v4kebMAA,NL,0127Q000000upr9QAA,Status,Not reached,Follow-up
2026-09-14T11:59:31.000Z,00QP500000v2p0oMAA,NL,0127Q000000upr9QAA,Status,Not reached,Appointment
2026-09-14T11:58:32.000Z,00QP500000vEAjTMAW,BE,0127Q000000eERIQA2,Status,New,Not reached
2026-09-14T11:57:59.000Z,00QQD00000bCEcz2AG,NL,0127Q000000upr9QAA,Status,Mailjourney,Re-entered
2026-09-14T11:55:45.000Z,00QP500000uO3hGMAS,BE,0127Q000000eERIQA2,Status,Follow-up,Lost
2026-09-14T11:54:19.000Z,00QQD00000AQIpD2AX,NL,0127Q000000upr9QAA,Status,Not reached,Re-entered - Phone Number Changed
2026-09-14T11:54:17.000Z,00QP500000v6gwlMAA,NL,0127Q000000upr9QAA,Status,Not reached,Follow-up
2026-09-14T11:52:57.000Z,00QP500000v8uDtMAI,NL,0127Q000000upr9QAA,Status,Not reached,Follow-up
2026-09-14T11:52:05.000Z,00QQD00000AQHO22AP,NL,0127Q000000upr9QAA,Status,Follow-up,Mailjourney
2026-09-14T11:51:15.000Z,00QQD00000AQRyp2AH,NL,0127Q000000upr9QAA,Status,Mailjourney,Re-entered
2026-09-14T11:50:49.000Z,00QP500000v5loiMAA,NL,0127Q000000upr9QAA,Status,Not reached,Appointment
2026-09-14T11:50:12.000Z,00QQD00000boAdC2AU,NL,0127Q000000upr9QAA,Status,Mailjourney,Appointment
2026-09-14T11:50:10.000Z,00QP500000t4bAzMAI,NL,0127Q000000upr9QAA,Status,Mailjourney,Re-entered
2026-09-14T11:50:00.000Z,00QP500000vEcFvMAK,BE,0127Q000000eERIQA2,Status,New,Appointment
2026-09-14T11:49:57.000Z,00QP500000ubH6TMAU,NL,0127Q000000upr9QAA,Status,Follow-up,Mailjourney
2026-09-14T11:49:06.000Z,00QP500000tnKp7MAE,NL,0127Q000000upr9QAA,Status,Follow-up,Lost
2026-09-14T11:45:40.000Z,00QP500000vE2ncMAC,BE,0127Q000000eERIQA2,Status,New,Follow-up
2026-09-14T11:45:28.000Z,00QP500000tnCekMAE,NL,0127Q000000upr9QAA,Status,Follow-up,Lost
2026-09-14T11:45:19.000Z,00QP500000vEQ3UMAW,NL,0127Q000000upr9QAA,Status,New,Mailjourney
2026-09-14T11:43:55.000Z,00QQD00000AQGkH2AX,NL,0127Q000000upr9QAA,Status,Re-entered,Mailjourney
2026-09-14T11:43:12.000Z,00QP500000v8mA3MAI,NL,0127Q000000upr9QAA,Status,Not reached,Not Qualified
2026-09-14T11:38:52.000Z,00QP500000vEFO9MAO,NL,0127Q000000upr9QAA,Status,New,Not reached
2026-09-14T11:37:07.000Z,00QP500000vDcpqMAC,BE,0127Q000000eERIQA2,Status,Not reached,Appointment
2026-09-14T11:36:59.000Z,00QP500000v9m4cMAA,NL,0127Q000000upr9QAA,Status,Not reached,Follow-up
2026-09-14T11:35:12.000Z,00QQD00000ZH2Oo2AL,BE,0127Q000000eERIQA2,Status,Follow-up,Lost
2026-09-14T11:35:08.000Z,00QP500000vDy5ZMAS,NL,0127Q000000upr9QAA,Status,New,Appointment
2026-09-14T11:33:25.000Z,00QP500000v5rqwMAA,BE,0127Q000000eERIQA2,Status,Not reached,Mailjourney
2026-09-14T11:33:15.000Z,00QP500000v5lLfMAI,BE,0127Q000000eERIQA2,Status,Follow-up,Not reached
2026-09-14T11:33:13.000Z,00QP500000uOcISMA0,BE,0127Q000000eERIQA2,Status,Follow-up,Mailjourney
2026-09-14T11:32:53.000Z,00QP500000uITXyMAO,BE,0127Q000000eERIQA2,Status,Follow-up,Lost
2026-09-14T11:29:56.000Z,00QP500000uu2wYMAQ,BE,0127Q000000eERIQA2,Status,Not reached,Mailjourney
2026-09-14T11:29:13.000Z,00QP500000rMkgnMAC,BE,0127Q000000eERIQA2,Status,Follow-up,Mailjourney
2026-09-14T11:28:48.000Z,00QP500000usXDFMA2,BE,0127Q000000eERIQA2,Status,Not reached,Mailjourney
2026-09-14T11:27:28.000Z,00QQD00000caF132AE,NL,0127Q000000upr9QAA,Status,Follow-up,Mailjourney
2026-09-14T11:26:11.000Z,00QP500000uZ7eHMAS,NL,0127Q000000upr9QAA,Status,Follow-up,Mailjourney
2026-09-14T11:25:55.000Z,00QP500000vCabkMAC,BE,0127Q000000eERIQA2,Status,Follow-up,Appointment
2026-09-14T11:25:31.000Z,00QP500000vEXMfMAO,BE,0127Q000000eERIQA2,Status,New,Not reached
2026-09-14T11:25:06.000Z,00QP500000u68U6MAI,NL,0127Q000000upr9QAA,Status,Follow-up,Mailjourney
2026-09-14T11:10:13.000Z,00QP500000v9W4uMAE,BE,0127Q000000eERIQA2,Status,Re-entered,Appointment
2026-09-14T10:56:53.000Z,00QP500000vDemyMAC,BE,0127Q000000eERIQA2,Status,New,Appointment
2026-09-14T10:49:24.000Z,00QP500000v5A7oMAE,NL,0127Q000000upr9QAA,Status,Not reached,Follow-up
2026-09-14T10:44:55.000Z,00QP500000vDUvZMAW,NL,0127Q000000upr9QAA,Status,New,Not reached
2026-09-14T10:44:17.000Z,00QP500000vBijRMAS,NL,0127Q000000upr9QAA,Status,New,Not Qualified
2026-09-14T10:41:38.000Z,00QP500000vBeW7MAK,NL,0127Q000000upr9QAA,Status,New,Appointment
2026-09-14T10:40:08.000Z,00QP500000vDlbOMAS,BE,0127Q000000eERIQA2,Status,New,Not reached
2026-09-14T10:30:52.000Z,00QP500000vCU8FMAW,NL,0127Q000000upr9QAA,Status,New,Appointment
2026-09-14T10:29:18.000Z,00QP500000vCVLoMAO,NL,0127Q000000upr9QAA,Status,New,Not reached
2026-09-14T10:23:02.000Z,00QQD00000AQJ872AH,NL,0127Q000000upr9QAA,Status,Mailjourney,Re-entered
2026-09-14T10:21:02.000Z,00QP500000vCRreMAG,NL,0127Q000000upr9QAA,Status,New,Appointment
2026-09-14T10:17:56.000Z,00QP500000uWtCQMA0,NL,0127Q000000upr9QAA,Status,Re-entered,Follow-up
2026-09-14T10:15:39.000Z,00QP500000vCg9FMAS,BE,0127Q000000eERIQA2,Status,New,Follow-up
2026-09-14T10:15:34.000Z,00QQD00000ZGxX72AL,BE,0127Q000000eERIQA2,Status,Follow-up,Mailjourney
2026-09-14T10:13:45.000Z,00QQD00000ZGq2H2AT,BE,0127Q000000eERIQA2,Status,Follow-up,Mailjourney
2026-09-14T10:12:59.000Z,00QP500000v9W4uMAE,BE,0127Q000000eERIQA2,Status,Not reached,Re-entered
2026-09-14T10:10:26.000Z,00QP500000vCTH5MAO,NL,0127Q000000upr9QAA,Status,New,Follow-up
2026-09-14T10:09:39.000Z,00QP500000vDcpqMAC,BE,0127Q000000eERIQA2,Status,New,Not reached
2026-09-14T10:09:35.000Z,00QP500000vCPt8MAG,NL,0127Q000000upr9QAA,Status,New,Not reached
2026-09-14T10:09:22.000Z,00QP500000vA32bMAC,NL,0127Q000000upr9QAA,Status,New,Not Qualified
2026-09-14T10:08:42.000Z,00QQD00000V1LWo2AN,NL,0127Q000000upr9QAA,Status,Re-entered,Mailjourney
2026-09-14T10:07:57.000Z,00QQD00000TSxIz2AL,NL,0127Q000000upr9QAA,Status,Re-entered,Not Qualified
2026-09-14T10:07:51.000Z,00QP500000vBesiMAC,NL,0127Q000000upr9QAA,Status,New,Not Qualified
2026-09-14T10:07:35.000Z,00QP500000vBsAmMAK,NL,0127Q000000upr9QAA,Status,New,Brochure
2026-09-14T10:07:04.000Z,00QP500000v9Vi5MAE,NL,0127Q000000upr9QAA,Status,Re-entered - Phone Number Changed,Not reached
2026-09-14T10:06:15.000Z,00QP500000vDiVSMA0,BE,0127Q000000eERIQA2,Status,New,Follow-up
2026-09-14T10:03:43.000Z,00QQD00000cU1wr2AC,NL,0127Q000000upr9QAA,Status,New,Not reached
2026-09-14T10:02:05.000Z,00QP500000vCiNsMAK,NL,0127Q000000upr9QAA,Status,New,Not reached
2026-09-14T10:01:46.000Z,00QP500000vBZubMAG,NL,0127Q000000upr9QAA,Status,New,Appointment
2026-09-14T09:58:59.000Z,00QQD00000AQKlA2AX,NL,0127Q000000upr9QAA,Status,Re-entered,Not reached
2026-09-14T09:58:55.000Z,00QP500000vDr45MAC,BE,0127Q000000eERIQA2,Status,New,Appointment
2026-09-14T09:58:00.000Z,00QP500000vDjL3MAK,NL,0127Q000000upr9QAA,Status,New,Appointment
2026-09-14T09:57:40.000Z,00QP500000vBUutMAG,NL,0127Q000000upr9QAA,Status,New,Not reached
2026-09-14T09:56:57.000Z,00QQD00000AQ0LY2A1,NL,0127Q000000upr9QAA,Status,Re-entered,Lost
2026-09-14T09:56:18.000Z,00QP500000vBv5SMAS,NL,0127Q000000upr9QAA,Status,New,Follow-up
2026-09-14T09:55:00.000Z,00QP500000ugV5ZMAU,NL,0127Q000000upr9QAA,Status,Follow-up,Appointment
2026-09-14T09:53:31.000Z,00QQD00000APwvo2AD,NL,0127Q000000upr9QAA,Status,Re-entered,Appointment
2026-09-14T09:47:58.000Z,00QP500000t3JGBMA2,BE,0127Q000000eERIQA2,Status,Follow-up,Appointment
2026-09-14T09:46:15.000Z,00QP500000vCzOmMAK,BE,0127Q000000eERIQA2,Status,New,Appointment
2026-09-14T09:46:10.000Z,00QP500000v9gKPMAY,NL,0127Q000000upr9QAA,Status,New,Appointment
2026-09-14T09:45:39.000Z,00QQD00000WNBjV2AX,NL,0127Q000000upr9QAA,Status,Re-entered,Mailjourney
2026-09-14T09:44:59.000Z,00QP500000v99HmMAI,BE,0127Q000000eERIQA2,Status,Not reached,Not Qualified
2026-09-14T09:43:28.000Z,00QP500000vDC7QMAW,NL,0127Q000000upr9QAA,Status,New,Not reached
2026-09-14T09:43:12.000Z,00QQD00000OwYRh2AN,NL,0127Q000000upr9QAA,Status,Re-entered,Not reached
2026-09-14T09:41:05.000Z,00QQD00000DPgHV2A1,NL,0127Q000000upr9QAA,Status,Brochure,Mailjourney
2026-09-14T09:40:27.000Z,00QQD00000AQQ3Y2AX,NL,0127Q000000upr9QAA,Status,Re-entered,Not reached
2026-09-14T09:40:25.000Z,00QP500000v517XMAQ,NL,0127Q000000upr9QAA,Status,Brochure,Follow-up
2026-09-14T09:40:25.000Z,00QP500000v9bVwMAI,NL,0127Q000000upr9QAA,Status,Brochure,Follow-up
2026-09-14T09:40:25.000Z,00QP500000v5bMPMAY,NL,0127Q000000upr9QAA,Status,Brochure,Follow-up
2026-09-14T09:40:25.000Z,00QQD00000AQAzZ2AX,NL,0127Q000000upr9QAA,Status,Brochure,Follow-up
2026-09-14T09:40:25.000Z,00QP500000v8mZrMAI,NL,0127Q000000upr9QAA,Status,Brochure,Follow-up
2026-09-14T09:40:25.000Z,00QP500000v4tGdMAI,NL,0127Q000000upr9QAA,Status,Brochure,Follow-up
2026-09-14T09:40:25.000Z,00QP500000v9F5cMAE,NL,0127Q000000upr9QAA,Status,Brochure,Follow-up
2026-09-14T09:40:25.000Z,00QP500000v99xpMAA,NL,0127Q000000upr9QAA,Status,Brochure,Follow-up
2026-09-14T09:39:39.000Z,00QP500000vCwXSMA0,NL,0127Q000000upr9QAA,Status,New,Not reached
2026-09-14T09:39:36.000Z,00QP500000rjD4KMAU,NL,0127Q000000upr9QAA,Status,Follow-up,Mailjourney
2026-09-14T09:38:36.000Z,00QQD00000APudg2AD,NL,0127Q000000upr9QAA,Status,Re-entered,Not reached
2026-09-14T09:38:02.000Z,00QQD00000cU1wr2AC,NL,0127Q000000upr9QAA,Status,Re-entered,New
2026-09-14T09:37:21.000Z,00QP500000vA0cVMAS,NL,0127Q000000upr9QAA,Status,New,Not reached
2026-09-14T09:36:56.000Z,00QQD00000APxeB2AT,NL,0127Q000000upr9QAA,Status,Re-entered,Mailjourney
2026-09-14T09:36:24.000Z,00QQD00000ZGtTW2A1,BE,0127Q000000eERIQA2,Status,Not reached,Follow-up
2026-09-14T09:35:52.000Z,00QP500000v9m4cMAA,NL,0127Q000000upr9QAA,Status,New,Not reached
2026-09-14T09:35:07.000Z,00QP500000v9dRLMAY,NL,0127Q000000upr9QAA,Status,New,Mailjourney
2026-09-14T09:34:03.000Z,00QP500000v9ctPMAQ,NL,0127Q000000upr9QAA,Status,Not reached,Appointment
2026-09-14T09:33:22.000Z,00QP500000v9F5cMAE,NL,0127Q000000upr9QAA,Status,New,Brochure
2026-09-14T09:31:28.000Z,00QP500000v99HmMAI,BE,0127Q000000eERIQA2,Status,New,Not reached
2026-09-14T09:30:36.000Z,00QP500000v9kETMAY,BE,0127Q000000eERIQA2,Status,New,Not reached
2026-09-14T09:30:33.000Z,00QQD00000AQAA12AP,NL,0127Q000000upr9QAA,Status,Re-entered,Not reached
2026-09-14T09:30:13.000Z,00QP500000vDI1XMAW,NL,0127Q000000upr9QAA,Status,New,Appointment
2026-09-14T09:29:45.000Z,00QP500000vA9e6MAC,BE,0127Q000000eERIQA2,Status,New,Mailjourney
2026-09-14T09:29:42.000Z,00QP500000v9wVkMAI,NL,0127Q000000upr9QAA,Status,New,Mailjourney
2026-09-14T09:28:55.000Z,00QP500000v5UZTMA2,NL,0127Q000000upr9QAA,Status,Not reached,Mailjourney
2026-09-14T09:28:19.000Z,00QP500000v980zMAA,NL,0127Q000000upr9QAA,Status,New,Not reached
2026-09-14T09:28:18.000Z,00QP500000v9IONMA2,NL,0127Q000000upr9QAA,Status,New,Not reached
2026-09-14T09:27:26.000Z,00QP500000vCIeoMAG,NL,0127Q000000upr9QAA,Status,New,Mailjourney
2026-09-14T09:27:10.000Z,00QP500000v9LXYMA2,NL,0127Q000000upr9QAA,Status,New,Appointment
2026-09-14T09:26:58.000Z,00QP500000v8uYtMAI,BE,0127Q000000eERIQA2,Status,New,Not reached
2026-09-14T09:25:40.000Z,00QP500000vCxjXMAS,NL,0127Q000000upr9QAA,Status,New,Appointment
2026-09-14T09:25:37.000Z,00QP500000v5cv4MAA,NL,0127Q000000upr9QAA,Status,New,Not reached
2026-09-14T09:25:28.000Z,00QQD00000ZGtTW2A1,BE,0127Q000000eERIQA2,Status,Re-entered,Not reached
2026-09-14T09:24:41.000Z,00QP500000v5T5OMAU,NL,0127Q000000upr9QAA,Status,New,Not reached
2026-09-14T09:23:02.000Z,00QP500000v7ncfMAA,NL,0127Q000000upr9QAA,Status,New,Not reached
2026-09-14T09:22:06.000Z,00QP500000v4LRdMAM,NL,0127Q000000upr9QAA,Status,New,Mailjourney
2026-09-14T09:21:57.000Z,00QP500000v9ctPMAQ,NL,0127Q000000upr9QAA,Status,New,Not reached
2026-09-14T09:21:15.000Z,00QQD00000ZGzsb2AD,BE,0127Q000000eERIQA2,Status,Re-entered,Mailjourney
2026-09-14T09:20:58.000Z,00QP500000v9s27MAA,NL,0127Q000000upr9QAA,Status,New,Appointment
2026-09-14T09:20:33.000Z,00QP500000v8i6TMAQ,NL,0127Q000000upr9QAA,Status,New,Mailjourney
2026-09-14T09:19:57.000Z,00QP500000v8hruMAA,BE,0127Q000000eERIQA2,Status,New,Not reached
2026-09-14T09:19:04.000Z,00QP500000v8dUzMAI,NL,0127Q000000upr9QAA,Status,Re-entered - Phone Number Changed,Appointment
2026-09-14T09:18:50.000Z,00QP500000v8dLFMAY,BE,0127Q000000eERIQA2,Status,New,Not reached
2026-09-14T09:18:44.000Z,00QP500000v5D8iMAE,NL,0127Q000000upr9QAA,Status,New,Appointment
2026-09-14T09:17:32.000Z,00QQD00000ZFGzK2AX,BE,0127Q000000eERIQA2,Status,Re-entered,Follow-up
2026-09-14T09:16:50.000Z,00QQD00000ZFySD2A1,BE,0127Q000000eERIQA2,Status,Re-entered,Mailjourney
2026-09-14T09:16:02.000Z,00QP500000v8w4VMAQ,NL,0127Q000000upr9QAA,Status,New,Follow-up
2026-09-14T09:14:44.000Z,00QP500000v8yz3MAA,NL,0127Q000000upr9QAA,Status,New,Not reached
2026-09-14T09:14:32.000Z,00QP500000v9gYiMAI,BE,0127Q000000eERIQA2,Status,New,Not reached
2026-09-14T09:14:12.000Z,00QP500000v9q6lMAA,NL,0127Q000000upr9QAA,Status,New,Not reached
2026-09-14T09:13:38.000Z,00QP500000v83oEMAQ,NL,0127Q000000upr9QAA,Status,New,Not reached
2026-09-14T09:13:02.000Z,00QP500000v9gKQMAY,BE,0127Q000000eERIQA2,Status,New,Mailjourney
2026-09-14T09:12:41.000Z,00QP500000v9g8tMAA,NL,0127Q000000upr9QAA,Status,New,Not reached
2026-09-14T09:12:22.000Z,00QP500000v6gQUMAY,NL,0127Q000000upr9QAA,Status,New,Not Qualified
2026-09-14T09:11:28.000Z,00QP500000v6WsRMAU,NL,0127Q000000upr9QAA,Status,New,Follow-up
2026-09-14T09:11:20.000Z,00QP500000v8zlYMAQ,NL,0127Q000000upr9QAA,Status,New,Appointment
2026-09-14T09:09:54.000Z,00QP500000v9W4uMAE,BE,0127Q000000eERIQA2,Status,New,Not reached
2026-09-14T09:06:08.000Z,00QP500000v9F5bMAE,NL,0127Q000000upr9QAA,Status,New,Appointment
2026-09-14T09:05:12.000Z,00QP500000tTZKUMA4,BE,0127Q000000eERIQA2,Status,Re-entered,Appointment
2026-09-14T09:04:54.000Z,00QP500000v5icPMAQ,NL,0127Q000000upr9QAA,Status,New,Appointment
2026-09-14T09:04:14.000Z,00QP500000v8TdcMAE,NL,0127Q000000upr9QAA,Status,New,Not reached
2026-09-14T09:03:44.000Z,00QP500000v8dUzMAI,NL,0127Q000000upr9QAA,Status,Mailjourney,Re-entered - Phone Number Changed
2026-09-14T09:02:47.000Z,00QP500000v8SeVMAU,NL,0127Q000000upr9QAA,Status,New,Not reached
2026-09-14T09:01:40.000Z,00QP500000v7PyaMAE,NL,0127Q000000upr9QAA,Status,New,Not reached
2026-09-14T09:01:18.000Z,00QP500000vCeQoMAK,NL,0127Q000000upr9QAA,Status,New,Appointment
2026-09-14T09:00:40.000Z,00QP500000v8CUjMAM,BE,0127Q000000eERIQA2,Status,New,Mailjourney
2026-09-14T09:00:17.000Z,00QP500000v90L5MAI,BE,0127Q000000eERIQA2,Status,New,Appointment
2026-09-14T08:59:00.000Z,00QP500000v8yKyMAI,NL,0127Q000000upr9QAA,Status,New,Follow-up
2026-09-14T08:58:07.000Z,00QP500000v8VPDMA2,BE,0127Q000000eERIQA2,Status,New,Follow-up
2026-09-14T08:58:05.000Z,00QP500000v87OXMAY,BE,0127Q000000eERIQA2,Status,New,Not reached
2026-09-14T08:57:43.000Z,00QP500000v6YEJMA2,NL,0127Q000000upr9QAA,Status,New,Appointment
2026-09-14T08:57:13.000Z,00QP500000vC09tMAC,BE,0127Q000000eERIQA2,Status,New,Not reached
2026-09-14T08:57:06.000Z,00QP500000uWbloMAC,NL,0127Q000000upr9QAA,Status,Follow-up,Appointment
2026-09-14T08:56:56.000Z,00QP500000vBRvTMAW,BE,0127Q000000eERIQA2,Status,New,Not reached
2026-09-14T08:55:16.000Z,00QP500000vAH2bMAG,BE,0127Q000000eERIQA2,Status,New,Not reached
2026-09-14T08:54:25.000Z,00QP500000v5norMAA,BE,0127Q000000eERIQA2,Status,New,Not reached
2026-09-14T08:54:02.000Z,00QP500000v8dUzMAI,NL,0127Q000000upr9QAA,Status,Not reached,Mailjourney
2026-09-14T08:53:57.000Z,00QP500000v8dUzMAI,NL,0127Q000000upr9QAA,Status,New,Not reached
2026-09-14T08:53:08.000Z,00QP500000v9BqCMAU,BE,0127Q000000eERIQA2,Status,New,Not reached
2026-09-14T08:52:57.000Z,00QP500000vCIlEMAW,BE,0127Q000000eERIQA2,Status,Not Qualified,Appointment
2026-09-14T08:52:26.000Z,00QP500000v8syWMAQ,NL,0127Q000000upr9QAA,Status,New,Appointment
2026-09-14T08:51:54.000Z,00QP500000v5Y3aMAE,NL,0127Q000000upr9QAA,Status,New,Mailjourney
2026-09-14T08:51:48.000Z,00QP500000v8dumMAA,NL,0127Q000000upr9QAA,Status,New,Appointment
2026-09-14T08:51:14.000Z,00QP500000v92hnMAA,BE,0127Q000000eERIQA2,Status,New,Not Qualified
2026-09-14T08:50:18.000Z,00QP500000vCIlEMAW,BE,0127Q000000eERIQA2,Status,New,Not Qualified
2026-09-14T08:50:04.000Z,00QP500000v6y5XMAQ,BE,0127Q000000eERIQA2,Status,New,Appointment
2026-09-14T08:49:50.000Z,00QP500000v9pkFMAQ,BE,0127Q000000eERIQA2,Status,New,Mailjourney
2026-09-14T08:48:40.000Z,00QP500000v8r4oMAA,BE,0127Q000000eERIQA2,Status,New,Follow-up
2026-09-14T08:48:17.000Z,00QP500000v55WFMAY,NL,0127Q000000upr9QAA,Status,New,Not reached
2026-09-14T08:47:38.000Z,00QP500000v5J7eMAE,NL,0127Q000000upr9QAA,Status,New,Not reached
2026-09-14T08:45:35.000Z,00QP500000v8HaoMAE,NL,0127Q000000upr9QAA,Status,New,Appointment
2026-09-14T08:44:22.000Z,00QQD00000AQLrP2AX,NL,0127Q000000upr9QAA,Status,Re-entered,Not Qualified
2026-09-14T08:43:58.000Z,00QP500000v4kebMAA,NL,0127Q000000upr9QAA,Status,New,Not reached
2026-09-14T08:43:56.000Z,00QP500000vD5FcMAK,NL,0127Q000000upr9QAA,Status,New,Appointment
2026-09-14T08:43:04.000Z,00QQD00000APyQf2AL,NL,0127Q000000upr9QAA,Status,Re-entered,Not reached
2026-09-14T08:42:52.000Z,00QP500000v2muAMAQ,NL,0127Q000000upr9QAA,Status,New,Not reached
2026-09-14T08:41:47.000Z,00QP500000tqQbSMAU,NL,0127Q000000upr9QAA,Status,Not reached,Mailjourney
2026-09-14T08:41:15.000Z,00QP500000tqQbSMAU,NL,0127Q000000upr9QAA,Status,Re-entered,Not reached
2026-09-14T08:41:14.000Z,00QP500000v13XlMAI,NL,0127Q000000upr9QAA,Status,New,Follow-up
2026-09-14T08:39:52.000Z,00QP500000v9cwaMAA,NL,0127Q000000upr9QAA,Status,New,Not reached
2026-09-14T08:38:13.000Z,00QP500000v8nqvMAA,BE,0127Q000000eERIQA2,Status,New,Appointment
2026-09-14T08:37:43.000Z,00QP500000v64WVMAY,NL,0127Q000000upr9QAA,Status,New,Appointment
2026-09-14T08:35:23.000Z,00QQD00000ZGgJC2A1,BE,0127Q000000eERIQA2,Status,Not reached,Appointment
2026-09-14T08:35:19.000Z,00QP500000v5f1rMAA,BE,0127Q000000eERIQA2,Status,New,Not Qualified
2026-09-14T08:35:05.000Z,00QP500000v5cv3MAA,NL,0127Q000000upr9QAA,Status,New,Not reached
2026-09-14T08:34:10.000Z,00QQD00000bIkKG2A0,NL,0127Q000000upr9QAA,Status,Re-entered,Not reached
2026-09-14T08:33:04.000Z,00QQD00000IadQk2AJ,NL,0127Q000000upr9QAA,Status,Re-entered,Mailjourney
2026-09-14T08:31:44.000Z,00QQD00000AQIpD2AX,NL,0127Q000000upr9QAA,Status,Re-entered,Not reached
2026-09-14T08:30:29.000Z,00QQD00000AQAzZ2AX,NL,0127Q000000upr9QAA,Status,Re-entered,Brochure
2026-09-14T08:30:15.000Z,00QP500000v2dcMMAQ,NL,0127Q000000upr9QAA,Status,New,Not reached
2026-09-14T08:30:06.000Z,00QP500000v8nHJMAY,BE,0127Q000000eERIQA2,Status,New,Appointment
2026-09-14T08:30:05.000Z,00QP500000v5bKnMAI,NL,0127Q000000upr9QAA,Status,New,Not Qualified
2026-09-14T08:28:39.000Z,00QP500000v28qIMAQ,NL,0127Q000000upr9QAA,Status,New,Not reached
2026-09-14T08:27:59.000Z,00QP500000v5loiMAA,NL,0127Q000000upr9QAA,Status,New,Not reached
2026-09-14T08:27:26.000Z,00QP500000v8bHiMAI,BE,0127Q000000eERIQA2,Status,New,Mailjourney
2026-09-14T08:26:43.000Z,00QP500000v7ZmlMAE,BE,0127Q000000eERIQA2,Status,New,Lost
2026-09-14T08:26:33.000Z,00QQD00000AQ8bN2AT,NL,0127Q000000upr9QAA,Status,Re-entered,Lost
2026-09-14T08:26:25.000Z,00QP500000vCruAMAS,NL,0127Q000000upr9QAA,Status,New,Appointment
2026-09-14T08:26:24.000Z,00QP500000v51ymMAA,BE,0127Q000000eERIQA2,Status,New,Not reached
2026-09-14T08:25:18.000Z,00QP500000v8TSMMA2,BE,0127Q000000eERIQA2,Status,New,Appointment
2026-09-14T08:24:57.000Z,00QP500000v8BTqMAM,NL,0127Q000000upr9QAA,Status,New,Not Qualified
2026-09-14T08:24:33.000Z,00QP500000v5SNqMAM,NL,0127Q000000upr9QAA,Status,New,Appointment
2026-09-14T08:24:26.000Z,00QP500000v8hrtMAA,BE,0127Q000000eERIQA2,Status,New,Not reached
2026-09-14T08:23:36.000Z,00QP500000v4URmMAM,BE,0127Q000000eERIQA2,Status,New,Appointment
2026-09-14T08:22:53.000Z,00QP500000v8bWIMAY,BE,0127Q000000eERIQA2,Status,New,Not reached
2026-09-14T08:22:20.000Z,00QP500000v6EahMAE,BE,0127Q000000eERIQA2,Status,New,Appointment
2026-09-14T08:22:04.000Z,00QP500000v6GcOMAU,NL,0127Q000000upr9QAA,Status,New,Not reached
2026-09-14T08:21:21.000Z,00QP500000v9Vi5MAE,NL,0127Q000000upr9QAA,Status,Not reached,Re-entered - Phone Number Changed
2026-09-14T08:21:08.000Z,00QP500000v6DeaMAE,NL,0127Q000000upr9QAA,Status,New,Mailjourney
2026-09-14T08:19:51.000Z,00QP500000v9bB3MAI,NL,0127Q000000upr9QAA,Status,New,Appointment
2026-09-14T08:19:26.000Z,00QP500000v5bUQMAY,NL,0127Q000000upr9QAA,Status,New,Not reached
2026-09-14T08:18:16.000Z,00QP500000v5MqUMAU,NL,0127Q000000upr9QAA,Status,New,Not reached
2026-09-14T08:17:00.000Z,00QP500000v56opMAA,NL,0127Q000000upr9QAA,Status,New,Not reached
2026-09-14T08:16:57.000Z,00QP500000vC9UzMAK,NL,0127Q000000upr9QAA,Status,New,Follow-up
2026-09-14T08:15:59.000Z,00QP500000v9Df6MAE,BE,0127Q000000eERIQA2,Status,New,Not reached
2026-09-14T08:15:25.000Z,00QP500000v5lLfMAI,BE,0127Q000000eERIQA2,Status,New,Follow-up
2026-09-14T08:15:12.000Z,00QP500000v68mwMAA,BE,0127Q000000eERIQA2,Status,New,Follow-up
2026-09-14T08:13:39.000Z,00QP500000v4h48MAA,BE,0127Q000000eERIQA2,Status,New,Not Qualified
2026-09-14T08:13:09.000Z,00QP500000v8AshMAE,BE,0127Q000000eERIQA2,Status,New,Follow-up
2026-09-14T08:12:36.000Z,00QP500000vC3ZIMA0,BE,0127Q000000eERIQA2,Status,New,Appointment
2026-09-14T08:12:16.000Z,00QP500000v2pX9MAI,NL,0127Q000000upr9QAA,Status,New,Mailjourney
2026-09-14T08:12:02.000Z,00QP500000v8uDtMAI,NL,0127Q000000upr9QAA,Status,New,Not reached
2026-09-14T08:11:43.000Z,00QP500000v43uaMAA,BE,0127Q000000eERIQA2,Status,New,Not reached
2026-09-14T08:10:33.000Z,00QP500000v4Q6TMAU,BE,0127Q000000eERIQA2,Status,New,Not Qualified
2026-09-14T08:10:20.000Z,00QP500000v6p8gMAA,NL,0127Q000000upr9QAA,Status,New,Not reached
2026-09-14T08:10:12.000Z,00QQD00000AQb082AD,NL,0127Q000000upr9QAA,Status,Mailjourney,Appointment
2026-09-14T08:09:32.000Z,00QP500000v2UveMAE,BE,0127Q000000eERIQA2,Status,New,Not reached
2026-09-14T08:09:14.000Z,00QP500000v6amRMAQ,NL,0127Q000000upr9QAA,Status,New,Follow-up
2026-09-14T08:08:42.000Z,00QP500000v4po2MAA,NL,0127Q000000upr9QAA,Status,New,Appointment
2026-09-14T08:08:31.000Z,00QP500000v4ff7MAA,NL,0127Q000000upr9QAA,Status,New,Not reached
2026-09-14T08:08:27.000Z,00QP500000v2glfMAA,BE,0127Q000000eERIQA2,Status,New,Not Qualified
2026-09-14T08:08:05.000Z,00QP500000v8zOsMAI,NL,0127Q000000upr9QAA,Status,New,Follow-up
2026-09-14T08:07:47.000Z,00QP500000vCVjzMAG,BE,0127Q000000eERIQA2,Status,New,Appointment
2026-09-14T08:05:37.000Z,00QP500000v4tGdMAI,NL,0127Q000000upr9QAA,Status,New,Brochure
2026-09-14T08:05:28.000Z,00QP500000v1TiJMAU,BE,0127Q000000eERIQA2,Status,New,Not Qualified
2026-09-14T08:04:32.000Z,00QQD00000DPgHV2A1,NL,0127Q000000upr9QAA,Status,Mailjourney,Brochure
2026-09-14T08:03:42.000Z,00QP500000v5bMPMAY,NL,0127Q000000upr9QAA,Status,New,Brochure
2026-09-14T08:03:22.000Z,00QP500000v2VgPMAU,BE,0127Q000000eERIQA2,Status,New,Not Qualified
2026-09-14T08:02:40.000Z,00QP500000v6gwlMAA,NL,0127Q000000upr9QAA,Status,New,Not reached
2026-09-14T08:01:46.000Z,00QP500000vA4r9MAC,NL,0127Q000000upr9QAA,Status,New,Not reached
2026-09-14T07:59:08.000Z,00QP500000v4qsAMAQ,NL,0127Q000000upr9QAA,Status,New,Follow-up
2026-09-14T07:58:34.000Z,00QP500000v1TH0MAM,NL,0127Q000000upr9QAA,Status,New,Not reached
2026-09-14T07:57:30.000Z,00QQD00000b2A9F2AU,NL,0127Q000000upr9QAA,Status,Re-entered,Not Qualified
2026-09-14T07:57:27.000Z,00QP500000v8MypMAE,BE,0127Q000000eERIQA2,Status,New,Not Qualified
2026-09-14T07:57:00.000Z,00QP500000vCabkMAC,BE,0127Q000000eERIQA2,Status,New,Follow-up
2026-09-14T07:56:56.000Z,00QP500000v9LSfMAM,BE,0127Q000000eERIQA2,Status,New,Not reached
2026-09-14T07:55:57.000Z,00QP500000rZbatMAC,NL,0127Q000000upr9QAA,Status,Re-entered - Phone Number Changed,Appointment
2026-09-14T07:55:47.000Z,00QP500000v64uXMAQ,NL,0127Q000000upr9QAA,Status,New,Appointment
2026-09-14T07:55:10.000Z,00QP500000v4vQQMAY,BE,0127Q000000eERIQA2,Status,New,Not reached
2026-09-14T07:54:26.000Z,00QP500000v5ReiMAE,BE,0127Q000000eERIQA2,Status,New,Not Qualified
2026-09-14T07:52:16.000Z,00QP500000v31BjMAI,NL,0127Q000000upr9QAA,Status,New,Not reached
2026-09-14T07:51:35.000Z,00QP500000v74PhMAI,BE,0127Q000000eERIQA2,Status,New,Mailjourney
2026-09-14T07:50:58.000Z,00QQD00000ZGgJC2A1,BE,0127Q000000eERIQA2,Status,Re-entered,Not reached
2026-09-14T07:50:49.000Z,00QP500000v1x0XMAQ,NL,0127Q000000upr9QAA,Status,New,Not Qualified
2026-09-14T07:50:15.000Z,00QQD00000ZEmfK2AT,BE,0127Q000000eERIQA2,Status,Mailjourney,Appointment
2026-09-14T07:49:38.000Z,00QP500000v517XMAQ,NL,0127Q000000upr9QAA,Status,New,Brochure
2026-09-14T07:48:54.000Z,00QP500000v6CtiMAE,BE,0127Q000000eERIQA2,Status,New,Not reached
2026-09-14T07:47:57.000Z,00QP500000v3LgbMAE,BE,0127Q000000eERIQA2,Status,New,Not reached
2026-09-14T07:46:58.000Z,00QP500000v5A7oMAE,NL,0127Q000000upr9QAA,Status,New,Not reached
2026-09-14T07:46:47.000Z,00QP500000vAIVyMAO,NL,0127Q000000upr9QAA,Status,New,Not reached
2026-09-14T07:46:33.000Z,00QP500000v5LBMMA2,BE,0127Q000000eERIQA2,Status,Not reached,Appointment
2026-09-14T07:45:10.000Z,00QP500000v9TuzMAE,BE,0127Q000000eERIQA2,Status,New,Appointment
2026-09-14T07:44:57.000Z,00QP500000v99xpMAA,NL,0127Q000000upr9QAA,Status,New,Brochure
2026-09-14T07:44:47.000Z,00QP500000v8mA3MAI,NL,0127Q000000upr9QAA,Status,New,Not reached
2026-09-14T07:44:29.000Z,00QP500000v5XKHMA2,NL,0127Q000000upr9QAA,Status,New,Mailjourney
2026-09-14T07:44:01.000Z,00QP500000v5mHkMAI,BE,0127Q000000eERIQA2,Status,New,Follow-up
2026-09-14T07:43:45.000Z,00QP500000v4yMfMAI,NL,0127Q000000upr9QAA,Status,New,Not reached
2026-09-14T07:43:11.000Z,00QP500000v6MzYMAU,NL,0127Q000000upr9QAA,Status,New,Not Qualified
2026-09-14T07:42:05.000Z,00QP500000v7yLJMAY,BE,0127Q000000eERIQA2,Status,New,Not Qualified
2026-09-14T07:42:04.000Z,00QP500000v9bVwMAI,NL,0127Q000000upr9QAA,Status,New,Brochure
2026-09-14T07:41:00.000Z,00QP500000v90L4MAI,NL,0127Q000000upr9QAA,Status,New,Appointment
2026-09-14T07:40:41.000Z,00QP500000v562MMAQ,NL,0127Q000000upr9QAA,Status,New,Mailjourney
2026-09-14T07:40:35.000Z,00QP500000v6iX0MAI,BE,0127Q000000eERIQA2,Status,New,Not reached
2026-09-14T07:38:54.000Z,00QP500000v67UHMAY,BE,0127Q000000eERIQA2,Status,New,Not reached
2026-09-14T07:38:43.000Z,00QP500000v9Vi5MAE,NL,0127Q000000upr9QAA,Status,New,Not reached
2026-09-14T07:38:21.000Z,00QP500000v2z1lMAA,NL,0127Q000000upr9QAA,Status,New,Appointment
2026-09-14T07:37:27.000Z,00QP500000v6u6pMAA,NL,0127Q000000upr9QAA,Status,New,Not reached
2026-09-14T07:37:13.000Z,00QP500000v8WY9MAM,NL,0127Q000000upr9QAA,Status,New,Not reached
2026-09-14T07:36:05.000Z,00QP500000v1yhIMAQ,BE,0127Q000000eERIQA2,Status,New,Appointment
2026-09-14T07:35:57.000Z,00QP500000v6hflMAA,NL,0127Q000000upr9QAA,Status,New,Not reached
2026-09-14T07:35:55.000Z,00QP500000v8mZrMAI,NL,0127Q000000upr9QAA,Status,New,Brochure
2026-09-14T07:35:45.000Z,00QP500000v5bUPMAY,BE,0127Q000000eERIQA2,Status,New,Mailjourney
2026-09-14T07:35:43.000Z,00QP500000v5DbkMAE,BE,0127Q000000eERIQA2,Status,New,Not reached
2026-09-14T07:35:03.000Z,00QP500000v5UZTMA2,NL,0127Q000000upr9QAA,Status,New,Not reached
2026-09-14T07:34:47.000Z,00QP500000v1Lw4MAE,NL,0127Q000000upr9QAA,Status,New,Not reached
2026-09-14T07:33:57.000Z,00QP500000v1Yy9MAE,NL,0127Q000000upr9QAA,Status,New,Not Qualified
2026-09-14T07:33:30.000Z,00QP500000v4Y2PMAU,BE,0127Q000000eERIQA2,Status,New,Appointment
2026-09-14T07:32:35.000Z,00QP500000v4S6iMAE,BE,0127Q000000eERIQA2,Status,New,Follow-up
2026-09-14T07:31:01.000Z,00QP500000v2p0oMAA,NL,0127Q000000upr9QAA,Status,New,Not reached
2026-09-14T07:29:41.000Z,00QP500000v6gQTMAY,NL,0127Q000000upr9QAA,Status,New,Mailjourney
2026-09-14T07:29:38.000Z,00QP500000v1ciOMAQ,NL,0127Q000000upr9QAA,Status,New,Not reached
2026-09-14T07:29:35.000Z,00QP500000v5I3WMAU,BE,0127Q000000eERIQA2,Status,New,Not reached
2026-09-14T07:28:50.000Z,00QP500000v4oryMAA,BE,0127Q000000eERIQA2,Status,New,Appointment
2026-09-14T07:26:30.000Z,00QP500000vBXRQMA4,BE,0127Q000000eERIQA2,Status,New,Follow-up
2026-09-14T07:23:35.000Z,00QP500000v5iKgMAI,BE,0127Q000000eERIQA2,Status,New,Not reached
2026-09-14T07:22:57.000Z,00QP500000v3ENPMA2,BE,0127Q000000eERIQA2,Status,New,Appointment
2026-09-14T07:20:00.000Z,00QP500000v6vXUMAY,NL,0127Q000000upr9QAA,Status,New,Appointment
2026-09-14T07:19:42.000Z,00QP500000v5LBMMA2,BE,0127Q000000eERIQA2,Status,New,Not reached
2026-09-14T07:17:34.000Z,00QP500000v5rqwMAA,BE,0127Q000000eERIQA2,Status,New,Not reached
2026-09-14T07:13:43.000Z,00QP500000v1zDdMAI,BE,0127Q000000eERIQA2,Status,New,Not reached
2026-09-14T07:13:27.000Z,00QP500000vBvesMAC,BE,0127Q000000eERIQA2,Status,New,Not reached
2026-09-14T07:13:16.000Z,00QP500000vB2iVMAS,BE,0127Q000000eERIQA2,Status,New,Not reached
2026-09-14T07:12:02.000Z,00QP500000v8zofMAA,BE,0127Q000000eERIQA2,Status,New,Not reached
2026-09-14T07:11:15.000Z,00QP500000v1hrkMAA,BE,0127Q000000eERIQA2,Status,New,Not reached
2026-09-14T07:07:05.000Z,00QP500000v50jXMAQ,BE,0127Q000000eERIQA2,Status,New,Mailjourney
2026-09-14T06:53:02.000Z,00QQD00000AQFWi2AP,NL,0127Q000000upr9QAA,Status,Re-entered,Mailjourney
2026-09-14T06:37:31.000Z,00QP500000v8SBNMA2,BE,0127Q000000eERIQA2,Status,New,Not Qualified
2026-09-14T06:32:31.000Z,00QP500000umsXKMAY,BE,0127Q000000eERIQA2,Status,Re-entered,Mailjourney
2026-09-14T06:24:46.000Z,00QQD00000dzZSE2A2,NL,0127Q000000upr9QAA,Status,Re-entered,Mailjourney
2026-09-14T06:23:44.000Z,00QP500000v6majMAA,NL,0127Q000000upr9QAA,Status,New,Mailjourney
2026-09-14T06:23:26.000Z,00QP500000v9vZOMAY,NL,0127Q000000upr9QAA,Status,New,Mailjourney
2026-09-14T06:21:00.000Z,00QP500000v6YEKMA2,NL,0127Q000000upr9QAA,Status,New,Not Qualified
2026-09-14T06:20:08.000Z,00QP500000v9bB2MAI,NL,0127Q000000upr9QAA,Status,New,Not Qualified
2026-09-14T06:06:29.000Z,00QP500000tvI73MAE,NL,0127Q000000upr9QAA,Status,Mailjourney,Follow-up
2026-09-14T06:03:08.000Z,00QP500000v6GZAMA2,NL,0127Q000000upr9QAA,Status,New,Not Qualified
2026-09-14T06:01:49.000Z,00QP500000uTKZRMA4,FR,012QD000002ylXZYAY,Status,New,Mailjourney
2026-09-14T06:01:49.000Z,00QQD00000dRX8e2AG,IT,012QD000002ylcPYAQ,Status,Follow-up,Re-entered
2026-09-14T06:01:49.000Z,00QP500000uTKZXMA4,IT,012QD000002ylcPYAQ,Status,New,Lost
2026-09-14T06:01:49.000Z,00QP500000uTKZQMA4,FR,012QD000002ylXZYAY,Status,New,Mailjourney
2026-09-14T06:01:49.000Z,00QP500000uTKZNMA4,IT,012QD000002ylcPYAQ,Status,New,Follow-up
2026-09-14T05:58:51.000Z,00QP500000uyyZ1MAI,NL,0127Q000000upr9QAA,Status,Follow-up,Lost
2026-09-14T04:56:04.000Z,00QQD00000APwGm2AL,NL,0127Q000000upr9QAA,Status,Lost,Mailjourney
2026-09-14T04:53:56.000Z,00QQD00000ZFySD2A1,BE,0127Q000000eERIQA2,Status,Mailjourney,Re-entered
2026-09-14T01:57:13.000Z,00QQD00000V1LWo2AN,NL,0127Q000000upr9QAA,Status,Not Qualified,Re-entered
2026-09-13T17:28:08.000Z,00QP500000tqQbSMAU,NL,0127Q000000upr9QAA,Status,Mailjourney,Re-entered
2026-09-13T16:14:03.000Z,00QP500000umsXKMAY,BE,0127Q000000eERIQA2,Status,Mailjourney,Re-entered
2026-09-13T15:27:54.000Z,00QQD00000ZFGzK2AX,BE,0127Q000000eERIQA2,Status,Mailjourney,Re-entered
2026-09-13T15:20:46.000Z,00QQD00000dzZSE2A2,NL,0127Q000000upr9QAA,Status,Mailjourney,Re-entered
2026-09-13T14:37:01.000Z,00QQD00000IadQk2AJ,NL,0127Q000000upr9QAA,Status,Mailjourney,Re-entered
2026-09-13T13:40:53.000Z,00QQD00000AQ0LY2A1,NL,0127Q000000upr9QAA,Status,Mailjourney,Re-entered
2026-09-13T13:37:28.000Z,00QP500000rZbatMAC,NL,0127Q000000upr9QAA,Status,Mailjourney,Re-entered - Phone Number Changed
2026-09-13T13:30:48.000Z,00QQD00000WNBjV2AX,NL,0127Q000000upr9QAA,Status,Mailjourney,Re-entered
2026-09-13T13:30:03.000Z,00QQD00000AQ8bN2AT,NL,0127Q000000upr9QAA,Status,Lost,Re-entered
2026-09-13T11:37:08.000Z,00QQD00000AQQ3Y2AX,NL,0127Q000000upr9QAA,Status,Follow-up,Re-entered
2026-09-13T11:02:53.000Z,00QQD00000APxeB2AT,NL,0127Q000000upr9QAA,Status,Mailjourney,Re-entered
2026-09-13T10:21:00.000Z,00QQD00000AQKlA2AX,NL,0127Q000000upr9QAA,Status,Mailjourney,Re-entered
2026-09-13T10:11:05.000Z,00QQD00000AQAzZ2AX,NL,0127Q000000upr9QAA,Status,Mailjourney,Re-entered
2026-09-13T10:05:07.000Z,00QQD00000ZGtTW2A1,BE,0127Q000000eERIQA2,Status,Mailjourney,Re-entered
2026-09-13T09:53:51.000Z,00QQD00000APwvo2AD,NL,0127Q000000upr9QAA,Status,Mailjourney,Re-entered
2026-09-13T09:37:06.000Z,00QQD00000bIkKG2A0,NL,0127Q000000upr9QAA,Status,Mailjourney,Re-entered
2026-09-13T08:45:50.000Z,00QQD00000ZGzsb2AD,BE,0127Q000000eERIQA2,Status,Not Qualified,Re-entered
2026-09-13T07:34:04.000Z,00QP500000uWtCQMA0,NL,0127Q000000upr9QAA,Status,Follow-up,Re-entered
2026-09-13T06:05:53.000Z,00QQD00000APudg2AD,NL,0127Q000000upr9QAA,Status,Converted Old SF,Re-entered
2026-09-13T06:02:02.000Z,00QP500000uQ2ynMAC,IT,012QD000002ylcPYAQ,Status,New,Lost
2026-09-13T06:02:02.000Z,00QP500000uQ2yoMAC,FR,012QD000002ylXZYAY,Status,New,Mailjourney
2026-09-13T06:02:02.000Z,00QQD00000ZGiY82AL,FR,012QD000002ylXZYAY,Status,Mailjourney,Re-entered
2026-09-13T05:34:55.000Z,00QP500000tTZKUMA4,BE,0127Q000000eERIQA2,Status,Mailjourney,Re-entered
2026-09-12T19:11:15.000Z,00QQD00000b2A9F2AU,NL,0127Q000000upr9QAA,Status,Not Qualified,Re-entered
2026-09-12T14:39:53.000Z,00QQD00000AQAA12AP,NL,0127Q000000upr9QAA,Status,Mailjourney,Re-entered
2026-09-12T12:58:52.000Z,00QQD00000AQGkH2AX,NL,0127Q000000upr9QAA,Status,Mailjourney,Re-entered
2026-09-12T11:43:58.000Z,00QQD00000cU1wr2AC,NL,0127Q000000upr9QAA,Status,Mailjourney,Re-entered
2026-09-12T10:58:02.000Z,00QQD00000AQFWi2AP,NL,0127Q000000upr9QAA,Status,Mailjourney,Re-entered
2026-09-12T10:46:03.000Z,00QQD00000ZGgJC2A1,BE,0127Q000000eERIQA2,Status,Converted Old SF,Re-entered
2026-09-12T09:38:06.000Z,00QQD00000APyQf2AL,NL,0127Q000000upr9QAA,Status,Mailjourney,Re-entered
2026-09-12T08:23:06.000Z,00QQD00000OwYRh2AN,NL,0127Q000000upr9QAA,Status,Mailjourney,Re-entered
2026-09-12T06:01:48.000Z,00QP500000uN6EKMA0,IT,012QD000002ylcPYAQ,Status,New,Not Qualified
2026-09-12T06:01:48.000Z,00QP500000uN6EIMA0,FR,012QD000002ylXZYAY,Status,New,Mailjourney
2026-09-12T06:01:48.000Z,00QQD00000ZGiY82AL,FR,012QD000002ylXZYAY,Status,Re-entered,Mailjourney
2026-09-12T06:01:48.000Z,00QQD00000cyR872AE,FR,012QD000002ylXZYAY,Status,Follow-up,Re-entered
2026-09-12T06:01:48.000Z,00QP500000uN6EHMA0,FR,012QD000002ylXZYAY,Status,New,Mailjourney
2026-09-12T06:01:48.000Z,00QP500000uN6EGMA0,IT,012QD000002ylcPYAQ,Status,New,Follow-up
2026-09-12T06:01:48.000Z,00QQD00000ZGwtt2AD,IT,012QD000002ylcPYAQ,Status,Re-entered,Mailjourney
2026-09-12T06:01:48.000Z,00QQD00000ZGkJo2AL,IT,012QD000002ylcPYAQ,Status,Not Qualified,Re-entered
2026-09-11T22:08:57.000Z,00QQD00000AQIpD2AX,NL,0127Q000000upr9QAA,Status,Follow-up,Re-entered
2026-09-11T17:50:33.000Z,00QQD00000TSxIz2AL,NL,0127Q000000upr9QAA,Status,Mailjourney,Re-entered
2026-09-11T15:38:54.000Z,00QQD00000AQLrP2AX,NL,0127Q000000upr9QAA,Status,Mailjourney,Re-entered
2026-09-11T14:56:00.000Z,00QP500000utrQ8MAI,NL,0127Q000000upr9QAA,Status,Mailjourney,Appointment
2026-09-11T14:52:10.000Z,00QP500000uEQGyMAO,NL,0127Q000000upr9QAA,Status,Follow-up,Mailjourney
2026-09-11T14:50:17.000Z,00QP500000uDUpfMAG,NL,0127Q000000upr9QAA,Status,Follow-up,Mailjourney
2026-09-11T14:48:51.000Z,00QP500000uBV8JMAW,NL,0127Q000000upr9QAA,Status,Follow-up,Mailjourney
2026-09-11T14:47:20.000Z,00QP500000u7iwvMAA,NL,0127Q000000upr9QAA,Status,Follow-up,Mailjourney
2026-09-11T14:46:51.000Z,00QP500000v1GgOMAU,BE,0127Q000000eERIQA2,Status,New,Appointment
2026-09-11T14:43:47.000Z,00QP500000tkE5BMAU,NL,0127Q000000upr9QAA,Status,Follow-up,Mailjourney
2026-09-11T14:38:57.000Z,00QP500000smFFOMA2,NL,0127Q000000upr9QAA,Status,Follow-up,Appointment
2026-09-11T14:34:29.000Z,00QP500000uvvAzMAI,BE,0127Q000000eERIQA2,Status,Not reached,Mailjourney
2026-09-11T14:34:16.000Z,00QP500000q1vXsMAI,NL,0127Q000000upr9QAA,Status,Follow-up,Mailjourney
2026-09-11T14:32:11.000Z,00QQD00000d7c5J2AQ,NL,0127Q000000upr9QAA,Status,Follow-up,Mailjourney
2026-09-11T14:13:58.000Z,00QP500000v1OYzMAM,NL,0127Q000000upr9QAA,Status,Not reached,Follow-up
2026-09-11T14:13:48.000Z,00QP500000v1OYzMAM,NL,0127Q000000upr9QAA,Status,New,Not reached
2026-09-11T14:12:52.000Z,00QP500000v1n97MAA,BE,0127Q000000eERIQA2,Status,New,Follow-up
2026-09-11T14:07:34.000Z,00QP500000v101zMAA,NL,0127Q000000upr9QAA,Status,New,Appointment
2026-09-11T13:59:59.000Z,00QP500000v1PziMAE,NL,0127Q000000upr9QAA,Status,New,Not reached
2026-09-11T13:57:29.000Z,00QP500000v1hzlMAA,NL,0127Q000000upr9QAA,Status,Not reached,Mailjourney
2026-09-11T13:57:14.000Z,00QP500000v1J9UMAU,NL,0127Q000000upr9QAA,Status,Not reached,Follow-up
2026-09-11T13:57:00.000Z,00QP500000v1J9UMAU,NL,0127Q000000upr9QAA,Status,New,Not reached
2026-09-11T13:56:45.000Z,00QP500000v1hzlMAA,NL,0127Q000000upr9QAA,Status,New,Not reached
2026-09-11T13:55:36.000Z,00QP500000v0YNVMA2,NL,0127Q000000upr9QAA,Status,New,Follow-up
2026-09-11T13:54:04.000Z,00QP500000v1NeUMAU,NL,0127Q000000upr9QAA,Status,Not reached,Follow-up
2026-09-11T13:53:14.000Z,00QP500000v1NeUMAU,NL,0127Q000000upr9QAA,Status,New,Not reached
2026-09-11T13:50:36.000Z,00QP500000uzlwIMAQ,NL,0127Q000000upr9QAA,Status,New,Appointment
2026-09-11T13:41:04.000Z,00QP500000v03BbMAI,NL,0127Q000000upr9QAA,Status,Not reached,Follow-up
2026-09-11T13:40:22.000Z,00QP500000v03BbMAI,NL,0127Q000000upr9QAA,Status,New,Not reached
2026-09-11T13:39:24.000Z,00QP500000utVyzMAE,BE,0127Q000000eERIQA2,Status,Follow-up,Appointment
2026-09-11T13:35:35.000Z,00QP500000tIt6PMAS,NL,0127Q000000upr9QAA,Status,Mailjourney,Appointment
2026-09-11T13:33:46.000Z,00QP500000v0wRSMAY,NL,0127Q000000upr9QAA,Status,Not reached,Mailjourney
2026-09-11T13:33:22.000Z,00QP500000v0wRSMAY,NL,0127Q000000upr9QAA,Status,New,Not reached
2026-09-11T13:32:57.000Z,00QQD00000YejhB2AR,NL,0127Q000000upr9QAA,Status,Re-entered,Mailjourney
2026-09-11T13:32:15.000Z,00QP500000tANGbMAO,BE,0127Q000000eERIQA2,Status,Mailjourney,Appointment
2026-09-11T13:29:41.000Z,00QP500000v1OaYMAU,NL,0127Q000000upr9QAA,Status,New,Mailjourney
2026-09-11T13:23:05.000Z,00QP500000uzr40MAA,NL,0127Q000000upr9QAA,Status,New,Follow-up
2026-09-11T13:12:05.000Z,00QP500000v1OaXMAU,NL,0127Q000000upr9QAA,Status,New,Mailjourney
2026-09-11T13:11:36.000Z,00QP500000qkRH3MAM,BE,0127Q000000eERIQA2,Status,Follow-up,Mailjourney
2026-09-11T13:11:32.000Z,00QP500000sNAJ2MAO,NL,0127Q000000upr9QAA,Status,Not reached,Follow-up
2026-09-11T13:11:02.000Z,00QP500000sNAJ2MAO,NL,0127Q000000upr9QAA,Status,Mailjourney,Not reached
2026-09-11T13:10:53.000Z,00QQD00000ZGl4I2AT,BE,0127Q000000eERIQA2,Status,Follow-up,Mailjourney
2026-09-11T13:08:11.000Z,00QP500000v0sXRMAY,NL,0127Q000000upr9QAA,Status,Not reached,Mailjourney
2026-09-11T13:07:39.000Z,00QP500000v0sXRMAY,NL,0127Q000000upr9QAA,Status,New,Not reached
2026-09-11T13:02:48.000Z,00QP500000v1OaZMAU,NL,0127Q000000upr9QAA,Status,New,Not Qualified
2026-09-11T13:00:56.000Z,00QQD00000YejhB2AR,NL,0127Q000000upr9QAA,Status,Mailjourney,Re-entered
2026-09-11T12:59:43.000Z,00QP500000v0rJeMAI,BE,0127Q000000eERIQA2,Status,New,Appointment
2026-09-11T12:59:08.000Z,00QP500000uzRKpMAM,NL,0127Q000000upr9QAA,Status,Not reached,Mailjourney
2026-09-11T12:58:27.000Z,00QP500000uyyZ1MAI,NL,0127Q000000upr9QAA,Status,Not reached,Follow-up
2026-09-11T12:45:15.000Z,00QP500000upoqYMAQ,NL,0127Q000000upr9QAA,Status,Not reached,Follow-up
2026-09-11T12:43:47.000Z,00QP500000upGX7MAM,NL,0127Q000000upr9QAA,Status,Not reached,Mailjourney
2026-09-11T12:42:52.000Z,00QP500000upGNRMA2,NL,0127Q000000upr9QAA,Status,Not reached,Follow-up
2026-09-11T12:42:45.000Z,00QP500000ue2sUMAQ,BE,0127Q000000eERIQA2,Status,Mailjourney,Appointment
2026-09-11T12:39:56.000Z,00QP500000uowJuMAI,NL,0127Q000000upr9QAA,Status,Not reached,Follow-up
2026-09-11T12:35:46.000Z,00QP500000uk6WpMAI,NL,0127Q000000upr9QAA,Status,Not reached,Follow-up
2026-09-11T12:34:27.000Z,00QQD00000AQ7wg2AD,NL,0127Q000000upr9QAA,Status,Not reached,Follow-up
2026-09-11T12:34:17.000Z,00QQD00000b858U2AQ,NL,0127Q000000upr9QAA,Status,Not reached,Mailjourney
2026-09-11T12:33:34.000Z,00QP500000uoiVTMAY,NL,0127Q000000upr9QAA,Status,Not reached,Follow-up
2026-09-11T12:32:29.000Z,00QQD00000AQ4Ak2AL,NL,0127Q000000upr9QAA,Status,Not reached,Follow-up
2026-09-11T12:31:18.000Z,00QP500000uyTeoMAE,NL,0127Q000000upr9QAA,Status,Not reached,Follow-up
2026-09-11T12:26:36.000Z,00QP500000v0cHNMAY,NL,0127Q000000upr9QAA,Status,Not reached,Mailjourney
2026-09-11T12:24:48.000Z,00QP500000v0cHNMAY,NL,0127Q000000upr9QAA,Status,New,Not reached
2026-09-11T12:19:50.000Z,00QQD00000auGN72AM,NL,0127Q000000upr9QAA,Status,Re-entered,Follow-up
2026-09-11T12:19:30.000Z,00QP500000unxrVMAQ,BE,0127Q000000eERIQA2,Status,Not reached,Follow-up
2026-09-11T12:19:28.000Z,00QP500000v0EzsMAE,NL,0127Q000000upr9QAA,Status,New,Follow-up
2026-09-11T12:15:44.000Z,00QP500000v0VvrMAE,NL,0127Q000000upr9QAA,Status,New,Appointment
2026-09-11T12:15:18.000Z,00QP500000uq3zKMAQ,NL,0127Q000000upr9QAA,Status,Not reached,Follow-up
2026-09-11T12:14:59.000Z,00QP500000uzt7UMAQ,NL,0127Q000000upr9QAA,Status,New,Appointment
2026-09-11T12:14:01.000Z,00QP500000un0wIMAQ,NL,0127Q000000upr9QAA,Status,Not reached,Follow-up
2026-09-11T12:13:50.000Z,00QP500000unItBMAU,NL,0127Q000000upr9QAA,Status,Not reached,Follow-up
2026-09-11T12:12:57.000Z,00QP500000umpmPMAQ,NL,0127Q000000upr9QAA,Status,Not reached,Lost
2026-09-11T12:12:47.000Z,00QQD00000bYfOQ2A0,NL,0127Q000000upr9QAA,Status,Not reached,Mailjourney
2026-09-11T12:11:22.000Z,00QQD00000AQAKW2A5,NL,0127Q000000upr9QAA,Status,Not reached,Follow-up
2026-09-11T12:10:49.000Z,00QP500000umdN5MAI,NL,0127Q000000upr9QAA,Status,Not reached,Follow-up
2026-09-11T12:10:05.000Z,00QQD00000ZGUOW2A5,BE,0127Q000000eERIQA2,Status,Not reached,Follow-up
2026-09-11T12:10:00.000Z,00QP500000unL7uMAE,NL,0127Q000000upr9QAA,Status,Not reached,Lost
2026-09-11T12:09:34.000Z,00QP500000um4SZMAY,NL,0127Q000000upr9QAA,Status,Not reached,Follow-up
2026-09-11T12:07:37.000Z,00QP500000uzT4vMAE,NL,0127Q000000upr9QAA,Status,Not reached,Follow-up
2026-09-11T12:07:26.000Z,00QP500000uznA5MAI,NL,0127Q000000upr9QAA,Status,New,Mailjourney
2026-09-11T12:07:19.000Z,00QP500000uvU2lMAE,NL,0127Q000000upr9QAA,Status,Not reached,Appointment
2026-09-11T12:05:50.000Z,00QP500000uvc6kMAA,BE,0127Q000000eERIQA2,Status,Not reached,Follow-up
2026-09-11T12:02:07.000Z,00QP500000uzT4vMAE,NL,0127Q000000upr9QAA,Status,New,Not reached
2026-09-11T11:55:49.000Z,00QP500000uvPKuMAM,BE,0127Q000000eERIQA2,Status,Not reached,Not Qualified
2026-09-11T11:54:38.000Z,00QP500000uzMoFMAU,NL,0127Q000000upr9QAA,Status,New,Appointment
2026-09-11T11:53:35.000Z,00QP500000useI0MAI,BE,0127Q000000eERIQA2,Status,Not reached,Follow-up
2026-09-11T11:46:54.000Z,00QP500000v0a7XMAQ,BE,0127Q000000eERIQA2,Status,New,Not reached
2026-09-11T11:41:36.000Z,00QP500000uzpVDMAY,NL,0127Q000000upr9QAA,Status,Not reached,Follow-up
2026-09-11T11:38:41.000Z,00QP500000uzpVDMAY,NL,0127Q000000upr9QAA,Status,New,Not reached
2026-09-11T11:37:45.000Z,00QP500000v00aIMAQ,NL,0127Q000000upr9QAA,Status,New,Follow-up
2026-09-11T11:35:34.000Z,00QP500000r1TBBMA2,NL,0127Q000000upr9QAA,Status,Mailjourney,Appointment
2026-09-11T11:31:13.000Z,00QP500000usPZ5MAM,NL,0127Q000000upr9QAA,Status,Follow-up,Appointment
2026-09-11T11:28:06.000Z,00QP500000v0bZrMAI,BE,0127Q000000eERIQA2,Status,New,Appointment
2026-09-11T11:11:51.000Z,00QP500000v04afMAA,BE,0127Q000000eERIQA2,Status,New,Not reached
2026-09-11T11:10:57.000Z,00QP500000uyF0kMAE,BE,0127Q000000eERIQA2,Status,New,Not reached
2026-09-11T10:51:00.000Z,00QP500000uzhMMMAY,NL,0127Q000000upr9QAA,Status,Not reached,Mailjourney
2026-09-11T10:50:13.000Z,00QP500000uzbNNMAY,NL,0127Q000000upr9QAA,Status,Not reached,Not Qualified
2026-09-11T10:21:34.000Z,00QP500000uzMhkMAE,BE,0127Q000000eERIQA2,Status,New,Appointment
2026-09-11T10:19:10.000Z,00QP500000uzbyUMAQ,NL,0127Q000000upr9QAA,Status,New,Appointment
2026-09-11T10:09:08.000Z,00QP500000uzRKpMAM,NL,0127Q000000upr9QAA,Status,New,Not reached
2026-09-11T10:08:34.000Z,00QP500000uyyvYMAQ,BE,0127Q000000eERIQA2,Status,Not reached,Not Qualified
2026-09-11T10:06:10.000Z,00QP500000uyyvYMAQ,BE,0127Q000000eERIQA2,Status,New,Not reached
2026-09-11T10:05:08.000Z,00QP500000uzRKoMAM,BE,0127Q000000eERIQA2,Status,New,Follow-up
2026-09-11T10:03:12.000Z,00QP500000uYILfMAO,NL,0127Q000000upr9QAA,Status,Brochure,Mailjourney
2026-09-11T10:03:01.000Z,00QP500000uuHvcMAE,NL,0127Q000000upr9QAA,Status,Brochure,Mailjourney
2026-09-11T10:02:59.000Z,00QP500000uzhMMMAY,NL,0127Q000000upr9QAA,Status,New,Not reached
2026-09-11T10:02:48.000Z,00QP500000uzbNNMAY,NL,0127Q000000upr9QAA,Status,New,Not reached
2026-09-11T10:02:42.000Z,00QP500000uoLaUMAU,NL,0127Q000000upr9QAA,Status,Brochure,Follow-up
2026-09-11T09:50:56.000Z,00QQD00000auGN72AM,NL,0127Q000000upr9QAA,Status,Mailjourney,Re-entered
2026-09-11T09:41:17.000Z,00QQD00000ZH2IU2A1,BE,0127Q000000eERIQA2,Status,Follow-up,Mailjourney
2026-09-11T09:37:29.000Z,00QQD00000AQ7wg2AD,NL,0127Q000000upr9QAA,Status,Re-entered,Not reached
2026-09-11T09:32:36.000Z,00QQD00000bVMqB2AW,BE,0127Q000000eERIQA2,Status,Follow-up,Mailjourney
2026-09-11T09:31:55.000Z,00QP500000uj337MAA,BE,0127Q000000eERIQA2,Status,Follow-up,Appointment
2026-09-11T09:29:25.000Z,00QP500000uH2efMAC,BE,0127Q000000eERIQA2,Status,Follow-up,Mailjourney
2026-09-11T09:25:15.000Z,00QP500000uf2f7MAA,BE,0127Q000000eERIQA2,Status,Follow-up,Mailjourney
2026-09-11T09:23:05.000Z,00QQD00000aH3rC2AS,BE,0127Q000000eERIQA2,Status,Follow-up,Mailjourney
2026-09-11T09:22:13.000Z,00QP500000uQuT2MAK,BE,0127Q000000eERIQA2,Status,Follow-up,Mailjourney
2026-09-11T09:22:07.000Z,00QP500000ud91dMAA,BE,0127Q000000eERIQA2,Status,Follow-up,Mailjourney
2026-09-11T09:22:03.000Z,00QP500000uAS7fMAG,NL,0127Q000000upr9QAA,Status,Follow-up,Lost
2026-09-11T09:21:33.000Z,00QP500000uQQl1MAG,BE,0127Q000000eERIQA2,Status,Follow-up,Lost
2026-09-11T09:20:01.000Z,00QP500000uFUyPMAW,BE,0127Q000000eERIQA2,Status,Follow-up,Mailjourney
2026-09-11T09:18:10.000Z,00QP500000uASduMAG,BE,0127Q000000eERIQA2,Status,Follow-up,Mailjourney
2026-09-11T09:17:28.000Z,00QP500000tuMRCMA2,BE,0127Q000000eERIQA2,Status,Follow-up,Mailjourney
2026-09-11T09:13:14.000Z,00QP500000ssIKDMA2,BE,0127Q000000eERIQA2,Status,Follow-up,Mailjourney
2026-09-11T09:13:08.000Z,00QP500000tIt6PMAS,NL,0127Q000000upr9QAA,Status,Follow-up,Mailjourney
2026-09-11T09:10:58.000Z,00QP500000uQb8YMAS,BE,0127Q000000eERIQA2,Status,Follow-up,Mailjourney
2026-09-11T09:10:33.000Z,00QP500000uylodMAA,NL,0127Q000000upr9QAA,Status,New,Appointment
2026-09-11T09:10:22.000Z,00QP500000uyyZ1MAI,NL,0127Q000000upr9QAA,Status,New,Not reached
2026-09-11T09:08:31.000Z,00QP500000qIA9WMAW,BE,0127Q000000eERIQA2,Status,Mailjourney,Lost
2026-09-11T09:07:50.000Z,00QQD00000ZadRh2AJ,NL,0127Q000000upr9QAA,Status,Follow-up,Mailjourney
2026-09-11T09:07:29.000Z,00QP500000rMNnUMAW,BE,0127Q000000eERIQA2,Status,Follow-up,Mailjourney
2026-09-11T09:06:24.000Z,00QQD00000XTMWt2AP,NL,0127Q000000upr9QAA,Status,Follow-up,Mailjourney
2026-09-11T09:06:23.000Z,00QP500000uVdfyMAC,NL,0127Q000000upr9QAA,Status,Follow-up,Mailjourney
2026-09-11T09:04:54.000Z,00QP500000qIA9WMAW,BE,0127Q000000eERIQA2,Status,Follow-up,Mailjourney
2026-09-11T09:04:18.000Z,00QP500000uz44wMAA,BE,0127Q000000eERIQA2,Status,Lost,Appointment
2026-09-11T09:04:06.000Z,00QQD00000Fvoib2AB,NL,0127Q000000upr9QAA,Status,Follow-up,Mailjourney
2026-09-11T09:03:07.000Z,00QQD00000AQ7wg2AD,NL,0127Q000000upr9QAA,Status,Mailjourney,Re-entered
2026-09-11T08:59:30.000Z,00QP500000uIzUdMAK,NL,0127Q000000upr9QAA,Status,Follow-up,Mailjourney
2026-09-11T08:56:03.000Z,00QP500000uIWxJMAW,NL,0127Q000000upr9QAA,Status,Follow-up,Mailjourney
2026-09-11T08:50:42.000Z,00QP500000uz44wMAA,BE,0127Q000000eERIQA2,Status,New,Lost
2026-09-11T08:48:33.000Z,00QP500000tgGv5MAE,BE,0127Q000000eERIQA2,Status,Follow-up,Mailjourney
2026-09-11T08:47:40.000Z,00QQD00000ZGXIy2AP,BE,0127Q000000eERIQA2,Status,Follow-up,Mailjourney
2026-09-11T08:46:43.000Z,00QP500000uTS2KMAW,BE,0127Q000000eERIQA2,Status,Follow-up,Mailjourney
2026-09-11T08:45:38.000Z,00QP500000tMSijMAG,BE,0127Q000000eERIQA2,Status,Follow-up,Mailjourney
2026-09-11T08:44:08.000Z,00QP500000uMt0nMAC,BE,0127Q000000eERIQA2,Status,Follow-up,Mailjourney
2026-09-11T08:42:17.000Z,00QP500000sMGjmMAG,BE,0127Q000000eERIQA2,Status,Follow-up,Lost
2026-09-11T08:39:41.000Z,00QP500000uniu5MAA,NL,0127Q000000upr9QAA,Status,Re-entered - Phone Number Changed,Appointment
2026-09-11T08:37:57.000Z,00QP500000totOIMAY,BE,0127Q000000eERIQA2,Status,Follow-up,Mailjourney
2026-09-11T08:35:12.000Z,00QP500000uU97GMAS,NL,0127Q000000upr9QAA,Status,Follow-up,Mailjourney
2026-09-11T08:34:16.000Z,00QP500000uNPLgMAO,NL,0127Q000000upr9QAA,Status,Follow-up,Not Qualified
2026-09-11T08:34:06.000Z,00QP500000uQJefMAG,NL,0127Q000000upr9QAA,Status,Follow-up,Mailjourney
2026-09-11T08:32:36.000Z,00QP500000uretWMAQ,NL,0127Q000000upr9QAA,Status,Brochure,Lost
2026-09-11T08:32:10.000Z,00QP500000uretWMAQ,NL,0127Q000000upr9QAA,Status,Not reached,Brochure
2026-09-11T08:31:07.000Z,00QP500000uoLaUMAU,NL,0127Q000000upr9QAA,Status,Not reached,Brochure
2026-09-11T08:30:12.000Z,00QP500000uz8urMAA,NL,0127Q000000upr9QAA,Status,New,Appointment
2026-09-11T08:30:12.000Z,00QP500000uz8urMAA,NL,0127Q000000upr9QAA,Status,Follow-up,New
2026-09-11T08:29:16.000Z,00QP500000uoarGMAQ,BE,0127Q000000eERIQA2,Status,Not reached,Follow-up
2026-09-11T08:29:08.000Z,00QP500000uz8urMAA,NL,0127Q000000upr9QAA,Status,New,Follow-up
2026-09-11T08:28:33.000Z,00QP500000uyTeoMAE,NL,0127Q000000upr9QAA,Status,New,Not reached
2026-09-11T08:27:14.000Z,00QP500000uAlYXMA0,NL,0127Q000000upr9QAA,Status,Follow-up,Mailjourney
2026-09-11T08:27:09.000Z,00QQD00000ZGRlp2AH,BE,0127Q000000eERIQA2,Status,Not reached,Follow-up
2026-09-11T08:26:59.000Z,00QP500000uPQblMAG,NL,0127Q000000upr9QAA,Status,Follow-up,Lost
2026-09-11T08:25:55.000Z,00QP500000uvdu7MAA,NL,0127Q000000upr9QAA,Status,New,Mailjourney
2026-09-11T08:25:12.000Z,00QP500000tNHuvMAG,NL,0127Q000000upr9QAA,Status,Follow-up,Mailjourney
2026-09-11T08:24:32.000Z,00QP500000uOhefMAC,NL,0127Q000000upr9QAA,Status,Follow-up,Mailjourney
2026-09-11T08:23:46.000Z,00QP500000qe7EaMAI,NL,0127Q000000upr9QAA,Status,Follow-up,Mailjourney
2026-09-11T08:22:34.000Z,00QP500000uEPj3MAG,NL,0127Q000000upr9QAA,Status,Follow-up,Mailjourney
2026-09-11T08:20:50.000Z,00QP500000utrQ8MAI,NL,0127Q000000upr9QAA,Status,New,Mailjourney
2026-09-11T08:19:50.000Z,00QP500000unf8EMAQ,BE,0127Q000000eERIQA2,Status,Not reached,Appointment
2026-09-11T08:18:45.000Z,00QP500000uz5CEMAY,BE,0127Q000000eERIQA2,Status,New,Appointment
2026-09-11T08:15:16.000Z,00QQD00000APxTl2AL,NL,0127Q000000upr9QAA,Status,Not reached,Lost
2026-09-11T08:12:55.000Z,00QP500000uvW1JMAU,NL,0127Q000000upr9QAA,Status,New,Appointment
2026-09-11T08:12:33.000Z,00QP500000uxPbdMAE,NL,0127Q000000upr9QAA,Status,New,Follow-up
2026-09-11T08:11:18.000Z,00QP500000uxSb7MAE,NL,0127Q000000upr9QAA,Status,New,Follow-up
2026-09-11T08:11:15.000Z,00QQD00000AQ1uP2AT,NL,0127Q000000upr9QAA,Status,Follow-up,Mailjourney
2026-09-11T08:11:07.000Z,00QQD00000AQ1uP2AT,NL,0127Q000000upr9QAA,Status,Not reached,Follow-up
2026-09-11T08:10:28.000Z,00QP500000uROXWMA4,BE,0127Q000000eERIQA2,Status,Follow-up,Not Qualified
2026-09-11T08:09:24.000Z,00QP500000uqm3XMAQ,NL,0127Q000000upr9QAA,Status,Follow-up,Mailjourney
2026-09-11T08:09:16.000Z,00QP500000uqm3XMAQ,NL,0127Q000000upr9QAA,Status,Not reached,Follow-up
2026-09-11T08:04:33.000Z,00QQD00000bYfOQ2A0,NL,0127Q000000upr9QAA,Status,Re-entered,Not reached
2026-09-11T08:03:39.000Z,00QP500000uvU2lMAE,NL,0127Q000000upr9QAA,Status,New,Not reached
2026-09-11T08:03:22.000Z,00QP500000uuHvcMAE,NL,0127Q000000upr9QAA,Status,New,Brochure
2026-09-11T08:02:56.000Z,00QP500000uvLnYMAU,NL,0127Q000000upr9QAA,Status,Not reached,Appointment
2026-09-11T08:00:50.000Z,00QP500000us55jMAA,BE,0127Q000000eERIQA2,Status,Not reached,Lost
2026-09-11T07:59:17.000Z,00QP500000uvfuJMAQ,NL,0127Q000000upr9QAA,Status,New,Follow-up
2026-09-11T07:58:48.000Z,00QP500000uvW1KMAU,NL,0127Q000000upr9QAA,Status,New,Not Qualified
2026-09-11T07:56:14.000Z,00QP500000ugkr1MAA,BE,0127Q000000eERIQA2,Status,Not reached,Mailjourney
2026-09-11T07:55:10.000Z,00QP500000uvHa9MAE,NL,0127Q000000upr9QAA,Status,New,Mailjourney
2026-09-11T07:53:33.000Z,00QP500000uz2KnMAI,BE,0127Q000000eERIQA2,Status,New,Follow-up
2026-09-11T07:52:01.000Z,00QP500000uyJabMAE,NL,0127Q000000upr9QAA,Status,New,Appointment
2026-09-11T07:51:33.000Z,00QP500000uv2jBMAQ,NL,0127Q000000upr9QAA,Status,New,Not Qualified
2026-09-11T07:50:23.000Z,00QP500000uuSUPMA2,NL,0127Q000000upr9QAA,Status,New,Appointment
2026-09-11T07:48:14.000Z,00QP500000uu5WIMAY,NL,0127Q000000upr9QAA,Status,New,Follow-up
2026-09-11T07:44:42.000Z,00QP500000ukCacMAE,BE,0127Q000000eERIQA2,Status,Not reached,Appointment
2026-09-11T07:39:47.000Z,00QP500000uFJA9MAO,BE,0127Q000000eERIQA2,Status,Mailjourney,Appointment
2026-09-11T07:38:55.000Z,00QP500000uvLnYMAU,NL,0127Q000000upr9QAA,Status,New,Not reached
2026-09-11T07:38:18.000Z,00QP500000uqe4LMAQ,BE,0127Q000000eERIQA2,Status,Not reached,Appointment
2026-09-11T07:37:56.000Z,00QQD00000L3MEV2A3,NL,0127Q000000upr9QAA,Status,Follow-up,Appointment
2026-09-11T07:33:04.000Z,00QQD00000ZGlgP2AT,BE,0127Q000000eERIQA2,Status,Re-entered,Not reached
2026-09-11T07:31:58.000Z,00QP500000t4ForMAE,BE,0127Q000000eERIQA2,Status,Re-entered,Follow-up
2026-09-11T07:29:30.000Z,00QP500000uuZe3MAE,BE,0127Q000000eERIQA2,Status,New,Not reached
2026-09-11T07:26:59.000Z,00QP500000utyeQMAQ,BE,0127Q000000eERIQA2,Status,New,Not reached
2026-09-11T07:26:14.000Z,00QP500000uxYyJMAU,BE,0127Q000000eERIQA2,Status,New,Appointment
2026-09-11T07:25:57.000Z,00QP500000utWlQMAU,BE,0127Q000000eERIQA2,Status,New,Not Qualified
2026-09-11T07:24:24.000Z,00QP500000uxR2LMAU,BE,0127Q000000eERIQA2,Status,New,Not reached
2026-09-11T07:22:17.000Z,00QP500000uvvAzMAI,BE,0127Q000000eERIQA2,Status,New,Not reached
2026-09-11T07:20:22.000Z,00QP500000uvltEMAQ,BE,0127Q000000eERIQA2,Status,New,Not Qualified
2026-09-11T07:17:02.000Z,00QP500000utfqQMAQ,BE,0127Q000000eERIQA2,Status,New,Appointment
2026-09-11T07:16:00.000Z,00QP500000uvc6kMAA,BE,0127Q000000eERIQA2,Status,New,Not reached
2026-09-11T07:13:02.000Z,00QP500000uvPKuMAM,BE,0127Q000000eERIQA2,Status,New,Not reached
2026-09-11T07:09:55.000Z,00QP500000uuZe4MAE,BE,0127Q000000eERIQA2,Status,New,Follow-up
2026-09-11T07:08:34.000Z,00QP500000uwpZlMAI,BE,0127Q000000eERIQA2,Status,New,Not Qualified
2026-09-11T06:01:48.000Z,00QP500000uGq49MAC,IT,012QD000002ylcPYAQ,Status,New,Not Qualified
2026-09-11T06:01:48.000Z,00QP500000uGq4CMAS,IT,012QD000002ylcPYAQ,Status,New,Not Qualified
2026-09-11T06:01:48.000Z,00QP500000uGq4AMAS,FR,012QD000002ylXZYAY,Status,New,Not Qualified
2026-09-11T06:01:48.000Z,00QP500000uGq4BMAS,FR,012QD000002ylXZYAY,Status,New,Mailjourney
2026-09-11T06:01:48.000Z,00QP500000uGq46MAC,FR,012QD000002ylXZYAY,Status,New,Mailjourney
2026-09-11T06:01:48.000Z,00QQD00000bTMLb2AO,FR,012QD000002ylXZYAY,Status,Mailjourney,Re-entered
2026-09-11T06:01:48.000Z,00QP500000uGq48MAC,IT,012QD000002ylcPYAQ,Status,New,Mailjourney
2026-09-10T18:13:07.000Z,00QQD00000bYfOQ2A0,NL,0127Q000000upr9QAA,Status,Not Qualified,Re-entered
2026-09-10T16:31:51.000Z,00QQD00000ZGlgP2AT,BE,0127Q000000eERIQA2,Status,Converted Old SF,Re-entered
2026-09-10T15:33:55.000Z,00QP500000t4ForMAE,BE,0127Q000000eERIQA2,Status,Mailjourney,Re-entered
2026-09-10T14:54:30.000Z,00QP500000utUV4MAM,NL,0127Q000000upr9QAA,Status,New,Mailjourney
2026-09-10T14:51:41.000Z,00QP500000utIwzMAE,NL,0127Q000000upr9QAA,Status,New,Mailjourney
2026-09-10T14:48:52.000Z,00QQD00000AQC6I2AX,NL,0127Q000000upr9QAA,Status,Re-entered,Appointment
2026-09-10T14:47:01.000Z,00QP500000uu2wYMAQ,BE,0127Q000000eERIQA2,Status,New,Not reached
2026-09-10T14:37:39.000Z,00QQD00000AQAKW2A5,NL,0127Q000000upr9QAA,Status,Re-entered,Not reached
2026-09-10T14:14:21.000Z,00QP500000umIgnMAE,BE,0127Q000000eERIQA2,Status,Follow-up,Appointment
2026-09-10T14:14:01.000Z,00QQD00000AQAKW2A5,NL,0127Q000000upr9QAA,Status,Mailjourney,Re-entered
2026-09-10T14:12:57.000Z,00QQD00000AQC6I2AX,NL,0127Q000000upr9QAA,Status,Lost,Re-entered
2026-09-10T14:08:56.000Z,00QP500000uCBltMAG,NL,0127Q000000upr9QAA,Status,Follow-up,Mailjourney
2026-09-10T14:07:08.000Z,00QP500000uB8V3MAK,NL,0127Q000000upr9QAA,Status,Follow-up,Mailjourney
2026-09-10T14:04:00.000Z,00QP500000utVyzMAE,BE,0127Q000000eERIQA2,Status,New,Follow-up
2026-09-10T14:02:28.000Z,00QP500000rqyXrMAI,NL,0127Q000000upr9QAA,Status,Follow-up,Lost
2026-09-10T14:02:10.000Z,00QP500000usPZ5MAM,NL,0127Q000000upr9QAA,Status,New,Follow-up
2026-09-10T13:39:40.000Z,00QP500000uq9AHMAY,NL,0127Q000000upr9QAA,Status,Not reached,Appointment
2026-09-10T13:37:38.000Z,00QP500000utTdpMAE,BE,0127Q000000eERIQA2,Status,New,Follow-up
2026-09-10T13:35:11.000Z,00QP500000uYILfMAO,NL,0127Q000000upr9QAA,Status,Follow-up,Brochure
2026-09-10T13:27:17.000Z,00QP500000usCvBMAU,NL,0127Q000000upr9QAA,Status,Not reached,Not Qualified
2026-09-10T13:27:05.000Z,00QP500000usCvBMAU,NL,0127Q000000upr9QAA,Status,New,Not reached
2026-09-10T13:24:02.000Z,00QP500000urdW1MAI,NL,0127Q000000upr9QAA,Status,Brochure,Follow-up
2026-09-10T13:23:17.000Z,00QP500000uk7SuMAI,NL,0127Q000000upr9QAA,Status,Not reached,Not Qualified
2026-09-10T13:21:35.000Z,00QP500000uniu5MAA,NL,0127Q000000upr9QAA,Status,Not reached,Re-entered - Phone Number Changed
2026-09-10T13:20:24.000Z,00QP500000rjD4KMAU,NL,0127Q000000upr9QAA,Status,Not reached,Follow-up
2026-09-10T13:17:02.000Z,00QP500000urVf2MAE,NL,0127Q000000upr9QAA,Status,New,Not Qualified
2026-09-10T13:16:03.000Z,00QP500000ulsvzMAA,BE,0127Q000000eERIQA2,Status,Not reached,Mailjourney
2026-09-10T13:15:56.000Z,00QP500000umHRQMA2,BE,0127Q000000eERIQA2,Status,Not reached,Appointment
2026-09-10T13:15:30.000Z,00QP500000up1MoMAI,NL,0127Q000000upr9QAA,Status,Not reached,Follow-up
2026-09-10T13:08:22.000Z,00QP500000urv1ZMAQ,BE,0127Q000000eERIQA2,Status,New,Follow-up
2026-09-10T13:04:45.000Z,00QP500000usIVzMAM,NL,0127Q000000upr9QAA,Status,New,Appointment
2026-09-10T13:02:12.000Z,00QP500000uoNcIMAU,NL,0127Q000000upr9QAA,Status,Not reached,Appointment
2026-09-10T13:01:28.000Z,00QQD00000AQ1uP2AT,NL,0127Q000000upr9QAA,Status,Re-entered,Not reached
2026-09-10T12:58:23.000Z,00QP500000up3DJMAY,NL,0127Q000000upr9QAA,Status,Not reached,Appointment
2026-09-10T12:57:55.000Z,00QP500000useI0MAI,BE,0127Q000000eERIQA2,Status,New,Not reached
2026-09-10T12:57:21.000Z,00QP500000uqVSVMA2,NL,0127Q000000upr9QAA,Status,Not reached,Appointment
2026-09-10T12:52:44.000Z,00QP500000uq7I5MAI,NL,0127Q000000upr9QAA,Status,Not reached,Not Qualified
2026-09-10T12:49:46.000Z,00QP500000uqVSVMA2,NL,0127Q000000upr9QAA,Status,Re-entered - Phone Number Changed,Not reached
2026-09-10T12:46:23.000Z,00QP500000ueBm7MAE,NL,0127Q000000upr9QAA,Status,Follow-up,Appointment
2026-09-10T12:46:12.000Z,00QP500000usXDFMA2,BE,0127Q000000eERIQA2,Status,New,Not reached
2026-09-10T12:46:00.000Z,00QP500000qKx1DMAS,NL,0127Q000000upr9QAA,Status,Re-entered,Appointment
2026-09-10T12:43:33.000Z,00QP500000usqfjMAA,NL,0127Q000000upr9QAA,Status,New,Appointment
2026-09-10T12:43:14.000Z,00QP500000ut0iIMAQ,NL,0127Q000000upr9QAA,Status,New,Not Qualified
2026-09-10T12:41:59.000Z,00QQD00000AQ4Ak2AL,NL,0127Q000000upr9QAA,Status,Re-entered,Not reached
2026-09-10T12:40:54.000Z,00QQD00000ZFcBc2AL,BE,0127Q000000eERIQA2,Status,Re-entered,Appointment
2026-09-10T12:39:18.000Z,00QP500000uUFnnMAG,NL,0127Q000000upr9QAA,Status,Mailjourney,Not Qualified
2026-09-10T12:35:55.000Z,00QP500000uretWMAQ,NL,0127Q000000upr9QAA,Status,New,Not reached
2026-09-10T12:33:39.000Z,00QP500000urXLmMAM,NL,0127Q000000upr9QAA,Status,New,Appointment
2026-09-10T12:32:47.000Z,00QQD00000ZGwTZ2A1,BE,0127Q000000eERIQA2,Status,Not Qualified,Appointment
2026-09-10T12:28:44.000Z,00QP500000ur2GMMAY,NL,0127Q000000upr9QAA,Status,New,Appointment
2026-09-10T12:28:19.000Z,00QP500000uqm3XMAQ,NL,0127Q000000upr9QAA,Status,New,Not reached
2026-09-10T12:26:48.000Z,00QP500000usWaYMAU,BE,0127Q000000eERIQA2,Status,New,Not Qualified
2026-09-10T12:25:22.000Z,00QP500000usWaZMAU,BE,0127Q000000eERIQA2,Status,New,Not reached
2026-09-10T12:21:53.000Z,00QP500000uryIlMAI,BE,0127Q000000eERIQA2,Status,New,Appointment
2026-09-10T12:14:52.000Z,00QP500000uqgSmMAI,NL,0127Q000000upr9QAA,Status,New,Not Qualified
2026-09-10T12:14:51.000Z,00QP500000untUXMAY,NL,0127Q000000upr9QAA,Status,Not reached,Appointment
2026-09-10T12:12:15.000Z,00QP500000us55jMAA,BE,0127Q000000eERIQA2,Status,New,Not reached
2026-09-10T12:11:15.000Z,00QP500000ukxeLMAQ,NL,0127Q000000upr9QAA,Status,Follow-up,Not Qualified
2026-09-10T12:10:05.000Z,00QQD00000AQRAZ2A5,NL,0127Q000000upr9QAA,Status,Not reached,Follow-up
2026-09-10T12:08:34.000Z,00QQD00000AQDup2AH,NL,0127Q000000upr9QAA,Status,Not reached,Not Qualified
2026-09-10T12:08:19.000Z,00QP500000urSCUMA2,BE,0127Q000000eERIQA2,Status,Not reached,Appointment
2026-09-10T12:07:04.000Z,00QP500000uretVMAQ,BE,0127Q000000eERIQA2,Status,New,Appointment
2026-09-10T12:06:52.000Z,00QP500000ukxeLMAQ,NL,0127Q000000upr9QAA,Status,Not reached,Follow-up
2026-09-10T12:04:44.000Z,00QP500000urhORMAY,BE,0127Q000000eERIQA2,Status,Not reached,Appointment
2026-09-10T12:02:46.000Z,00QQD00000APxTl2AL,NL,0127Q000000upr9QAA,Status,Re-entered,Not reached
2026-09-10T12:02:37.000Z,00QP500000uiCQFMA2,NL,0127Q000000upr9QAA,Status,Not reached,Mailjourney
2026-09-10T12:00:58.000Z,00QP500000uiTE9MAM,NL,0127Q000000upr9QAA,Status,Not reached,Follow-up
2026-09-10T11:57:58.000Z,00QP500000usIMIMA2,BE,0127Q000000eERIQA2,Status,New,Lost
2026-09-10T11:56:08.000Z,00QP500000uhAS9MAM,NL,0127Q000000upr9QAA,Status,Not reached,Follow-up
2026-09-10T11:55:18.000Z,00QP500000urhORMAY,BE,0127Q000000eERIQA2,Status,New,Not reached
2026-09-10T11:55:03.000Z,00QQD00000TOSs72AH,NL,0127Q000000upr9QAA,Status,Not reached,Not Qualified
2026-09-10T11:54:56.000Z,00QQD00000TOSs72AH,NL,0127Q000000upr9QAA,Status,Re-entered,Not reached
2026-09-10T11:54:11.000Z,00QP500000us4PlMAI,NL,0127Q000000upr9QAA,Status,New,Not Qualified
2026-09-10T11:52:25.000Z,00QP500000urSCUMA2,BE,0127Q000000eERIQA2,Status,New,Not reached
2026-09-10T11:51:51.000Z,00QP500000usB6JMAU,NL,0127Q000000upr9QAA,Status,New,Follow-up
2026-09-10T11:50:19.000Z,00QP500000uffTbMAI,BE,0127Q000000eERIQA2,Status,Not reached,Mailjourney
2026-09-10T11:46:44.000Z,00QP500000uqxYWMAY,NL,0127Q000000upr9QAA,Status,New,Appointment
2026-09-10T11:43:44.000Z,00QP500000ursRqMAI,NL,0127Q000000upr9QAA,Status,New,Not Qualified
2026-09-10T11:39:23.000Z,00QP500000ueG7SMAU,NL,0127Q000000upr9QAA,Status,Follow-up,Mailjourney
2026-09-10T11:36:48.000Z,00QP500000qKx1DMAS,NL,0127Q000000upr9QAA,Status,Not Qualified,Re-entered
2026-09-10T11:21:52.000Z,00QP500000urfcoMAA,NL,0127Q000000upr9QAA,Status,New,Appointment
2026-09-10T11:19:36.000Z,00QQD00000btWOX2A2,NL,0127Q000000upr9QAA,Status,Not reached,Lost
2026-09-10T11:18:31.000Z,00QP500000urXLnMAM,NL,0127Q000000upr9QAA,Status,Not reached,Appointment
2026-09-10T11:14:10.000Z,00QP500000uqVSVMA2,NL,0127Q000000upr9QAA,Status,Not reached,Re-entered - Phone Number Changed
2026-09-10T11:03:28.000Z,00QP500000tM0wBMAS,NL,0127Q000000upr9QAA,Status,Follow-up,Mailjourney
2026-09-10T10:59:18.000Z,00QP500000urNJCMA2,NL,0127Q000000upr9QAA,Status,New,Appointment
2026-09-10T10:58:54.000Z,00QQD00000AQ1uP2AT,NL,0127Q000000upr9QAA,Status,Mailjourney,Re-entered
2026-09-10T10:52:25.000Z,00QP500000tYMPqMAO,BE,0127Q000000eERIQA2,Status,Mailjourney,Appointment
2026-09-10T10:47:53.000Z,00QQD00000TOSs72AH,NL,0127Q000000upr9QAA,Status,Mailjourney,Re-entered
2026-09-10T10:42:29.000Z,00QP500000urRoFMAU,BE,0127Q000000eERIQA2,Status,New,Appointment
2026-09-10T10:41:52.000Z,00QP500000urXLnMAM,NL,0127Q000000upr9QAA,Status,New,Not reached
2026-09-10T10:35:11.000Z,00QQD00000cru7p2AA,NL,0127Q000000upr9QAA,Status,Follow-up,Mailjourney
2026-09-10T10:31:14.000Z,00QQD00000APxTl2AL,NL,0127Q000000upr9QAA,Status,Lost,Re-entered
2026-09-10T10:22:53.000Z,00QQD00000cQ93N2AS,NL,0127Q000000upr9QAA,Status,Follow-up,Lost
2026-09-10T10:20:19.000Z,00QP500000urEEJMA2,NL,0127Q000000upr9QAA,Status,New,Not Qualified
2026-09-10T10:17:02.000Z,00QP500000tR69jMAC,BE,0127Q000000eERIQA2,Status,Follow-up,Mailjourney
2026-09-10T10:16:00.000Z,00QQD00000AQ4Ak2AL,NL,0127Q000000upr9QAA,Status,Follow-up,Re-entered
2026-09-10T10:14:31.000Z,00QQD00000UIcbq2AD,NL,0127Q000000upr9QAA,Status,Re-entered,Appointment
2026-09-10T10:14:00.000Z,00QP500000uoh81MAA,BE,0127Q000000eERIQA2,Status,Not reached,Not Qualified
2026-09-10T10:06:40.000Z,00QP500000urdW1MAI,NL,0127Q000000upr9QAA,Status,New,Brochure
2026-09-10T10:04:17.000Z,00QP500000ukbHRMAY,NL,0127Q000000upr9QAA,Status,Not reached,Appointment
2026-09-10T10:01:22.000Z,00QQD00000ZGUOW2A5,BE,0127Q000000eERIQA2,Status,Re-entered,Not reached
2026-09-10T09:56:55.000Z,00QP500000uqF4QMAU,NL,0127Q000000upr9QAA,Status,Not reached,Appointment
2026-09-10T09:54:04.000Z,00QP500000uqF4QMAU,NL,0127Q000000upr9QAA,Status,Re-entered - Phone Number Changed,Not reached
2026-09-10T09:52:53.000Z,00QP500000tzwkAMAQ,NL,0127Q000000upr9QAA,Status,Follow-up,Mailjourney
2026-09-10T09:51:28.000Z,00QQD00000YdLiX2AV,NL,0127Q000000upr9QAA,Status,Follow-up,Mailjourney
2026-09-10T09:50:35.000Z,00QP500000thDYiMAM,NL,0127Q000000upr9QAA,Status,Follow-up,Mailjourney
2026-09-10T09:48:29.000Z,00QQD00000AQ8DN2A1,NL,0127Q000000upr9QAA,Status,Follow-up,Mailjourney
2026-09-10T09:46:53.000Z,00QQD00000ZGUOW2A5,BE,0127Q000000eERIQA2,Status,Mailjourney,Re-entered
2026-09-10T09:44:36.000Z,00QP500000uBV8NMAW,NL,0127Q000000upr9QAA,Status,Follow-up,Mailjourney
2026-09-10T09:43:27.000Z,00QP500000u8KvlMAE,NL,0127Q000000upr9QAA,Status,Follow-up,Mailjourney
2026-09-10T09:42:25.000Z,00QP500000unMaDMAU,NL,0127Q000000upr9QAA,Status,Re-entered - Phone Number Changed,Appointment
2026-09-10T09:42:13.000Z,00QP500000tdrKwMAI,NL,0127Q000000upr9QAA,Status,Follow-up,Lost
2026-09-10T09:39:12.000Z,00QP500000uqxmvMAA,NL,0127Q000000upr9QAA,Status,New,Appointment
2026-09-10T09:39:11.000Z,00QP500000urF5XMAU,NL,0127Q000000upr9QAA,Status,New,Not Qualified
2026-09-10T09:34:09.000Z,00QP500000uqEzXMAU,NL,0127Q000000upr9QAA,Status,New,Not Qualified
2026-09-10T09:32:25.000Z,00QP500000tlDQNMA2,NL,0127Q000000upr9QAA,Status,Follow-up,Mailjourney
2026-09-10T09:31:42.000Z,00QP500000tQEAvMAO,NL,0127Q000000upr9QAA,Status,Follow-up,Mailjourney
2026-09-10T09:31:34.000Z,00QP500000uqcycMAA,NL,0127Q000000upr9QAA,Status,New,Lost
2026-09-10T09:29:14.000Z,00QP500000ulmHAMAY,NL,0127Q000000upr9QAA,Status,Brochure,Follow-up
2026-09-10T09:28:27.000Z,00QP500000ufo74MAA,NL,0127Q000000upr9QAA,Status,Brochure,Follow-up
2026-09-10T09:28:00.000Z,00QP500000uqF4QMAU,NL,0127Q000000upr9QAA,Status,Not reached,Re-entered - Phone Number Changed
2026-09-10T09:27:17.000Z,00QP500000uqVSVMA2,NL,0127Q000000upr9QAA,Status,New,Not reached
2026-09-10T09:26:19.000Z,00QP500000ugNG5MAM,BE,0127Q000000eERIQA2,Status,Not reached,Follow-up
2026-09-10T09:25:30.000Z,00QP500000uq9AHMAY,NL,0127Q000000upr9QAA,Status,New,Not reached
2026-09-10T09:23:56.000Z,00QQD00000UIcbq2AD,NL,0127Q000000upr9QAA,Status,Mailjourney,Re-entered
2026-09-10T09:23:45.000Z,00QP500000uq3zKMAQ,NL,0127Q000000upr9QAA,Status,New,Not reached
2026-09-10T09:23:44.000Z,00QQD00000dO7pv2AC,NL,0127Q000000upr9QAA,Status,Follow-up,Mailjourney
2026-09-10T09:22:53.000Z,00QQD00000ZFcBc2AL,BE,0127Q000000eERIQA2,Status,Mailjourney,Re-entered
2026-09-10T09:22:19.000Z,00QP500000ukbHRMAY,NL,0127Q000000upr9QAA,Status,Follow-up,Not reached
2026-09-10T09:18:49.000Z,00QP500000uV2jeMAC,NL,0127Q000000upr9QAA,Status,Follow-up,Mailjourney
2026-09-10T09:15:00.000Z,00QP500000uN248MAC,BE,0127Q000000eERIQA2,Status,Follow-up,Mailjourney
2026-09-10T09:14:15.000Z,00QP500000uUFnnMAG,NL,0127Q000000upr9QAA,Status,Follow-up,Mailjourney
2026-09-10T09:12:52.000Z,00QP500000uRLw9MAG,NL,0127Q000000upr9QAA,Status,Follow-up,Lost
2026-09-10T09:07:33.000Z,00QP500000uqF4QMAU,NL,0127Q000000upr9QAA,Status,New,Not reached
2026-09-10T09:06:11.000Z,00QP500000uqqqIMAQ,NL,0127Q000000upr9QAA,Status,New,Mailjourney
2026-09-10T09:05:53.000Z,00QQD00000LK7yy2AD,NL,0127Q000000upr9QAA,Status,Not reached,Appointment
2026-09-10T09:05:24.000Z,00QQD00000ZYOF32AP,NL,0127Q000000upr9QAA,Status,Follow-up,Mailjourney
2026-09-10T09:03:43.000Z,00QQD00000D6iV72AJ,NL,0127Q000000upr9QAA,Status,Not reached,Follow-up
2026-09-10T09:00:35.000Z,00QP500000uq8xOMAQ,BE,0127Q000000eERIQA2,Status,New,Appointment
2026-09-10T08:59:00.000Z,00QQD00000AQJZ62AP,NL,0127Q000000upr9QAA,Status,Follow-up,Mailjourney
2026-09-10T08:58:33.000Z,00QP500000tXAljMAG,NL,0127Q000000upr9QAA,Status,Follow-up,Lost
2026-09-10T08:57:46.000Z,00QP500000s7CwkMAE,NL,0127Q000000upr9QAA,Status,Follow-up,Mailjourney
2026-09-10T08:57:30.000Z,00QP500000uqPRtMAM,NL,0127Q000000upr9QAA,Status,New,Appointment
2026-09-10T08:54:03.000Z,00QQD00000YP5Dq2AL,NL,0127Q000000upr9QAA,Status,Follow-up,Mailjourney
2026-09-10T08:53:47.000Z,00QP500000upoqYMAQ,NL,0127Q000000upr9QAA,Status,New,Not reached
2026-09-10T08:53:18.000Z,00QP500000uf9lSMAQ,NL,0127Q000000upr9QAA,Status,Follow-up,Mailjourney
2026-09-10T08:51:52.000Z,00QP500000uq7I5MAI,NL,0127Q000000upr9QAA,Status,New,Not reached
2026-09-10T08:49:28.000Z,00QP500000uqMU1MAM,BE,0127Q000000eERIQA2,Status,New,Appointment
2026-09-10T08:49:07.000Z,00QQD00000Zvqtl2AB,NL,0127Q000000upr9QAA,Status,Re-entered,Follow-up
2026-09-10T08:48:13.000Z,00QP500000uewgAMAQ,NL,0127Q000000upr9QAA,Status,Not reached,Follow-up
2026-09-10T08:43:58.000Z,00QP500000ukf7xMAA,NL,0127Q000000upr9QAA,Status,Not reached,Not Qualified
2026-09-10T08:39:23.000Z,00QP500000uqe4LMAQ,BE,0127Q000000eERIQA2,Status,New,Not reached
2026-09-10T08:38:31.000Z,00QP500000rjD4KMAU,NL,0127Q000000upr9QAA,Status,Re-entered,Not reached
2026-09-10T08:37:20.000Z,00QQD00000b858U2AQ,NL,0127Q000000upr9QAA,Status,Re-entered,Not reached
2026-09-10T08:36:57.000Z,00QP500000udiCEMAY,NL,0127Q000000upr9QAA,Status,Not reached,Appointment
2026-09-10T08:35:06.000Z,00QP500000uqA7uMAE,NL,0127Q000000upr9QAA,Status,New,Follow-up
2026-09-10T08:34:02.000Z,00QP500000uphcBMAQ,NL,0127Q000000upr9QAA,Status,New,Not Qualified
2026-09-10T08:33:53.000Z,00QP500000ufbkvMAA,NL,0127Q000000upr9QAA,Status,Not reached,Not Qualified
2026-09-10T08:29:08.000Z,00QP500000ujqK0MAI,NL,0127Q000000upr9QAA,Status,Not reached,Not Qualified
2026-09-10T08:29:06.000Z,00QQD00000ZGzmY2AT,BE,0127Q000000eERIQA2,Status,Re-entered,Follow-up
2026-09-10T08:28:35.000Z,00QP500000uFKivMAG,NL,0127Q000000upr9QAA,Status,Follow-up,Not Qualified
2026-09-10T08:27:00.000Z,00QP500000u4z1YMAQ,NL,0127Q000000upr9QAA,Status,Follow-up,Mailjourney
2026-09-10T08:26:57.000Z,00QP500000uZFtbMAG,NL,0127Q000000upr9QAA,Status,Not reached,Appointment
2026-09-10T08:26:23.000Z,00QP500000uobFRMAY,BE,0127Q000000eERIQA2,Status,Not reached,Appointment
2026-09-10T08:24:15.000Z,00QP500000umfmzMAA,NL,0127Q000000upr9QAA,Status,Not reached,Appointment
2026-09-10T08:23:35.000Z,00QP500000unMaDMAU,NL,0127Q000000upr9QAA,Status,Not reached,Re-entered - Phone Number Changed
2026-09-10T08:21:37.000Z,00QP500000uoDLOMA2,BE,0127Q000000eERIQA2,Status,New,Appointment
2026-09-10T08:19:06.000Z,00QP500000up1MoMAI,NL,0127Q000000upr9QAA,Status,New,Not reached
2026-09-10T08:18:37.000Z,00QP500000upHbFMAU,NL,0127Q000000upr9QAA,Status,New,Not Qualified
2026-09-10T08:15:58.000Z,00QQD00000ZGzmY2AT,BE,0127Q000000eERIQA2,Status,Mailjourney,Re-entered
2026-09-10T08:15:09.000Z,00QP500000uoiVTMAY,NL,0127Q000000upr9QAA,Status,New,Not reached
2026-09-10T08:14:28.000Z,00QP500000uptJxMAI,NL,0127Q000000upr9QAA,Status,New,Appointment
2026-09-10T08:11:53.000Z,00QP500000uoLaUMAU,NL,0127Q000000upr9QAA,Status,New,Not reached
2026-09-10T08:11:08.000Z,00QP500000upGX7MAM,NL,0127Q000000upr9QAA,Status,New,Not reached
2026-09-10T08:09:18.000Z,00QP500000ue2sUMAQ,BE,0127Q000000eERIQA2,Status,Not reached,Mailjourney
2026-09-10T08:09:07.000Z,00QP500000unxrVMAQ,BE,0127Q000000eERIQA2,Status,New,Not reached
2026-09-10T08:08:18.000Z,00QP500000uoarGMAQ,BE,0127Q000000eERIQA2,Status,New,Not reached
2026-09-10T08:07:17.000Z,00QP500000ucAatMAE,BE,0127Q000000eERIQA2,Status,Not reached,Mailjourney
2026-09-10T08:06:37.000Z,00QP500000uobFRMAY,BE,0127Q000000eERIQA2,Status,New,Not reached
2026-09-10T08:05:38.000Z,00QQD00000VD3EM2A1,NL,0127Q000000upr9QAA,Status,Re-entered,Appointment
2026-09-10T08:04:41.000Z,00QP500000unrVxMAI,BE,0127Q000000eERIQA2,Status,New,Appointment
2026-09-10T08:04:26.000Z,00QP500000uowJuMAI,NL,0127Q000000upr9QAA,Status,New,Not reached
2026-09-10T08:01:39.000Z,00QP500000umPtfMAE,NL,0127Q000000upr9QAA,Status,New,Appointment
2026-09-10T07:57:57.000Z,00QP500000uo513MAA,NL,0127Q000000upr9QAA,Status,New,Appointment
2026-09-10T07:57:55.000Z,00QP500000uoNcIMAU,NL,0127Q000000upr9QAA,Status,New,Not reached
2026-09-10T07:57:45.000Z,00QQD00000AQ8KB2A1,NL,0127Q000000upr9QAA,Status,Re-entered,Appointment
2026-09-10T07:57:40.000Z,00QP500000uZ3FjMAK,BE,0127Q000000eERIQA2,Status,Not reached,Follow-up
2026-09-10T07:55:44.000Z,00QP500000uniu5MAA,NL,0127Q000000upr9QAA,Status,New,Not reached
2026-09-10T07:54:57.000Z,00QP500000upEbpMAE,BE,0127Q000000eERIQA2,Status,New,Appointment
2026-09-10T07:53:21.000Z,00QP500000uodxCMAQ,BE,0127Q000000eERIQA2,Status,Not reached,Not Qualified
2026-09-10T07:52:16.000Z,00QQD00000LK7yy2AD,NL,0127Q000000upr9QAA,Status,Re-entered,Not reached
2026-09-10T07:51:04.000Z,00QP500000uns2DMAQ,NL,0127Q000000upr9QAA,Status,New,Mailjourney
2026-09-10T07:50:41.000Z,00QP500000unvsvMAA,NL,0127Q000000upr9QAA,Status,New,Not Qualified
2026-09-10T07:49:18.000Z,00QP500000unwyfMAA,NL,0127Q000000upr9QAA,Status,New,Follow-up
2026-09-10T07:49:02.000Z,00QP500000unSHVMA2,NL,0127Q000000upr9QAA,Status,New,Appointment
2026-09-10T07:47:46.000Z,00QP500000up3DJMAY,NL,0127Q000000upr9QAA,Status,New,Not reached
2026-09-10T07:46:55.000Z,00QQD00000ZGqAi2AL,BE,0127Q000000eERIQA2,Status,Re-entered,Mailjourney
2026-09-10T07:46:44.000Z,00QP500000upGNRMA2,NL,0127Q000000upr9QAA,Status,New,Not reached
2026-09-10T07:45:25.000Z,00QQD00000L3MEV2A3,NL,0127Q000000upr9QAA,Status,Re-entered,Follow-up
2026-09-10T07:45:03.000Z,00QP500000un0wIMAQ,NL,0127Q000000upr9QAA,Status,New,Not reached
2026-09-10T07:43:58.000Z,00QP500000uVPxzMAG,BE,0127Q000000eERIQA2,Status,Follow-up,Mailjourney
2026-09-10T07:42:58.000Z,00QP500000u2DAbMAM,BE,0127Q000000eERIQA2,Status,Follow-up,Appointment
2026-09-10T07:41:58.000Z,00QQD00000L3MEV2A3,NL,0127Q000000upr9QAA,Status,Mailjourney,Re-entered
2026-09-10T07:41:41.000Z,00QP500000uoh81MAA,BE,0127Q000000eERIQA2,Status,New,Not reached
2026-09-10T07:41:10.000Z,00QP500000uoKszMAE,BE,0127Q000000eERIQA2,Status,New,Mailjourney
2026-09-10T07:41:10.000Z,00QP500000unMaDMAU,NL,0127Q000000upr9QAA,Status,New,Not reached
2026-09-10T07:39:50.000Z,00QP500000untUXMAY,NL,0127Q000000upr9QAA,Status,New,Not reached
2026-09-10T07:39:49.000Z,00QP500000soStKMAU,BE,0127Q000000eERIQA2,Status,Follow-up,Mailjourney
2026-09-10T07:39:49.000Z,00QP500000unL7uMAE,NL,0127Q000000upr9QAA,Status,New,Not reached
2026-09-10T07:38:44.000Z,00QP500000umpmPMAQ,NL,0127Q000000upr9QAA,Status,New,Not reached
2026-09-10T07:37:57.000Z,00QP500000unItBMAU,NL,0127Q000000upr9QAA,Status,New,Not reached
2026-09-10T07:37:26.000Z,00QP500000upVzBMAU,BE,0127Q000000eERIQA2,Status,New,Mailjourney
2026-09-10T07:37:25.000Z,00QP500000umdN5MAI,NL,0127Q000000upr9QAA,Status,New,Not reached
2026-09-10T07:37:25.000Z,00QP500000uq5plMAA,BE,0127Q000000eERIQA2,Status,New,Appointment
2026-09-10T07:36:13.000Z,00QP500000um4SZMAY,NL,0127Q000000upr9QAA,Status,New,Not reached
2026-09-10T07:35:20.000Z,00QP500000uodxCMAQ,BE,0127Q000000eERIQA2,Status,New,Not reached
2026-09-10T07:34:15.000Z,00QP500000uoGcQMAU,BE,0127Q000000eERIQA2,Status,New,Appointment
2026-09-10T07:30:06.000Z,00QP500000uo8IKMAY,BE,0127Q000000eERIQA2,Status,New,Appointment
2026-09-10T07:25:50.000Z,00QQD00000VD3EM2A1,NL,0127Q000000upr9QAA,Status,Mailjourney,Re-entered
2026-09-10T07:23:03.000Z,00QP500000uplnpMAA,BE,0127Q000000eERIQA2,Status,New,Mailjourney
2026-09-10T07:22:26.000Z,00QP500000uo2HhMAI,BE,0127Q000000eERIQA2,Status,New,Not reached
2026-09-10T07:18:28.000Z,00QP500000unpxEMAQ,BE,0127Q000000eERIQA2,Status,New,Mailjourney
2026-09-10T07:18:12.000Z,00QP500000unqLPMAY,BE,0127Q000000eERIQA2,Status,New,Not reached
2026-09-10T07:17:01.000Z,00QP500000unf8EMAQ,BE,0127Q000000eERIQA2,Status,New,Not reached
2026-09-10T07:13:27.000Z,00QP500000umsXKMAY,BE,0127Q000000eERIQA2,Status,New,Mailjourney
2026-09-10T07:00:23.000Z,00QQD00000ZGqAi2AL,BE,0127Q000000eERIQA2,Status,Not Qualified,Re-entered
2026-09-10T06:52:00.000Z,00QP500000uaFDDMA2,NL,0127Q000000upr9QAA,Status,Follow-up,Appointment
2026-09-10T06:49:43.000Z,00QP500000uoTMjMAM,BE,0127Q000000eERIQA2,Status,New,Not Qualified
2026-09-10T06:46:21.000Z,00QQD00000ZFAtt2AH,BE,0127Q000000eERIQA2,Status,Follow-up,Not Qualified
2026-09-10T06:40:35.000Z,00QP500000unzA9MAI,BE,0127Q000000eERIQA2,Status,New,Mailjourney
2026-09-10T06:39:26.000Z,00QP500000sHO5FMAW,NL,0127Q000000upr9QAA,Status,Re-entered,Mailjourney
2026-09-10T06:31:27.000Z,00QP500000uoyC1MAI,NL,0127Q000000upr9QAA,Status,New,Not Qualified
2026-09-10T06:29:21.000Z,00QP500000unbcXMAQ,NL,0127Q000000upr9QAA,Status,New,Not Qualified
2026-09-10T06:28:46.000Z,00QQD00000dRJ9l2AG,NL,0127Q000000upr9QAA,Status,Re-entered,Not Qualified
2026-09-10T06:26:30.000Z,00QP500000unlLjMAI,BE,0127Q000000eERIQA2,Status,New,Mailjourney
2026-09-10T06:21:48.000Z,00QQD00000ZGQv92AH,BE,0127Q000000eERIQA2,Status,Not reached,Follow-up
2026-09-10T06:05:57.000Z,00QQD00000AQ8KB2A1,NL,0127Q000000upr9QAA,Status,Mailjourney,Re-entered
2026-09-10T06:02:48.000Z,00QP500000u9bsxMAA,IT,012QD000002ylcPYAQ,Status,New,Not Qualified
2026-09-10T06:02:48.000Z,00QQD00000cTJEH2A4,IT,012QD000002ylcPYAQ,Status,Re-entered,Lost
2026-09-10T06:02:48.000Z,00QQD00000ZFKOl2AP,IT,012QD000002ylcPYAQ,Status,Mailjourney,Re-entered
2026-09-10T06:02:48.000Z,00QP500000u9bt5MAA,IT,012QD000002ylcPYAQ,Status,New,Not Qualified
2026-09-10T06:02:48.000Z,00QP500000u9bt4MAA,IT,012QD000002ylcPYAQ,Status,New,Not Qualified
2026-09-10T06:02:48.000Z,00QP500000u9bt2MAA,IT,012QD000002ylcPYAQ,Status,New,Not Qualified
2026-09-10T06:02:48.000Z,00QP500000u9bt1MAA,IT,012QD000002ylcPYAQ,Status,New,Not Qualified
2026-09-10T06:02:48.000Z,00QP500000u9bt0MAA,IT,012QD000002ylcPYAQ,Status,New,Not Qualified
2026-09-10T06:02:48.000Z,00QP500000uN6EDMA0,IT,012QD000002ylcPYAQ,Status,Not Qualified,Re-entered
2026-09-10T00:00:13.000Z,00QQD00000dRJ9l2AG,NL,0127Q000000upr9QAA,Status,Not Qualified,Re-entered
2026-09-09T22:32:50.000Z,00QP500000sHO5FMAW,NL,0127Q000000upr9QAA,Status,Mailjourney,Re-entered
2026-09-09T20:56:59.000Z,00QP500000rjD4KMAU,NL,0127Q000000upr9QAA,Status,Mailjourney,Re-entered
2026-09-09T17:02:27.000Z,00QQD00000b858U2AQ,NL,0127Q000000upr9QAA,Status,Mailjourney,Re-entered
2026-09-09T16:42:02.000Z,00QQD00000LK7yy2AD,NL,0127Q000000upr9QAA,Status,Mailjourney,Re-entered
2026-09-09T14:57:28.000Z,00QQD00000AQRAZ2A5,NL,0127Q000000upr9QAA,Status,Re-entered,Not reached
2026-09-09T14:52:58.000Z,00QP500000umXz8MAE,NL,0127Q000000upr9QAA,Status,New,Follow-up
2026-09-09T14:52:40.000Z,00QP500000umIgnMAE,BE,0127Q000000eERIQA2,Status,New,Follow-up
2026-09-09T14:49:41.000Z,00QP500000ucclbMAA,NL,0127Q000000upr9QAA,Status,Not reached,Follow-up
2026-09-09T14:48:34.000Z,00QP500000umPbqMAE,NL,0127Q000000upr9QAA,Status,New,Follow-up
2026-09-09T14:47:58.000Z,00QQD00000Zvqtl2AB,NL,0127Q000000upr9QAA,Status,Mailjourney,Re-entered
2026-09-09T14:44:48.000Z,00QP500000ulg8ZMAQ,NL,0127Q000000upr9QAA,Status,New,Lost
2026-09-09T14:44:14.000Z,00QP500000u3nNKMAY,NL,0127Q000000upr9QAA,Status,Follow-up,Mailjourney
2026-09-09T14:43:47.000Z,00QP500000umfmzMAA,NL,0127Q000000upr9QAA,Status,New,Not reached
2026-09-09T14:38:40.000Z,00QP500000ulgy4MAA,BE,0127Q000000eERIQA2,Status,New,Not Qualified
2026-09-09T14:36:50.000Z,00QP500000ulsvzMAA,BE,0127Q000000eERIQA2,Status,New,Not reached
2026-09-09T14:35:18.000Z,00QP500000ulmHAMAY,NL,0127Q000000upr9QAA,Status,New,Brochure
2026-09-09T14:34:42.000Z,00QP500000uO3e2MAC,NL,0127Q000000upr9QAA,Status,Follow-up,Appointment
2026-09-09T14:28:44.000Z,00QP500000ucONdMAM,NL,0127Q000000upr9QAA,Status,Mailjourney,Appointment
2026-09-09T14:26:37.000Z,00QP500000umHb0MAE,NL,0127Q000000upr9QAA,Status,New,Appointment
2026-09-09T14:26:22.000Z,00QP500000ulu8AMAQ,BE,0127Q000000eERIQA2,Status,New,Appointment
2026-09-09T14:20:14.000Z,00QP500000ugdHdMAI,NL,0127Q000000upr9QAA,Status,Not reached,Not Qualified
2026-09-09T14:15:53.000Z,00QP500000uirmzMAA,NL,0127Q000000upr9QAA,Status,Not reached,Follow-up
2026-09-09T14:14:19.000Z,00QP500000ulLX4MAM,NL,0127Q000000upr9QAA,Status,Not reached,Mailjourney
2026-09-09T14:14:11.000Z,00QP500000ulLX4MAM,NL,0127Q000000upr9QAA,Status,New,Not reached
2026-09-09T14:10:33.000Z,00QP500000ueehdMAA,BE,0127Q000000eERIQA2,Status,Follow-up,Appointment
2026-09-09T14:08:08.000Z,00QP500000umL57MAE,NL,0127Q000000upr9QAA,Status,New,Follow-up
2026-09-09T14:07:02.000Z,00QP500000umHRQMA2,BE,0127Q000000eERIQA2,Status,New,Not reached
2026-09-09T14:03:43.000Z,00QP500000uFJA9MAO,BE,0127Q000000eERIQA2,Status,Follow-up,Mailjourney
2026-09-09T14:00:04.000Z,00QP500000tXdSmMAK,BE,0127Q000000eERIQA2,Status,Mailjourney,Appointment
2026-09-09T13:54:05.000Z,00QP500000ufo74MAA,NL,0127Q000000upr9QAA,Status,Not reached,Brochure
2026-09-09T13:52:36.000Z,00QP500000trDx7MAE,NL,0127Q000000upr9QAA,Status,Brochure,Follow-up
2026-09-09T13:51:30.000Z,00QP500000trDx7MAE,NL,0127Q000000upr9QAA,Status,Re-entered - Phone Number Changed,Brochure
2026-09-09T13:50:17.000Z,00QP500000pkSf3MAE,BE,0127Q000000eERIQA2,Status,Re-entered,Not Qualified
2026-09-09T13:49:52.000Z,00QP500000ulp22MAA,BE,0127Q000000eERIQA2,Status,New,Not Qualified
2026-09-09T13:41:17.000Z,00QP500000ts0plMAA,NL,0127Q000000upr9QAA,Status,Follow-up,Mailjourney
2026-09-09T13:40:15.000Z,00QP500000pkSf3MAE,BE,0127Q000000eERIQA2,Status,Not Qualified,Re-entered
2026-09-09T13:39:47.000Z,00QP500000uirmzMAA,NL,0127Q000000upr9QAA,Status,New,Not reached
2026-09-09T13:37:34.000Z,00QP500000tkNpyMAE,NL,0127Q000000upr9QAA,Status,Follow-up,Appointment
2026-09-09T13:31:09.000Z,00QP500000uffTaMAI,NL,0127Q000000upr9QAA,Status,Not reached,Mailjourney
2026-09-09T13:29:53.000Z,00QP500000uj337MAA,BE,0127Q000000eERIQA2,Status,Not reached,Follow-up
2026-09-09T13:27:19.000Z,00QP500000ulZwYMAU,NL,0127Q000000upr9QAA,Status,New,Follow-up
2026-09-09T13:22:00.000Z,00QP500000ueLohMAE,NL,0127Q000000upr9QAA,Status,Not reached,Mailjourney
2026-09-09T13:20:57.000Z,00QP500000udh04MAA,NL,0127Q000000upr9QAA,Status,Not reached,Follow-up
2026-09-09T13:16:36.000Z,00QP500000trDx7MAE,NL,0127Q000000upr9QAA,Status,Mailjourney,Re-entered - Phone Number Changed
2026-09-09T13:10:20.000Z,00QP500000ul0XjMAI,NL,0127Q000000upr9QAA,Status,New,Appointment
2026-09-09T13:08:51.000Z,00QP500000ukbHRMAY,NL,0127Q000000upr9QAA,Status,Not reached,Follow-up
2026-09-09T13:08:19.000Z,00QP500000ukbHRMAY,NL,0127Q000000upr9QAA,Status,New,Not reached
2026-09-09T13:07:06.000Z,00QP500000uky5nMAA,NL,0127Q000000upr9QAA,Status,New,Not Qualified
2026-09-09T13:00:43.000Z,00QP500000ueBJ3MAM,NL,0127Q000000upr9QAA,Status,Not reached,Mailjourney
2026-09-09T12:58:40.000Z,00QP500000udL2lMAE,NL,0127Q000000upr9QAA,Status,Not reached,Mailjourney
2026-09-09T12:57:10.000Z,00QP500000ubVm9MAE,NL,0127Q000000upr9QAA,Status,Not reached,Appointment
2026-09-09T12:49:25.000Z,00QP500000ughJeMAI,BE,0127Q000000eERIQA2,Status,Not reached,Appointment
2026-09-09T12:46:50.000Z,00QQD00000GmcmX2AR,NL,0127Q000000upr9QAA,Status,Re-entered,Lost
2026-09-09T12:46:12.000Z,00QQD00000AQNqR2AX,NL,0127Q000000upr9QAA,Status,Not reached,Mailjourney
2026-09-09T12:44:03.000Z,00QP500000ud91dMAA,BE,0127Q000000eERIQA2,Status,Not reached,Follow-up
2026-09-09T12:35:20.000Z,00QP500000ujqK0MAI,NL,0127Q000000upr9QAA,Status,New,Not reached
2026-09-09T12:35:11.000Z,00QP500000ujlVoMAI,BE,0127Q000000eERIQA2,Status,New,Appointment
2026-09-09T12:26:44.000Z,00QP500000rQM81MAG,NL,0127Q000000upr9QAA,Status,Follow-up,Appointment
2026-09-09T12:21:05.000Z,00QP500000rH7Q0MAK,NL,0127Q000000upr9QAA,Status,Mailjourney,Appointment
2026-09-09T12:20:12.000Z,00QQD00000AQRAZ2A5,NL,0127Q000000upr9QAA,Status,Mailjourney,Re-entered
2026-09-09T12:19:30.000Z,00QP500000ulELqMAM,BE,0127Q000000eERIQA2,Status,New,Appointment
2026-09-09T12:15:47.000Z,00QP500000ukswPMAQ,NL,0127Q000000upr9QAA,Status,New,Mailjourney
2026-09-09T11:53:27.000Z,00QP500000ugV5ZMAU,NL,0127Q000000upr9QAA,Status,Not reached,Follow-up
2026-09-09T11:52:52.000Z,00QP500000ubTsPMAU,NL,0127Q000000upr9QAA,Status,Not reached,Follow-up
2026-09-09T11:49:56.000Z,00QP500000ukxeLMAQ,NL,0127Q000000upr9QAA,Status,New,Not reached
2026-09-09T11:49:39.000Z,00QP500000ueG7SMAU,NL,0127Q000000upr9QAA,Status,Not reached,Follow-up
2026-09-09T11:49:02.000Z,00QP500000ukNFvMAM,BE,0127Q000000eERIQA2,Status,New,Follow-up
2026-09-09T11:47:55.000Z,00QQD00000ZGyoE2AT,BE,0127Q000000eERIQA2,Status,Mailjourney,Not Qualified
2026-09-09T11:46:45.000Z,00QP500000ukkduMAA,NL,0127Q000000upr9QAA,Status,New,Appointment
2026-09-09T11:44:43.000Z,00QP500000uBC0nMAG,NL,0127Q000000upr9QAA,Status,Follow-up,Mailjourney
2026-09-09T11:43:19.000Z,00QP500000txpN4MAI,NL,0127Q000000upr9QAA,Status,Follow-up,Mailjourney
2026-09-09T11:39:23.000Z,00QP500000ukf7xMAA,NL,0127Q000000upr9QAA,Status,New,Not reached
2026-09-09T11:39:11.000Z,00QP500000uk6BtMAI,NL,0127Q000000upr9QAA,Status,New,Lost
2026-09-09T11:34:01.000Z,00QP500000pgj1rMAA,BE,0127Q000000eERIQA2,Status,Mailjourney,Not Qualified
2026-09-09T11:30:53.000Z,00QP500000ujIzxMAE,BE,0127Q000000eERIQA2,Status,New,Appointment
2026-09-09T11:29:29.000Z,00QP500000ukVIHMA2,BE,0127Q000000eERIQA2,Status,New,Appointment
2026-09-09T11:17:04.000Z,00QP500000ukhkrMAA,BE,0127Q000000eERIQA2,Status,New,Mailjourney
2026-09-09T11:02:43.000Z,00QP500000ukh9pMAA,BE,0127Q000000eERIQA2,Status,New,Appointment
2026-09-09T10:52:28.000Z,00QP500000ujrj4MAA,NL,0127Q000000upr9QAA,Status,New,Mailjourney
2026-09-09T10:29:24.000Z,00QQD00000cxbQf2AI,NL,0127Q000000upr9QAA,Status,Re-entered,Mailjourney
2026-09-09T10:27:36.000Z,00QP500000uk6WpMAI,NL,0127Q000000upr9QAA,Status,New,Not reached
2026-09-09T10:23:34.000Z,00QP500000ujuKQMAY,NL,0127Q000000upr9QAA,Status,New,Appointment
2026-09-09T10:21:33.000Z,00QP500000ujH7iMAE,NL,0127Q000000upr9QAA,Status,Brochure,Follow-up
2026-09-09T10:21:33.000Z,00QP500000udedGMAQ,NL,0127Q000000upr9QAA,Status,Brochure,Follow-up
2026-09-09T10:21:33.000Z,00QP500000uMurOMAS,NL,0127Q000000upr9QAA,Status,Brochure,Follow-up
2026-09-09T10:21:33.000Z,00QP500000ucaqEMAQ,NL,0127Q000000upr9QAA,Status,Brochure,Follow-up
2026-09-09T10:19:08.000Z,00QQD00000dDmjY2AS,NL,0127Q000000upr9QAA,Status,Re-entered,Appointment
2026-09-09T10:15:27.000Z,00QP500000ukX5aMAE,NL,0127Q000000upr9QAA,Status,New,Appointment
2026-09-09T10:15:12.000Z,00QQD00000GmcmX2AR,NL,0127Q000000upr9QAA,Status,Mailjourney,Re-entered
2026-09-09T10:13:10.000Z,00QP500000ukYjBMAU,BE,0127Q000000eERIQA2,Status,New,Appointment
2026-09-09T10:10:02.000Z,00QP500000ujRGnMAM,NL,0127Q000000upr9QAA,Status,New,Not Qualified
2026-09-09T10:08:55.000Z,00QP500000ukCacMAE,BE,0127Q000000eERIQA2,Status,New,Not reached
2026-09-09T10:06:37.000Z,00QQD00000cJjml2AC,NL,0127Q000000upr9QAA,Status,Follow-up,Mailjourney
2026-09-09T10:06:09.000Z,00QP500000uHXgsMAG,NL,0127Q000000upr9QAA,Status,Mailjourney,Appointment
2026-09-09T10:01:32.000Z,00QP500000q5xHdMAI,BE,0127Q000000eERIQA2,Status,Re-entered,Follow-up
2026-09-09T09:58:34.000Z,00QQD00000ZGdX92AL,BE,0127Q000000eERIQA2,Status,Follow-up,Mailjourney
2026-09-09T09:52:45.000Z,00QP500000uNUbSMAW,BE,0127Q000000eERIQA2,Status,Follow-up,Mailjourney
2026-09-09T09:47:55.000Z,00QP500000udLKUMA2,NL,0127Q000000upr9QAA,Status,Not reached,Appointment
2026-09-09T09:47:36.000Z,00QQD00000ZGkJK2A1,BE,0127Q000000eERIQA2,Status,Follow-up,Not Qualified
2026-09-09T09:45:57.000Z,00QP500000uQoQkMAK,NL,0127Q000000upr9QAA,Status,Follow-up,Mailjourney
2026-09-09T09:44:20.000Z,00QP500000uQlxYMAS,NL,0127Q000000upr9QAA,Status,Follow-up,Mailjourney
2026-09-09T09:44:12.000Z,00QP500000q7DqeMAE,BE,0127Q000000eERIQA2,Status,Follow-up,Mailjourney
2026-09-09T09:43:34.000Z,00QP500000uQZgGMAW,NL,0127Q000000upr9QAA,Status,Follow-up,Mailjourney
2026-09-09T09:41:26.000Z,00QP500000uk7SuMAI,NL,0127Q000000upr9QAA,Status,New,Not reached
2026-09-09T09:41:10.000Z,00QQD00000AQf0V2AT,NL,0127Q000000upr9QAA,Status,Follow-up,Mailjourney
2026-09-09T09:40:55.000Z,00QP500000q5xHdMAI,BE,0127Q000000eERIQA2,Status,Mailjourney,Re-entered
2026-09-09T09:38:04.000Z,00QP500000uaFDDMA2,NL,0127Q000000upr9QAA,Status,Not reached,Follow-up
2026-09-09T09:35:07.000Z,00QQD00000AQ0KZ2A1,NL,0127Q000000upr9QAA,Status,Follow-up,Mailjourney
2026-09-09T09:34:01.000Z,00QP500000uMurOMAS,NL,0127Q000000upr9QAA,Status,Follow-up,Brochure
2026-09-09T09:30:05.000Z,00QP500000uiPgnMAE,NL,0127Q000000upr9QAA,Status,Not reached,Appointment
2026-09-09T09:26:52.000Z,00QP500000ui6G1MAI,BE,0127Q000000eERIQA2,Status,Not reached,Appointment
2026-09-09T09:21:44.000Z,00QP500000uiiZmMAI,BE,0127Q000000eERIQA2,Status,New,Appointment
2026-09-09T09:19:31.000Z,00QP500000tyOHWMA2,NL,0127Q000000upr9QAA,Status,Follow-up,Mailjourney
2026-09-09T09:17:21.000Z,00QP500000ujyW2MAI,BE,0127Q000000eERIQA2,Status,New,Not Qualified
2026-09-09T09:17:19.000Z,00QP500000uiCQFMA2,NL,0127Q000000upr9QAA,Status,New,Not reached
2026-09-09T09:16:03.000Z,00QP500000ujtbBMAQ,BE,0127Q000000eERIQA2,Status,New,Mailjourney
2026-09-09T09:13:04.000Z,00QP500000ujH7iMAE,NL,0127Q000000upr9QAA,Status,New,Brochure
2026-09-09T09:07:43.000Z,00QP500000ujv6kMAA,NL,0127Q000000upr9QAA,Status,New,Appointment
2026-09-09T08:58:51.000Z,00QQD00000dDmjY2AS,NL,0127Q000000upr9QAA,Status,Mailjourney,Re-entered
2026-09-09T08:57:54.000Z,00QP500000uQU76MAG,NL,0127Q000000upr9QAA,Status,Follow-up,Mailjourney
2026-09-09T08:57:00.000Z,00QP500000tlcVBMAY,NL,0127Q000000upr9QAA,Status,Follow-up,Lost
2026-09-09T08:56:21.000Z,00QP500000uWNdxMAG,BE,0127Q000000eERIQA2,Status,Mailjourney,Appointment
2026-09-09T08:53:37.000Z,00QP500000uW2HmMAK,NL,0127Q000000upr9QAA,Status,Follow-up,Mailjourney
2026-09-09T08:51:17.000Z,00QP500000uVPxzMAG,BE,0127Q000000eERIQA2,Status,Not reached,Follow-up
2026-09-09T08:51:11.000Z,00QP500000uRFu0MAG,NL,0127Q000000upr9QAA,Status,Follow-up,Mailjourney
2026-09-09T08:49:33.000Z,00QP500000uR0eqMAC,NL,0127Q000000upr9QAA,Status,Follow-up,Mailjourney
2026-09-09T08:48:21.000Z,00QP500000ucaqEMAQ,NL,0127Q000000upr9QAA,Status,Not reached,Brochure
2026-09-09T08:47:16.000Z,00QQD00000ZGFhF2AX,BE,0127Q000000eERIQA2,Status,Re-entered,Not Qualified
2026-09-09T08:46:51.000Z,00QP500000tz537MAA,NL,0127Q000000upr9QAA,Status,Follow-up,Mailjourney
2026-09-09T08:45:48.000Z,00QP500000tuMSnMAM,NL,0127Q000000upr9QAA,Status,Follow-up,Mailjourney
2026-09-09T08:45:28.000Z,00QP500000uWPr3MAG,BE,0127Q000000eERIQA2,Status,Not reached,Appointment
2026-09-09T08:44:45.000Z,00QQD00000ZGQv92AH,BE,0127Q000000eERIQA2,Status,Re-entered,Not reached
2026-09-09T08:44:08.000Z,00QP500000tkWJvMAM,NL,0127Q000000upr9QAA,Status,Follow-up,Mailjourney
2026-09-09T08:41:47.000Z,00QP500000t1hxlMAA,NL,0127Q000000upr9QAA,Status,Follow-up,Lost
2026-09-09T08:40:57.000Z,00QQD00000ZGQv92AH,BE,0127Q000000eERIQA2,Status,Not Qualified,Re-entered
2026-09-09T08:39:21.000Z,00QP500000sflWvMAI,NL,0127Q000000upr9QAA,Status,Follow-up,Mailjourney
2026-09-09T08:38:15.000Z,00QP500000uigUjMAI,NL,0127Q000000upr9QAA,Status,Not reached,Appointment
2026-09-09T08:37:46.000Z,00QP500000rIwAIMA0,NL,0127Q000000upr9QAA,Status,Follow-up,Mailjourney
2026-09-09T08:37:05.000Z,00QQD00000cxbQf2AI,NL,0127Q000000upr9QAA,Status,Mailjourney,Re-entered
2026-09-09T08:36:25.000Z,00QP500000ujTnBMAU,BE,0127Q000000eERIQA2,Status,New,Mailjourney
2026-09-09T08:34:48.000Z,00QP500000uavvZMAQ,BE,0127Q000000eERIQA2,Status,Not reached,Follow-up
2026-09-09T08:30:07.000Z,00QQD00000ZGFhF2AX,BE,0127Q000000eERIQA2,Status,Converted Old SF,Re-entered
2026-09-09T08:29:34.000Z,00QP500000uZjZuMAK,BE,0127Q000000eERIQA2,Status,Not reached,Follow-up
2026-09-09T08:28:54.000Z,00QP500000tl1x7MAA,NL,0127Q000000upr9QAA,Status,Follow-up,Mailjourney
2026-09-09T08:26:51.000Z,00QP500000tpdZDMAY,NL,0127Q000000upr9QAA,Status,New,Follow-up
2026-09-09T08:25:56.000Z,00QP500000ui6G1MAI,BE,0127Q000000eERIQA2,Status,New,Not reached
2026-09-09T08:25:40.000Z,00QP500000qnT1KMAU,NL,0127Q000000upr9QAA,Status,Follow-up,Lost
2026-09-09T08:25:29.000Z,00QP500000trXuFMAU,NL,0127Q000000upr9QAA,Status,Mailjourney,Lost
2026-09-09T08:24:39.000Z,00QP500000ufoexMAA,BE,0127Q000000eERIQA2,Status,Not reached,Lost
2026-09-09T08:23:59.000Z,00QP500000uiwfxMAA,NL,0127Q000000upr9QAA,Status,Mailjourney,Not Qualified
2026-09-09T08:22:52.000Z,00QQD00000AQDup2AH,NL,0127Q000000upr9QAA,Status,Re-entered,Not reached
2026-09-09T08:22:32.000Z,00QP500000uWNdxMAG,BE,0127Q000000eERIQA2,Status,Not reached,Mailjourney
2026-09-09T08:21:46.000Z,00QP500000udedGMAQ,NL,0127Q000000upr9QAA,Status,Not reached,Brochure
2026-09-09T08:21:09.000Z,00QP500000uiwfxMAA,NL,0127Q000000upr9QAA,Status,New,Mailjourney
2026-09-09T08:19:32.000Z,00QP500000ugPHwMAM,NL,0127Q000000upr9QAA,Status,Not reached,Appointment
2026-09-09T08:17:42.000Z,00QP500000uj337MAA,BE,0127Q000000eERIQA2,Status,New,Not reached
2026-09-09T08:17:07.000Z,00QP500000ufgO8MAI,NL,0127Q000000upr9QAA,Status,New,Appointment
2026-09-09T08:17:05.000Z,00QP500000uifonMAA,NL,0127Q000000upr9QAA,Status,New,Not Qualified
2026-09-09T08:15:45.000Z,00QP500000udhBNMAY,BE,0127Q000000eERIQA2,Status,Not reached,Appointment
2026-09-09T08:15:08.000Z,00QP500000ucbb2MAA,NL,0127Q000000upr9QAA,Status,Not reached,Appointment
2026-09-09T08:12:10.000Z,00QP500000uiPgnMAE,NL,0127Q000000upr9QAA,Status,New,Not reached
2026-09-09T08:11:16.000Z,00QP500000ugV5ZMAU,NL,0127Q000000upr9QAA,Status,New,Not reached
2026-09-09T08:09:20.000Z,00QP500000uhHzpMAE,NL,0127Q000000upr9QAA,Status,Not reached,Mailjourney
2026-09-09T08:08:56.000Z,00QP500000ugPHwMAM,NL,0127Q000000upr9QAA,Status,New,Not reached
2026-09-09T08:08:17.000Z,00QP500000uhHzpMAE,NL,0127Q000000upr9QAA,Status,New,Not reached
2026-09-09T08:07:02.000Z,00QP500000uh6zZMAQ,BE,0127Q000000eERIQA2,Status,New,Appointment
2026-09-09T08:06:53.000Z,00QP500000uVv8HMAS,NL,0127Q000000upr9QAA,Status,Re-entered,Follow-up
2026-09-09T08:04:23.000Z,00QP500000uigUjMAI,NL,0127Q000000upr9QAA,Status,New,Not reached
2026-09-09T08:02:49.000Z,00QP500000uiQbGMAU,NL,0127Q000000upr9QAA,Status,New,Mailjourney
2026-09-09T08:02:32.000Z,00QP500000uiTE9MAM,NL,0127Q000000upr9QAA,Status,New,Not reached
2026-09-09T08:00:12.000Z,00QQD00000AQf8o2AD,NL,0127Q000000upr9QAA,Status,New,Appointment
2026-09-09T07:59:54.000Z,00QP500000ug8FWMAY,NL,0127Q000000upr9QAA,Status,Not reached,Mailjourney
2026-09-09T07:59:45.000Z,00QQD00000AQf8o2AD,NL,0127Q000000upr9QAA,Status,Converted Old SF,New
2026-09-09T07:57:33.000Z,00QP500000ugGuXMAU,NL,0127Q000000upr9QAA,Status,New,Follow-up
2026-09-09T07:55:49.000Z,00QP500000uiUF3MAM,NL,0127Q000000upr9QAA,Status,New,Not Qualified
2026-09-09T07:54:29.000Z,00QP500000uiCMzMAM,BE,0127Q000000eERIQA2,Status,Not reached,Mailjourney
2026-09-09T07:54:12.000Z,00QP500000ugAM7MAM,NL,0127Q000000upr9QAA,Status,New,Appointment
2026-09-09T07:53:53.000Z,00QP500000uiCMzMAM,BE,0127Q000000eERIQA2,Status,New,Not reached
2026-09-09T07:53:33.000Z,00QP500000uga5GMAQ,NL,0127Q000000upr9QAA,Status,New,Appointment
2026-09-09T07:52:36.000Z,00QP500000ugNG5MAM,BE,0127Q000000eERIQA2,Status,New,Not reached
2026-09-09T07:51:42.000Z,00QP500000uh7NnMAI,BE,0127Q000000eERIQA2,Status,New,Appointment
2026-09-09T07:48:37.000Z,00QP500000uhAS9MAM,NL,0127Q000000upr9QAA,Status,New,Not reached
2026-09-09T07:47:50.000Z,00QP500000ufnMHMAY,BE,0127Q000000eERIQA2,Status,New,Follow-up
2026-09-09T07:47:22.000Z,00QP500000ugTzrMAE,NL,0127Q000000upr9QAA,Status,New,Not Qualified
2026-09-09T07:47:11.000Z,00QP500000uen9tMAA,NL,0127Q000000upr9QAA,Status,New,Mailjourney
2026-09-09T07:46:10.000Z,00QQD00000ZGRlp2AH,BE,0127Q000000eERIQA2,Status,Re-entered,Not reached
2026-09-09T07:44:53.000Z,00QP500000uggaUMAQ,BE,0127Q000000eERIQA2,Status,New,Not Qualified
2026-09-09T07:44:40.000Z,00QP500000ufbkvMAA,NL,0127Q000000upr9QAA,Status,New,Not reached
2026-09-09T07:44:38.000Z,00QP500000ug8FWMAY,NL,0127Q000000upr9QAA,Status,New,Not reached
2026-09-09T07:44:27.000Z,00QP500000uh0pOMAQ,BE,0127Q000000eERIQA2,Status,New,Mailjourney
2026-09-09T07:43:58.000Z,00QP500000ugdHdMAI,NL,0127Q000000upr9QAA,Status,New,Not reached
2026-09-09T07:42:56.000Z,00QP500000ufo74MAA,NL,0127Q000000upr9QAA,Status,New,Not reached
2026-09-09T07:42:37.000Z,00QP500000uf9lSMAQ,NL,0127Q000000upr9QAA,Status,New,Follow-up
2026-09-09T07:42:32.000Z,00QP500000ugQykMAE,NL,0127Q000000upr9QAA,Status,New,Appointment
2026-09-09T07:41:14.000Z,00QP500000uffTbMAI,BE,0127Q000000eERIQA2,Status,New,Not reached
2026-09-09T07:41:08.000Z,00QP500000ugkr1MAA,BE,0127Q000000eERIQA2,Status,New,Not reached
2026-09-09T07:40:48.000Z,00QP500000ugnbzMAA,BE,0127Q000000eERIQA2,Status,New,Mailjourney
2026-09-09T07:39:26.000Z,00QP500000uffTaMAI,NL,0127Q000000upr9QAA,Status,New,Not reached
2026-09-09T07:39:06.000Z,00QP500000uiYowMAE,NL,0127Q000000upr9QAA,Status,New,Mailjourney
2026-09-09T07:38:11.000Z,00QP500000ughJeMAI,BE,0127Q000000eERIQA2,Status,New,Not reached
2026-09-09T07:35:57.000Z,00QP500000uf75PMAQ,BE,0127Q000000eERIQA2,Status,New,Follow-up
2026-09-09T07:33:26.000Z,00QP500000ufijBMAQ,NL,0127Q000000upr9QAA,Status,New,Not Qualified
2026-09-09T07:29:37.000Z,00QP500000ugaurMAA,BE,0127Q000000eERIQA2,Status,New,Mailjourney
2026-09-09T07:28:43.000Z,00QQD00000btWOX2A2,NL,0127Q000000upr9QAA,Status,Re-entered,Not reached
2026-09-09T07:25:09.000Z,00QQD00000ZGRlp2AH,BE,0127Q000000eERIQA2,Status,Mailjourney,Re-entered
2026-09-09T07:13:45.000Z,00QP500000ufoexMAA,BE,0127Q000000eERIQA2,Status,New,Not reached
2026-09-09T06:56:25.000Z,00QP500000ufwZIMAY,NL,0127Q000000upr9QAA,Status,New,Not Qualified
2026-09-09T06:54:50.000Z,00QQD00000AQDup2AH,NL,0127Q000000upr9QAA,Status,Not Qualified,Re-entered
2026-09-09T06:51:12.000Z,00QQD00000btWOX2A2,NL,0127Q000000upr9QAA,Status,Lost,Re-entered
2026-09-09T06:48:14.000Z,00QQD00000APySP2A1,NL,0127Q000000upr9QAA,Status,New,Not Qualified
2026-09-09T06:47:43.000Z,00QQD00000APySP2A1,NL,0127Q000000upr9QAA,Status,Re-entered,New
2026-09-09T06:22:03.000Z,00QP500000uiFJFMA2,BE,0127Q000000eERIQA2,Status,New,Appointment
2026-09-09T06:01:49.000Z,00QP500000u1tXFMAY,IT,012QD000002ylcPYAQ,Status,New,Lost
2026-09-09T06:01:49.000Z,00QP500000u1tX9MAI,IT,012QD000002ylcPYAQ,Status,New,Not Qualified
2026-09-09T06:01:49.000Z,00QP500000u1tX5MAI,IT,012QD000002ylcPYAQ,Status,New,Mailjourney
2026-09-09T06:01:49.000Z,00QP500000u1tWrMAI,IT,012QD000002ylcPYAQ,Status,New,Not Qualified
2026-09-09T06:01:48.000Z,00QP500000u1tXBMAY,IT,012QD000002ylcPYAQ,Status,New,Not Qualified
2026-09-09T06:01:48.000Z,00QP500000u1tXCMAY,FR,012QD000002ylXZYAY,Status,New,Mailjourney
2026-09-09T06:01:48.000Z,00QP500000u1tX8MAI,IT,012QD000002ylcPYAQ,Status,New,Not reached
2026-09-09T06:01:48.000Z,00QP500000u1tX7MAI,FR,012QD000002ylXZYAY,Status,New,Mailjourney
2026-09-09T06:01:48.000Z,00QP500000u1tX6MAI,FR,012QD000002ylXZYAY,Status,New,Mailjourney
2026-09-09T06:01:48.000Z,00QP500000u1tX2MAI,FR,012QD000002ylXZYAY,Status,New,Mailjourney
2026-09-09T06:01:48.000Z,00QP500000u1tWzMAI,FR,012QD000002ylXZYAY,Status,New,Mailjourney
2026-09-09T06:01:48.000Z,00QP500000u1tWyMAI,FR,012QD000002ylXZYAY,Status,New,Mailjourney
2026-09-09T06:01:48.000Z,00QP500000u1tWuMAI,IT,012QD000002ylcPYAQ,Status,New,Lost
2026-09-09T06:01:48.000Z,00QP500000u1tWtMAI,IT,012QD000002ylcPYAQ,Status,New,Not Qualified
2026-09-09T04:56:09.000Z,00QQD00000APySP2A1,NL,0127Q000000upr9QAA,Status,Not Qualified,Re-entered
2026-09-08T15:37:15.000Z,00QP500000uVv8HMAS,NL,0127Q000000upr9QAA,Status,Follow-up,Re-entered
2026-09-08T15:22:35.000Z,00QP500000tkV4LMAU,BE,0127Q000000eERIQA2,Status,Follow-up,Appointment
2026-09-08T15:01:42.000Z,00QP500000uPbQjMAK,BE,0127Q000000eERIQA2,Status,Not reached,Lost
2026-09-08T14:57:13.000Z,00QP500000uVGrTMAW,BE,0127Q000000eERIQA2,Status,Not reached,Mailjourney
2026-09-08T14:56:52.000Z,00QP500000ueSqEMAU,BE,0127Q000000eERIQA2,Status,New,Follow-up
2026-09-08T14:55:09.000Z,00QP500000ueLohMAE,NL,0127Q000000upr9QAA,Status,New,Not reached
2026-09-08T14:54:15.000Z,00QP500000uf2f7MAA,BE,0127Q000000eERIQA2,Status,New,Follow-up
2026-09-08T14:51:29.000Z,00QP500000uewgAMAQ,NL,0127Q000000upr9QAA,Status,New,Not reached
2026-09-08T14:43:52.000Z,00QP500000ufEd3MAE,NL,0127Q000000upr9QAA,Status,New,Mailjourney
2026-09-08T14:43:00.000Z,00QP500000ue1oRMAQ,NL,0127Q000000upr9QAA,Status,New,Lost
2026-09-08T14:39:11.000Z,00QP500000ue1oSMAQ,NL,0127Q000000upr9QAA,Status,New,Not Qualified
2026-09-08T14:35:43.000Z,00QQD00000V1PIf2AN,NL,0127Q000000upr9QAA,Status,Follow-up,Mailjourney
2026-09-08T14:34:10.000Z,00QP500000uGzbzMAC,NL,0127Q000000upr9QAA,Status,Follow-up,Mailjourney
2026-09-08T14:33:07.000Z,00QQD00000YsNId2AN,NL,0127Q000000upr9QAA,Status,Re-entered,Not Qualified
2026-09-08T14:32:22.000Z,00QP500000ueBm7MAE,NL,0127Q000000upr9QAA,Status,New,Follow-up
2026-09-08T14:32:08.000Z,00QQD00000D6iV72AJ,NL,0127Q000000upr9QAA,Status,Re-entered,Not reached
2026-09-08T14:31:51.000Z,00QQD00000YsNId2AN,NL,0127Q000000upr9QAA,Status,Not Qualified,Re-entered
2026-09-08T14:31:41.000Z,00QP500000ueneTMAQ,NL,0127Q000000upr9QAA,Status,New,Lost
2026-09-08T14:27:02.000Z,00QP500000uel82MAA,NL,0127Q000000upr9QAA,Status,New,Follow-up
2026-09-08T14:24:08.000Z,00QP500000udY9fMAE,NL,0127Q000000upr9QAA,Status,Not reached,Mailjourney
2026-09-08T14:23:29.000Z,00QP500000ueM1ZMAU,NL,0127Q000000upr9QAA,Status,Not reached,Mailjourney
2026-09-08T14:19:10.000Z,00QP500000ueVCwMAM,NL,0127Q000000upr9QAA,Status,Not reached,Mailjourney
2026-09-08T14:18:35.000Z,00QP500000ueVCwMAM,NL,0127Q000000upr9QAA,Status,New,Not reached
2026-09-08T14:17:01.000Z,00QP500000uY38BMAS,NL,0127Q000000upr9QAA,Status,Not reached,Appointment
2026-09-08T14:16:09.000Z,00QP500000udxRNMAY,BE,0127Q000000eERIQA2,Status,Not reached,Appointment
2026-09-08T14:09:42.000Z,00QP500000uephtMAA,NL,0127Q000000upr9QAA,Status,New,Mailjourney
2026-09-08T14:03:35.000Z,00QQD00000a1FTS2A2,NL,0127Q000000upr9QAA,Status,Follow-up,Mailjourney
2026-09-08T14:02:16.000Z,00QP500000tqq4VMAQ,NL,0127Q000000upr9QAA,Status,Follow-up,Mailjourney
2026-09-08T14:01:30.000Z,00QP500000tplDKMAY,NL,0127Q000000upr9QAA,Status,Follow-up,Mailjourney
2026-09-08T14:00:28.000Z,00QP500000tpMy9MAE,NL,0127Q000000upr9QAA,Status,Follow-up,Mailjourney
2026-09-08T13:59:27.000Z,00QP500000udh04MAA,NL,0127Q000000upr9QAA,Status,New,Not reached
2026-09-08T13:59:24.000Z,00QP500000tp3M0MAI,NL,0127Q000000upr9QAA,Status,Follow-up,Mailjourney
2026-09-08T13:55:38.000Z,00QP500000tlBegMAE,BE,0127Q000000eERIQA2,Status,Follow-up,Mailjourney
2026-09-08T13:53:27.000Z,00QP500000tnfojMAA,NL,0127Q000000upr9QAA,Status,Follow-up,Lost
2026-09-08T13:52:05.000Z,00QP500000uQTNyMAO,NL,0127Q000000upr9QAA,Status,Not reached,Not Qualified
2026-09-08T13:51:09.000Z,00QP500000tmny2MAA,NL,0127Q000000upr9QAA,Status,Follow-up,Mailjourney
2026-09-08T13:50:08.000Z,00QP500000uTClXMAW,NL,0127Q000000upr9QAA,Status,Brochure,Follow-up
2026-09-08T13:50:08.000Z,00QQD00000BYgBO2A1,NL,0127Q000000upr9QAA,Status,Brochure,Follow-up
2026-09-08T13:50:08.000Z,00QP500000udJLtMAM,NL,0127Q000000upr9QAA,Status,Brochure,Follow-up
2026-09-08T13:50:08.000Z,00QP500000ubOCpMAM,NL,0127Q000000upr9QAA,Status,Brochure,Follow-up
2026-09-08T13:50:08.000Z,00QQD00000IFZUa2AP,NL,0127Q000000upr9QAA,Status,Brochure,Follow-up
2026-09-08T13:50:08.000Z,00QP500000uWL7VMAW,NL,0127Q000000upr9QAA,Status,Brochure,Follow-up
2026-09-08T13:49:03.000Z,00QP500000udwiDMAQ,NL,0127Q000000upr9QAA,Status,Not reached,Appointment
2026-09-08T13:48:22.000Z,00QP500000ueG7RMAU,NL,0127Q000000upr9QAA,Status,New,Mailjourney
2026-09-08T13:47:27.000Z,00QP500000uciCgMAI,BE,0127Q000000eERIQA2,Status,Not reached,Follow-up
2026-09-08T13:45:57.000Z,00QP500000uOfYLMA0,NL,0127Q000000upr9QAA,Status,Mailjourney,Appointment
2026-09-08T13:38:53.000Z,00QP500000udiCEMAY,NL,0127Q000000upr9QAA,Status,New,Not reached
2026-09-08T13:37:02.000Z,00QP500000udi96MAA,NL,0127Q000000upr9QAA,Status,Follow-up,Mailjourney
2026-09-08T13:36:52.000Z,00QQD00000dBlpx2AC,BE,0127Q000000eERIQA2,Status,Follow-up,Appointment
2026-09-08T13:35:40.000Z,00QP500000udTUwMAM,NL,0127Q000000upr9QAA,Status,New,Not Qualified
2026-09-08T13:33:39.000Z,00QP500000udi96MAA,NL,0127Q000000upr9QAA,Status,New,Follow-up
2026-09-08T13:32:52.000Z,00QP500000ueehdMAA,BE,0127Q000000eERIQA2,Status,Not reached,Follow-up
2026-09-08T13:30:09.000Z,00QQD00000cQCXV2A4,BE,0127Q000000eERIQA2,Status,Follow-up,Mailjourney
2026-09-08T13:28:50.000Z,00QP500000ueM1ZMAU,NL,0127Q000000upr9QAA,Status,New,Not reached
2026-09-08T13:28:15.000Z,00QP500000udY9fMAE,NL,0127Q000000upr9QAA,Status,New,Not reached
2026-09-08T13:26:48.000Z,00QP500000uQJefMAG,NL,0127Q000000upr9QAA,Status,Not reached,Follow-up
2026-09-08T13:26:16.000Z,00QP500000ue2sUMAQ,BE,0127Q000000eERIQA2,Status,New,Not reached
2026-09-08T13:24:35.000Z,00QP500000uegI1MAI,NL,0127Q000000upr9QAA,Status,New,Follow-up
2026-09-08T13:24:34.000Z,00QP500000ueBJ3MAM,NL,0127Q000000upr9QAA,Status,New,Not reached
2026-09-08T13:24:20.000Z,00QP500000tkTkEMAU,BE,0127Q000000eERIQA2,Status,Follow-up,Mailjourney
2026-09-08T13:24:19.000Z,00QP500000uQG48MAG,NL,0127Q000000upr9QAA,Status,Not reached,Not Qualified
2026-09-08T13:23:15.000Z,00QP500000tilwSMAQ,BE,0127Q000000eERIQA2,Status,Follow-up,Mailjourney
2026-09-08T13:22:43.000Z,00QP500000thgQxMAI,BE,0127Q000000eERIQA2,Status,Follow-up,Mailjourney
2026-09-08T13:22:12.000Z,00QP500000ueP4NMAU,BE,0127Q000000eERIQA2,Status,New,Mailjourney
2026-09-08T13:21:56.000Z,00QP500000uVv8HMAS,NL,0127Q000000upr9QAA,Status,Not reached,Follow-up
2026-09-08T13:21:09.000Z,00QP500000th5mRMAQ,BE,0127Q000000eERIQA2,Status,Follow-up,Mailjourney
2026-09-08T13:20:32.000Z,00QP500000uYILfMAO,NL,0127Q000000upr9QAA,Status,Not reached,Follow-up
2026-09-08T13:20:23.000Z,00QP500000tePCwMAM,BE,0127Q000000eERIQA2,Status,Follow-up,Lost
2026-09-08T13:19:33.000Z,00QP500000ueehdMAA,BE,0127Q000000eERIQA2,Status,New,Not reached
2026-09-08T13:17:25.000Z,00QQD00000AQYwt2AH,NL,0127Q000000upr9QAA,Status,Not reached,Follow-up
2026-09-08T13:16:48.000Z,00QP500000ueG7SMAU,NL,0127Q000000upr9QAA,Status,New,Not reached
2026-09-08T13:16:13.000Z,00QP500000uVdfyMAC,NL,0127Q000000upr9QAA,Status,Not reached,Follow-up
2026-09-08T13:15:01.000Z,00QP500000tGIcQMAW,BE,0127Q000000eERIQA2,Status,Follow-up,Not Qualified
2026-09-08T13:14:42.000Z,00QP500000udgqMMAQ,NL,0127Q000000upr9QAA,Status,New,Follow-up
2026-09-08T13:14:40.000Z,00QP500000uU97GMAS,NL,0127Q000000upr9QAA,Status,Not reached,Follow-up
2026-09-08T13:13:28.000Z,00QQD00000YXneH2AT,NL,0127Q000000upr9QAA,Status,Not reached,Follow-up
2026-09-08T13:06:32.000Z,00QP500000udwiDMAQ,NL,0127Q000000upr9QAA,Status,New,Not reached
2026-09-08T13:00:57.000Z,00QQD00000AQamv2AD,NL,0127Q000000upr9QAA,Status,Not reached,Lost
2026-09-08T12:59:10.000Z,00QQD00000a0eOv2AI,NL,0127Q000000upr9QAA,Status,Not reached,Mailjourney
2026-09-08T12:58:37.000Z,00QQD00000a0eOv2AI,NL,0127Q000000upr9QAA,Status,Re-entered,Not reached
2026-09-08T12:57:13.000Z,00QP500000udhBNMAY,BE,0127Q000000eERIQA2,Status,New,Not reached
2026-09-08T12:56:46.000Z,00QP500000udzmYMAQ,NL,0127Q000000upr9QAA,Status,New,Mailjourney
2026-09-08T12:55:51.000Z,00QP500000uIuY9MAK,BE,0127Q000000eERIQA2,Status,Follow-up,Mailjourney
2026-09-08T12:53:39.000Z,00QP500000ubH6TMAU,NL,0127Q000000upr9QAA,Status,Not reached,Follow-up
2026-09-08T12:53:00.000Z,00QP500000tQJPBMA4,NL,0127Q000000upr9QAA,Status,Mailjourney,Appointment
2026-09-08T12:52:17.000Z,00QQD00000AQe862AD,NL,0127Q000000upr9QAA,Status,Follow-up,Appointment
2026-09-08T12:45:45.000Z,00QP500000udsgEMAQ,NL,0127Q000000upr9QAA,Status,New,Appointment
2026-09-08T12:45:26.000Z,00QP500000uPy5ZMAS,NL,0127Q000000upr9QAA,Status,Follow-up,Appointment
2026-09-08T12:43:58.000Z,00QQD00000D6iV72AJ,NL,0127Q000000upr9QAA,Status,Not reached,Re-entered
2026-09-08T12:43:33.000Z,00QP500000uHhY9MAK,NL,0127Q000000upr9QAA,Status,Follow-up,Appointment
2026-09-08T12:40:33.000Z,00QP500000ucQndMAE,NL,0127Q000000upr9QAA,Status,Not reached,Mailjourney
2026-09-08T12:39:56.000Z,00QP500000tRUX6MAO,BE,0127Q000000eERIQA2,Status,Follow-up,Mailjourney
2026-09-08T12:37:35.000Z,00QP500000uFJjdMAG,NL,0127Q000000upr9QAA,Status,Follow-up,Mailjourney
2026-09-08T12:37:23.000Z,00QP500000ucCazMAE,NL,0127Q000000upr9QAA,Status,Not reached,Not Qualified
2026-09-08T12:36:14.000Z,00QP500000toGRkMAM,NL,0127Q000000upr9QAA,Status,Follow-up,Mailjourney
2026-09-08T12:34:17.000Z,00QP500000tkgxRMAQ,NL,0127Q000000upr9QAA,Status,Follow-up,Mailjourney
2026-09-08T12:33:52.000Z,00QP500000uHXgsMAG,NL,0127Q000000upr9QAA,Status,Follow-up,Mailjourney
2026-09-08T12:33:50.000Z,00QP500000udL2lMAE,NL,0127Q000000upr9QAA,Status,New,Not reached
2026-09-08T12:33:49.000Z,00QQD00000AQLdy2AH,NL,0127Q000000upr9QAA,Status,Not reached,Mailjourney
2026-09-08T12:32:34.000Z,00QP500000tiEKaMAM,NL,0127Q000000upr9QAA,Status,Follow-up,Mailjourney
2026-09-08T12:32:14.000Z,00QP500000uHO7KMAW,NL,0127Q000000upr9QAA,Status,Follow-up,Mailjourney
2026-09-08T12:31:52.000Z,00QP500000udPRJMA2,BE,0127Q000000eERIQA2,Status,New,Not Qualified
2026-09-08T12:30:47.000Z,00QP500000uWZKBMA4,NL,0127Q000000upr9QAA,Status,Not reached,Mailjourney
2026-09-08T12:30:42.000Z,00QP500000th0QCMAY,NL,0127Q000000upr9QAA,Status,Follow-up,Mailjourney
2026-09-08T12:30:23.000Z,00QP500000u7kqgMAA,NL,0127Q000000upr9QAA,Status,Follow-up,Mailjourney
2026-09-08T12:29:47.000Z,00QP500000uV2jeMAC,NL,0127Q000000upr9QAA,Status,Not reached,Follow-up
2026-09-08T12:29:44.000Z,00QP500000uWL7VMAW,NL,0127Q000000upr9QAA,Status,Not reached,Brochure
2026-09-08T12:29:36.000Z,00QQD00000dpeL82AI,NL,0127Q000000upr9QAA,Status,Follow-up,Lost
2026-09-08T12:29:26.000Z,00QP500000udLUEMA2,BE,0127Q000000eERIQA2,Status,New,Follow-up
2026-09-08T12:29:09.000Z,00QP500000tkmRoMAI,NL,0127Q000000upr9QAA,Status,Follow-up,Lost
2026-09-08T12:28:40.000Z,00QP500000uUFnnMAG,NL,0127Q000000upr9QAA,Status,Not reached,Follow-up
2026-09-08T12:25:23.000Z,00QP500000uUXfqMAG,NL,0127Q000000upr9QAA,Status,Not reached,Follow-up
2026-09-08T12:24:42.000Z,00QP500000tnuSnMAI,NL,0127Q000000upr9QAA,Status,Follow-up,Mailjourney
2026-09-08T12:24:00.000Z,00QP500000thZJ2MAM,NL,0127Q000000upr9QAA,Status,Follow-up,Mailjourney
2026-09-08T12:23:58.000Z,00QP500000uNPLgMAO,NL,0127Q000000upr9QAA,Status,Not reached,Follow-up
2026-09-08T12:22:55.000Z,00QP500000tkcXGMAY,NL,0127Q000000upr9QAA,Status,Follow-up,Mailjourney
2026-09-08T12:22:50.000Z,00QP500000uNNVAMA4,NL,0127Q000000upr9QAA,Status,Not reached,Mailjourney
2026-09-08T12:21:40.000Z,00QP500000pe33XMAQ,NL,0127Q000000upr9QAA,Status,Re-entered,Lost
2026-09-08T12:21:22.000Z,00QQD00000ZH1TS2A1,NL,0127Q000000upr9QAA,Status,Not reached,Follow-up
2026-09-08T12:21:21.000Z,00QP500000udchtMAA,BE,0127Q000000eERIQA2,Status,New,Follow-up
2026-09-08T12:19:06.000Z,00QQD00000AQNqR2AX,NL,0127Q000000upr9QAA,Status,Re-entered,Not reached
2026-09-08T12:18:40.000Z,00QP500000uciCgMAI,BE,0127Q000000eERIQA2,Status,New,Not reached
2026-09-08T12:15:58.000Z,00QP500000tG5vNMAS,NL,0127Q000000upr9QAA,Status,Mailjourney,Lost
2026-09-08T12:14:13.000Z,00QP500000uOIbSMAW,NL,0127Q000000upr9QAA,Status,Not reached,Follow-up
2026-09-08T12:12:35.000Z,00QP500000uNgSzMAK,NL,0127Q000000upr9QAA,Status,Not reached,Follow-up
2026-09-08T12:11:57.000Z,00QP500000udedGMAQ,NL,0127Q000000upr9QAA,Status,New,Not reached
2026-09-08T12:11:42.000Z,00QP500000tG5vNMAS,NL,0127Q000000upr9QAA,Status,Follow-up,Mailjourney
2026-09-08T12:10:14.000Z,00QP500000uO3e2MAC,NL,0127Q000000upr9QAA,Status,Not reached,Follow-up
2026-09-08T12:10:13.000Z,00QQD00000a0eOv2AI,NL,0127Q000000upr9QAA,Status,Mailjourney,Re-entered
2026-09-08T12:09:07.000Z,00QQD00000cVFBP2A4,NL,0127Q000000upr9QAA,Status,Follow-up,Mailjourney
2026-09-08T12:08:36.000Z,00QP500000uO0jQMAS,NL,0127Q000000upr9QAA,Status,Not reached,Follow-up
2026-09-08T12:08:22.000Z,00QP500000uNu7mMAC,NL,0127Q000000upr9QAA,Status,Not reached,Follow-up
2026-09-08T12:08:08.000Z,00QP500000sx2oKMAQ,NL,0127Q000000upr9QAA,Status,Follow-up,Mailjourney
2026-09-08T12:07:21.000Z,00QP500000udWUSMA2,NL,0127Q000000upr9QAA,Status,New,Appointment
2026-09-08T12:06:32.000Z,00QP500000udxRNMAY,BE,0127Q000000eERIQA2,Status,New,Not reached
2026-09-08T12:05:56.000Z,00QP500000uNTFgMAO,NL,0127Q000000upr9QAA,Status,Not reached,Follow-up
2026-09-08T12:05:18.000Z,00QP500000uNem5MAC,BE,0127Q000000eERIQA2,Status,Follow-up,Appointment
2026-09-08T12:03:32.000Z,00QP500000uN9GrMAK,NL,0127Q000000upr9QAA,Status,Not reached,Mailjourney
2026-09-08T11:59:27.000Z,00QP500000udoSvMAI,BE,0127Q000000eERIQA2,Status,New,Appointment
2026-09-08T11:58:17.000Z,00QP500000uTTCsMAO,NL,0127Q000000upr9QAA,Status,Not reached,Follow-up
2026-09-08T11:56:55.000Z,00QQD00000AQNqR2AX,NL,0127Q000000upr9QAA,Status,Follow-up,Re-entered
2026-09-08T11:56:50.000Z,00QP500000udtCTMAY,BE,0127Q000000eERIQA2,Status,New,Appointment
2026-09-08T11:56:46.000Z,00QP500000uTIsYMAW,NL,0127Q000000upr9QAA,Status,Not reached,Follow-up
2026-09-08T11:56:34.000Z,00QQD00000DyvDd2AJ,NL,0127Q000000upr9QAA,Status,Not reached,Follow-up
2026-09-08T11:55:49.000Z,00QQD00000DyvDd2AJ,NL,0127Q000000upr9QAA,Status,Follow-up,Not reached
2026-09-08T11:55:36.000Z,00QP500000uTbQXMA0,NL,0127Q000000upr9QAA,Status,Not reached,Lost
2026-09-08T11:54:01.000Z,00QP500000uPnOgMAK,NL,0127Q000000upr9QAA,Status,Not reached,Lost
2026-09-08T11:53:31.000Z,00QP500000udRbDMAU,NL,0127Q000000upr9QAA,Status,New,Appointment
2026-09-08T11:53:27.000Z,00QP500000uVeiTMAS,NL,0127Q000000upr9QAA,Status,Not reached,Appointment
2026-09-08T11:52:20.000Z,00QP500000ubOCpMAM,NL,0127Q000000upr9QAA,Status,Not reached,Brochure
2026-09-08T11:49:39.000Z,00QP500000uLnbnMAC,NL,0127Q000000upr9QAA,Status,Not reached,Mailjourney
2026-09-08T11:49:07.000Z,00QP500000uOuNPMA0,NL,0127Q000000upr9QAA,Status,Not reached,Follow-up
2026-09-08T11:48:45.000Z,00QQD00000btmwM2AQ,NL,0127Q000000upr9QAA,Status,Not reached,Mailjourney
2026-09-08T11:48:20.000Z,00QQD00000ZGxnu2AD,BE,0127Q000000eERIQA2,Status,Re-entered,Not Qualified
2026-09-08T11:48:19.000Z,00QP500000ty4U5MAI,NL,0127Q000000upr9QAA,Status,Follow-up,Lost
2026-09-08T11:47:45.000Z,00QP500000uTFRlMAO,NL,0127Q000000upr9QAA,Status,Not reached,Follow-up
2026-09-08T11:46:01.000Z,00QP500000uTClXMAW,NL,0127Q000000upr9QAA,Status,Not reached,Brochure
2026-09-08T11:45:33.000Z,00QP500000udLKUMA2,NL,0127Q000000upr9QAA,Status,New,Not reached
2026-09-08T11:45:19.000Z,00QP500000tiyYgMAI,NL,0127Q000000upr9QAA,Status,Follow-up,Mailjourney
2026-09-08T11:44:50.000Z,00QP500000tfBHdMAM,NL,0127Q000000upr9QAA,Status,Follow-up,Mailjourney
2026-09-08T11:44:36.000Z,00QQD00000AQEkH2AX,NL,0127Q000000upr9QAA,Status,Not reached,Follow-up
2026-09-08T11:43:25.000Z,00QP500000tHzCNMA0,NL,0127Q000000upr9QAA,Status,Follow-up,Mailjourney
2026-09-08T11:42:49.000Z,00QP500000ucv1tMAA,BE,0127Q000000eERIQA2,Status,New,Appointment
2026-09-08T11:39:52.000Z,00QQD00000Jnwb02AB,NL,0127Q000000upr9QAA,Status,Re-entered,Lost
2026-09-08T11:38:15.000Z,00QP500000pe33XMAQ,NL,0127Q000000upr9QAA,Status,Mailjourney,Re-entered
2026-09-08T11:34:24.000Z,00QP500000udNuBMAU,BE,0127Q000000eERIQA2,Status,New,Appointment
2026-09-08T11:33:57.000Z,00QP500000tkrEaMAI,NL,0127Q000000upr9QAA,Status,Follow-up,Mailjourney
2026-09-08T11:29:46.000Z,00QP500000udFeuMAE,BE,0127Q000000eERIQA2,Status,New,Appointment
2026-09-08T11:28:14.000Z,00QP500000tiJIbMAM,NL,0127Q000000upr9QAA,Status,Follow-up,Mailjourney
2026-09-08T11:27:10.000Z,00QP500000uKjNLMA0,NL,0127Q000000upr9QAA,Status,Not reached,Mailjourney
2026-09-08T11:26:30.000Z,00QP500000udJLtMAM,NL,0127Q000000upr9QAA,Status,New,Brochure
2026-09-08T11:26:07.000Z,00QP500000t81P3MAI,NL,0127Q000000upr9QAA,Status,Follow-up,Mailjourney
2026-09-08T11:24:34.000Z,00QP500000uPy5ZMAS,NL,0127Q000000upr9QAA,Status,Not reached,Follow-up
2026-09-08T11:24:22.000Z,00QP500000rHjNZMA0,NL,0127Q000000upr9QAA,Status,Follow-up,Mailjourney
2026-09-08T11:23:44.000Z,00QP500000ucclbMAA,NL,0127Q000000upr9QAA,Status,New,Not reached
2026-09-08T11:22:11.000Z,00QP500000uLg2PMAS,NL,0127Q000000upr9QAA,Status,Not reached,Follow-up
2026-09-08T11:20:55.000Z,00QP500000ucAatMAE,BE,0127Q000000eERIQA2,Status,New,Not reached
2026-09-08T11:20:28.000Z,00QP500000udEMDMA2,BE,0127Q000000eERIQA2,Status,New,Appointment
2026-09-08T11:20:25.000Z,00QQD00000D6iV72AJ,NL,0127Q000000upr9QAA,Status,Re-entered,Not reached
2026-09-08T11:17:57.000Z,00QQD00000D6iV72AJ,NL,0127Q000000upr9QAA,Status,Lost,Re-entered
2026-09-08T11:17:55.000Z,00QQD00000BYgBO2A1,NL,0127Q000000upr9QAA,Status,Re-entered,Brochure
2026-09-08T11:16:46.000Z,00QP500000udJLuMAM,NL,0127Q000000upr9QAA,Status,New,Mailjourney
2026-09-08T11:16:38.000Z,00QP500000u4UKKMA2,BE,0127Q000000eERIQA2,Status,Re-entered,Appointment
2026-09-08T11:12:49.000Z,00QP500000ucbb2MAA,NL,0127Q000000upr9QAA,Status,New,Not reached
2026-09-08T11:09:27.000Z,00QP500000ud91dMAA,BE,0127Q000000eERIQA2,Status,New,Not reached
2026-09-08T10:57:29.000Z,00QQD00000AQXtY2AX,NL,0127Q000000upr9QAA,Status,Follow-up,Mailjourney
2026-09-08T10:57:22.000Z,00QP500000tvI73MAE,NL,0127Q000000upr9QAA,Status,Follow-up,Mailjourney
2026-09-08T10:49:18.000Z,00QP500000u4UKKMA2,BE,0127Q000000eERIQA2,Status,Mailjourney,Re-entered
2026-09-08T10:44:02.000Z,00QP500000sxmw0MAA,NL,0127Q000000upr9QAA,Status,Follow-up,Mailjourney
2026-09-08T10:42:50.000Z,00QQD00000ZGxnu2AD,BE,0127Q000000eERIQA2,Status,Converted Old SF,Re-entered
2026-09-08T10:39:11.000Z,00QQD00000VB4G92AL,NL,0127Q000000upr9QAA,Status,Not reached,Appointment
2026-09-08T10:37:38.000Z,00QP500000uDmoCMAS,NL,0127Q000000upr9QAA,Status,Follow-up,Mailjourney
2026-09-08T10:33:18.000Z,00QP500000ubPSEMA2,NL,0127Q000000upr9QAA,Status,Not reached,Lost
2026-09-08T10:26:35.000Z,00QQD00000VB4G92AL,NL,0127Q000000upr9QAA,Status,Re-entered,Not reached
2026-09-08T10:25:01.000Z,00QP500000ucaqEMAQ,NL,0127Q000000upr9QAA,Status,New,Not reached
2026-09-08T10:23:17.000Z,00QP500000uXh4MMAS,NL,0127Q000000upr9QAA,Status,Mailjourney,Not Qualified
2026-09-08T10:19:42.000Z,00QP500000tgzXFMAY,NL,0127Q000000upr9QAA,Status,Follow-up,Mailjourney
2026-09-08T10:18:36.000Z,00QP500000ts5JBMAY,BE,0127Q000000eERIQA2,Status,Follow-up,Mailjourney
2026-09-08T10:18:08.000Z,00QP500000t5yjwMAA,NL,0127Q000000upr9QAA,Status,Follow-up,Mailjourney
2026-09-08T10:16:23.000Z,00QQD00000Qnnsg2AB,NL,0127Q000000upr9QAA,Status,Follow-up,Mailjourney
2026-09-08T10:15:56.000Z,00QQD00000Jnwb02AB,NL,0127Q000000upr9QAA,Status,Lost,Re-entered
2026-09-08T10:15:52.000Z,00QP500000ucKn7MAE,NL,0127Q000000upr9QAA,Status,New,Not Qualified
2026-09-08T10:15:17.000Z,00QQD00000PFkCD2A1,NL,0127Q000000upr9QAA,Status,Follow-up,Lost
2026-09-08T10:14:54.000Z,00QQD00000IFZUa2AP,NL,0127Q000000upr9QAA,Status,Mailjourney,Brochure
2026-09-08T10:14:06.000Z,00QP500000torW7MAI,NL,0127Q000000upr9QAA,Status,Follow-up,Mailjourney
2026-09-08T10:12:57.000Z,00QQD00000cVZ0Q2AW,BE,0127Q000000eERIQA2,Status,Follow-up,Mailjourney
2026-09-08T10:12:27.000Z,00QP500000tmPHOMA2,NL,0127Q000000upr9QAA,Status,Follow-up,Mailjourney
2026-09-08T10:12:26.000Z,00QP500000ucBoeMAE,NL,0127Q000000upr9QAA,Status,New,Appointment
2026-09-08T10:12:13.000Z,00QP500000ucONdMAM,NL,0127Q000000upr9QAA,Status,Brochure,Mailjourney
2026-09-08T10:11:55.000Z,00QP500000uLG4kMAG,NL,0127Q000000upr9QAA,Status,Brochure,Mailjourney
2026-09-08T10:11:53.000Z,00QP500000uBwtGMAS,NL,0127Q000000upr9QAA,Status,Follow-up,Lost
2026-09-08T10:11:08.000Z,00QP500000uc23lMAA,NL,0127Q000000upr9QAA,Status,Brochure,Follow-up
2026-09-08T10:11:08.000Z,00QP500000ucdmVMAQ,NL,0127Q000000upr9QAA,Status,Brochure,Follow-up
2026-09-08T10:10:11.000Z,00QP500000tlCkQMAU,NL,0127Q000000upr9QAA,Status,Follow-up,Appointment
2026-09-08T10:09:34.000Z,00QP500000ucKn8MAE,NL,0127Q000000upr9QAA,Status,New,Appointment
2026-09-08T10:09:19.000Z,00QP500000uKJ6IMAW,BE,0127Q000000eERIQA2,Status,Follow-up,Appointment
2026-09-08T10:09:01.000Z,00QP500000ubwBTMAY,NL,0127Q000000upr9QAA,Status,New,Not Qualified
2026-09-08T10:06:41.000Z,00QP500000uQoQkMAK,NL,0127Q000000upr9QAA,Status,Not reached,Follow-up
2026-09-08T10:06:26.000Z,00QP500000ucdmVMAQ,NL,0127Q000000upr9QAA,Status,New,Brochure
2026-09-08T10:05:12.000Z,00QP500000uRN9yMAG,NL,0127Q000000upr9QAA,Status,Not reached,Not Qualified
2026-09-08T10:04:45.000Z,00QP500000tiMMvMAM,NL,0127Q000000upr9QAA,Status,Follow-up,Mailjourney
2026-09-08T10:04:13.000Z,00QQD00000ZGtsZ2AT,BE,0127Q000000eERIQA2,Status,Re-entered,Not Qualified
2026-09-08T10:03:32.000Z,00QP500000uLG4kMAG,NL,0127Q000000upr9QAA,Status,Not reached,Brochure
2026-09-08T10:02:57.000Z,00QP500000uQlxYMAS,NL,0127Q000000upr9QAA,Status,Not reached,Follow-up
2026-09-08T10:02:53.000Z,00QQD00000VB4G92AL,NL,0127Q000000upr9QAA,Status,Lost,Re-entered
2026-09-08T10:02:32.000Z,00QQD00000AQFBR2A5,NL,0127Q000000upr9QAA,Status,Not reached,Follow-up
2026-09-08T10:01:51.000Z,00QP500000ucQndMAE,NL,0127Q000000upr9QAA,Status,New,Not reached
2026-09-08T09:59:53.000Z,00QP500000tl4wcMAA,NL,0127Q000000upr9QAA,Status,Follow-up,Mailjourney
2026-09-08T09:59:52.000Z,00QP500000uWLsHMAW,NL,0127Q000000upr9QAA,Status,Not reached,Appointment
2026-09-08T09:58:12.000Z,00QP500000t6wuUMAQ,NL,0127Q000000upr9QAA,Status,Follow-up,Lost
2026-09-08T09:56:02.000Z,00QP500000ubxiUMAQ,BE,0127Q000000eERIQA2,Status,Not reached,Appointment
2026-09-08T09:55:35.000Z,00QP500000uKlk9MAC,NL,0127Q000000upr9QAA,Status,Not reached,Mailjourney
2026-09-08T09:54:58.000Z,00QP500000ucPYDMA2,NL,0127Q000000upr9QAA,Status,New,Follow-up
2026-09-08T09:54:03.000Z,00QQD00000dpu1i2AA,NL,0127Q000000upr9QAA,Status,Follow-up,Lost
2026-09-08T09:52:49.000Z,00QP500000uQt45MAC,NL,0127Q000000upr9QAA,Status,Not reached,Appointment
2026-09-08T09:51:55.000Z,00QP500000uQFw3MAG,NL,0127Q000000upr9QAA,Status,Not reached,Follow-up
2026-09-08T09:51:08.000Z,00QP500000ucUhZMAU,BE,0127Q000000eERIQA2,Status,New,Appointment
2026-09-08T09:49:51.000Z,00QQD00000ZGtsZ2AT,BE,0127Q000000eERIQA2,Status,Not Qualified,Re-entered
2026-09-08T09:46:49.000Z,00QP500000qkRH3MAM,BE,0127Q000000eERIQA2,Status,Re-entered,Follow-up
2026-09-08T09:46:09.000Z,00QP500000ubxiUMAQ,BE,0127Q000000eERIQA2,Status,New,Not reached
2026-09-08T09:46:00.000Z,00QP500000uKF7YMAW,NL,0127Q000000upr9QAA,Status,Not reached,Follow-up
2026-09-08T09:45:44.000Z,00QP500000ucaLaMAI,NL,0127Q000000upr9QAA,Status,New,Follow-up
2026-09-08T09:44:46.000Z,00QQD00000ZH1TS2A1,NL,0127Q000000upr9QAA,Status,New,Not reached
2026-09-08T09:43:42.000Z,00QQD00000AQ9eu2AD,NL,0127Q000000upr9QAA,Status,Follow-up,Lost
2026-09-08T09:40:37.000Z,00QP500000uQ6SzMAK,NL,0127Q000000upr9QAA,Status,Not reached,Follow-up
2026-09-08T09:38:50.000Z,00QP500000ubOCpMAM,NL,0127Q000000upr9QAA,Status,New,Not reached
2026-09-08T09:37:13.000Z,00QP500000ub9gpMAA,NL,0127Q000000upr9QAA,Status,New,Appointment
2026-09-08T09:35:37.000Z,00QP500000ucONdMAM,NL,0127Q000000upr9QAA,Status,New,Brochure
2026-09-08T09:33:42.000Z,00QP500000uQU76MAG,NL,0127Q000000upr9QAA,Status,Not reached,Follow-up
2026-09-08T09:32:14.000Z,00QP500000uQZgGMAW,NL,0127Q000000upr9QAA,Status,Not reached,Follow-up
2026-09-08T09:30:32.000Z,00QP500000tAgEQMA0,NL,0127Q000000upr9QAA,Status,Follow-up,Lost
2026-09-08T09:29:58.000Z,00QP500000uVQsPMAW,NL,0127Q000000upr9QAA,Status,Not reached,Appointment
2026-09-08T09:28:27.000Z,00QP500000ublUWMAY,NL,0127Q000000upr9QAA,Status,New,Appointment
2026-09-08T09:28:06.000Z,00QP500000siciPMAQ,NL,0127Q000000upr9QAA,Status,Follow-up,Lost
2026-09-08T09:26:31.000Z,00QP500000uU5rdMAC,NL,0127Q000000upr9QAA,Status,Follow-up,Appointment
2026-09-08T09:23:13.000Z,00QP500000uOWL4MAO,NL,0127Q000000upr9QAA,Status,Not reached,Not Qualified
2026-09-08T09:22:00.000Z,00QP500000ucCazMAE,NL,0127Q000000upr9QAA,Status,New,Not reached
2026-09-08T09:21:25.000Z,00QP500000uc23lMAA,NL,0127Q000000upr9QAA,Status,New,Brochure
2026-09-08T09:20:29.000Z,00QQD00000AQLdy2AH,NL,0127Q000000upr9QAA,Status,Re-entered,Not reached
2026-09-08T09:20:22.000Z,00QP500000uU3rSMAS,BE,0127Q000000eERIQA2,Status,Not reached,Mailjourney
2026-09-08T09:20:19.000Z,00QP500000sJQW2MAO,NL,0127Q000000upr9QAA,Status,Follow-up,Lost
2026-09-08T09:17:58.000Z,00QP500000uRBGrMAO,BE,0127Q000000eERIQA2,Status,Not reached,Lost
2026-09-08T09:17:01.000Z,00QP500000ryy1BMAQ,NL,0127Q000000upr9QAA,Status,Follow-up,Mailjourney
2026-09-08T09:15:30.000Z,00QP500000uKKLhMAO,BE,0127Q000000eERIQA2,Status,Not reached,Appointment
2026-09-08T09:12:51.000Z,00QP500000uOGmaMAG,NL,0127Q000000upr9QAA,Status,Not reached,Mailjourney
2026-09-08T09:12:07.000Z,00QP500000tf0UDMAY,BE,0127Q000000eERIQA2,Status,Follow-up,Mailjourney
2026-09-08T09:10:02.000Z,00QP500000poJmsMAE,NL,0127Q000000upr9QAA,Status,Follow-up,Mailjourney
2026-09-08T09:09:37.000Z,00QP500000t60AbMAI,NL,0127Q000000upr9QAA,Status,Follow-up,Mailjourney
2026-09-08T09:09:17.000Z,00QP500000uKJ6IMAW,BE,0127Q000000eERIQA2,Status,Not reached,Follow-up
2026-09-08T09:07:01.000Z,00QP500000tPfBZMA0,NL,0127Q000000upr9QAA,Status,Follow-up,Mailjourney
2026-09-08T09:06:29.000Z,00QP500000tdCHlMAM,BE,0127Q000000eERIQA2,Status,Follow-up,Mailjourney
2026-09-08T09:06:21.000Z,00QP500000uXMCoMAO,NL,0127Q000000upr9QAA,Status,Not reached,Appointment
2026-09-08T09:05:25.000Z,00QP500000uYuvcMAC,NL,0127Q000000upr9QAA,Status,Not reached,Follow-up
2026-09-08T09:05:23.000Z,00QP500000uJ6hNMAS,BE,0127Q000000eERIQA2,Status,Not reached,Mailjourney
2026-09-08T09:04:49.000Z,00QP500000tiH0fMAE,BE,0127Q000000eERIQA2,Status,Follow-up,Mailjourney
2026-09-08T09:04:39.000Z,00QP500000uCfLhMAK,BE,0127Q000000eERIQA2,Status,Not reached,Mailjourney
2026-09-08T09:03:41.000Z,00QP500000uBNPGMA4,BE,0127Q000000eERIQA2,Status,Not reached,Mailjourney
2026-09-08T09:03:37.000Z,00QP500000uNsvXMAS,NL,0127Q000000upr9QAA,Status,Not reached,Lost
2026-09-08T08:59:54.000Z,00QQD00000BYgBO2A1,NL,0127Q000000upr9QAA,Status,Mailjourney,Re-entered
2026-09-08T08:59:20.000Z,00QP500000ubdlKMAQ,NL,0127Q000000upr9QAA,Status,New,Mailjourney
2026-09-08T08:55:18.000Z,00QP500000ubonFMAQ,BE,0127Q000000eERIQA2,Status,New,Appointment
2026-09-08T08:55:15.000Z,00QP500000uNNV9MAO,NL,0127Q000000upr9QAA,Status,Not reached,Appointment
2026-09-08T08:53:37.000Z,00QP500000skADNMA2,BE,0127Q000000eERIQA2,Status,Follow-up,Mailjourney
2026-09-08T08:50:11.000Z,00QQD00000ZH1TS2A1,NL,0127Q000000upr9QAA,Status,Re-entered,New
2026-09-08T08:47:41.000Z,00QP500000uTaZLMA0,NL,0127Q000000upr9QAA,Status,Not reached,Appointment
2026-09-08T08:47:12.000Z,00QP500000rtdjlMAA,NL,0127Q000000upr9QAA,Status,Not reached,Mailjourney
2026-09-08T08:46:56.000Z,00QQD00000RQ1sx2AD,NL,0127Q000000upr9QAA,Status,Mailjourney,Not Qualified
2026-09-08T08:46:28.000Z,00QQD00000c40d32AA,BE,0127Q000000eERIQA2,Status,Follow-up,Lost
2026-09-08T08:46:03.000Z,00QP500000rtdjlMAA,NL,0127Q000000upr9QAA,Status,Re-entered,Not reached
2026-09-08T08:44:39.000Z,00QP500000uQQUuMAO,NL,0127Q000000upr9QAA,Status,Not reached,Appointment
2026-09-08T08:44:33.000Z,00QP500000uFD4jMAG,BE,0127Q000000eERIQA2,Status,Not reached,Appointment
2026-09-08T08:44:13.000Z,00QP500000uJdofMAC,NL,0127Q000000upr9QAA,Status,Not reached,Follow-up
2026-09-08T08:43:16.000Z,00QP500000uNuPYMA0,NL,0127Q000000upr9QAA,Status,Not reached,Appointment
2026-09-08T08:43:10.000Z,00QQD00000bPJWn2AO,BE,0127Q000000eERIQA2,Status,Follow-up,Mailjourney
2026-09-08T08:42:08.000Z,00QP500000uY38BMAS,NL,0127Q000000upr9QAA,Status,New,Not reached
2026-09-08T08:41:02.000Z,00QQD00000bcrnZ2AQ,BE,0127Q000000eERIQA2,Status,Follow-up,Mailjourney
2026-09-08T08:40:16.000Z,00QP500000uaxnhMAA,NL,0127Q000000upr9QAA,Status,New,Appointment
2026-09-08T08:38:29.000Z,00QP500000uYtt3MAC,NL,0127Q000000upr9QAA,Status,New,Appointment
2026-09-08T08:36:53.000Z,00QP500000qkRH3MAM,BE,0127Q000000eERIQA2,Status,Follow-up,Re-entered
2026-09-08T08:36:37.000Z,00QP500000uc3HaMAI,BE,0127Q000000eERIQA2,Status,New,Follow-up
2026-09-08T08:35:53.000Z,00QP500000uWEh8MAG,NL,0127Q000000upr9QAA,Status,Not reached,Mailjourney
2026-09-08T08:35:44.000Z,00QP500000uazO5MAI,NL,0127Q000000upr9QAA,Status,New,Mailjourney
2026-09-08T08:34:08.000Z,00QP500000uEaeVMAS,BE,0127Q000000eERIQA2,Status,Not reached,Mailjourney
2026-09-08T08:33:57.000Z,00QQD00000ZH1TS2A1,NL,0127Q000000upr9QAA,Status,Not Qualified,Re-entered
2026-09-08T08:33:27.000Z,00QQD00000ZGyVR2A1,BE,0127Q000000eERIQA2,Status,Follow-up,Mailjourney
2026-09-08T08:33:09.000Z,00QP500000uZCXWMA4,BE,0127Q000000eERIQA2,Status,New,Not Qualified
2026-09-08T08:30:02.000Z,00QP500000tpMyAMAU,BE,0127Q000000eERIQA2,Status,Follow-up,Mailjourney
2026-09-08T08:28:36.000Z,00QP500000ubcMDMAY,NL,0127Q000000upr9QAA,Status,New,Appointment
2026-09-08T08:27:52.000Z,00QP500000ubE70MAE,BE,0127Q000000eERIQA2,Status,New,Appointment
2026-09-08T08:27:19.000Z,00QP500000tZUV0MAO,BE,0127Q000000eERIQA2,Status,Follow-up,Mailjourney
2026-09-08T08:26:44.000Z,00QP500000ubVm9MAE,NL,0127Q000000upr9QAA,Status,New,Not reached
2026-09-08T08:24:23.000Z,00QP500000ubH6TMAU,NL,0127Q000000upr9QAA,Status,New,Not reached
2026-09-08T08:24:18.000Z,00QP500000uZCXWMA4,BE,0127Q000000eERIQA2,Status,Not reached,New
2026-09-08T08:23:30.000Z,00QP500000uXh4MMAS,NL,0127Q000000upr9QAA,Status,New,Mailjourney
2026-09-08T08:23:29.000Z,00QP500000uYILfMAO,NL,0127Q000000upr9QAA,Status,New,Not reached
2026-09-08T08:22:07.000Z,00QP500000uZ7eHMAS,NL,0127Q000000upr9QAA,Status,New,Follow-up
2026-09-08T08:21:37.000Z,00QP500000ub6SpMAI,NL,0127Q000000upr9QAA,Status,New,Appointment
2026-09-08T08:20:23.000Z,00QP500000ubTsPMAU,NL,0127Q000000upr9QAA,Status,New,Not reached
2026-09-08T08:19:28.000Z,00QP500000ubPSEMA2,NL,0127Q000000upr9QAA,Status,New,Not reached
2026-09-08T08:17:51.000Z,00QP500000uYv5IMAS,NL,0127Q000000upr9QAA,Status,New,Appointment
2026-09-08T08:17:33.000Z,00QP500000uYTvOMAW,NL,0127Q000000upr9QAA,Status,New,Not Qualified
2026-09-08T08:17:22.000Z,00QP500000uYuvcMAC,NL,0127Q000000upr9QAA,Status,New,Not reached
2026-09-08T08:15:01.000Z,00QP500000uYH1RMAW,NL,0127Q000000upr9QAA,Status,New,Mailjourney
2026-09-08T08:14:56.000Z,00QP500000uZFtbMAG,NL,0127Q000000upr9QAA,Status,New,Not reached
2026-09-08T08:14:51.000Z,00QP500000uZCXWMA4,BE,0127Q000000eERIQA2,Status,New,Not reached
2026-09-08T08:13:47.000Z,00QQD00000ZGpZa2AL,BE,0127Q000000eERIQA2,Status,Not reached,Mailjourney
2026-09-08T08:13:06.000Z,00QP500000uZ4bbMAC,NL,0127Q000000upr9QAA,Status,New,Appointment
2026-09-08T08:12:24.000Z,00QQD00000d54kT2AQ,BE,0127Q000000eERIQA2,Status,Follow-up,Lost
2026-09-08T08:11:39.000Z,00QQD00000AQbJA2A1,NL,0127Q000000upr9QAA,Status,Re-entered,Appointment
2026-09-08T08:10:41.000Z,00QP500000uaFDDMA2,NL,0127Q000000upr9QAA,Status,New,Not reached
2026-09-08T08:09:39.000Z,00QP500000tXdSmMAK,BE,0127Q000000eERIQA2,Status,Follow-up,Mailjourney
2026-09-08T08:08:33.000Z,00QP500000ubYiPMAU,NL,0127Q000000upr9QAA,Status,New,Mailjourney
2026-09-08T08:03:55.000Z,00QP500000uUcIyMAK,BE,0127Q000000eERIQA2,Status,Not reached,Not Qualified
2026-09-08T08:03:11.000Z,00QP500000uE0UaMAK,BE,0127Q000000eERIQA2,Status,Not reached,Mailjourney
2026-09-08T07:58:36.000Z,00QP500000ubihmMAA,NL,0127Q000000upr9QAA,Status,New,Appointment
2026-09-08T07:55:11.000Z,00QQD00000AQLdy2AH,NL,0127Q000000upr9QAA,Status,Mailjourney,Re-entered
2026-09-08T07:51:18.000Z,00QP500000ubdRxMAI,NL,0127Q000000upr9QAA,Status,New,Appointment
2026-09-08T07:42:37.000Z,00QP500000uTEgxMAG,BE,0127Q000000eERIQA2,Status,Not reached,Mailjourney
2026-09-08T07:38:38.000Z,00QP500000uRIbjMAG,BE,0127Q000000eERIQA2,Status,Mailjourney,Follow-up
2026-09-08T07:38:30.000Z,00QP500000uY7N0MAK,BE,0127Q000000eERIQA2,Status,Not reached,Appointment
2026-09-08T07:37:04.000Z,00QP500000uSwTzMAK,BE,0127Q000000eERIQA2,Status,Not reached,Mailjourney
2026-09-08T07:34:43.000Z,00QP500000uQMeGMAW,BE,0127Q000000eERIQA2,Status,Not reached,Follow-up
2026-09-08T07:31:39.000Z,00QP500000uRIbjMAG,BE,0127Q000000eERIQA2,Status,Not reached,Mailjourney
2026-09-08T07:28:15.000Z,00QP500000uOuaIMAS,BE,0127Q000000eERIQA2,Status,Not reached,Follow-up
2026-09-08T07:27:30.000Z,00QQD00000ZGC4E2AX,BE,0127Q000000eERIQA2,Status,Re-entered,Appointment
2026-09-08T07:26:57.000Z,00QP500000uH2efMAC,BE,0127Q000000eERIQA2,Status,Not reached,Follow-up
2026-09-08T07:25:41.000Z,00QP500000uOQnYMAW,BE,0127Q000000eERIQA2,Status,Not reached,Mailjourney
2026-09-08T07:24:18.000Z,00QP500000uY0qBMAS,BE,0127Q000000eERIQA2,Status,New,Appointment
2026-09-08T07:23:04.000Z,00QP500000uNhs4MAC,BE,0127Q000000eERIQA2,Status,Not reached,Follow-up
2026-09-08T07:20:44.000Z,00QP500000uY7N0MAK,BE,0127Q000000eERIQA2,Status,New,Not reached
2026-09-08T07:15:12.000Z,00QP500000uZjZuMAK,BE,0127Q000000eERIQA2,Status,New,Not reached
2026-09-08T07:13:50.000Z,00QP500000sp4QgMAI,BE,0127Q000000eERIQA2,Status,Mailjourney,Appointment
2026-09-08T07:13:05.000Z,00QP500000uavvZMAQ,BE,0127Q000000eERIQA2,Status,New,Not reached
2026-09-08T07:12:58.000Z,00QP500000uZ3FjMAK,BE,0127Q000000eERIQA2,Status,New,Not reached
2026-09-08T07:10:46.000Z,00QP500000uZBbRMAW,BE,0127Q000000eERIQA2,Status,New,Appointment
2026-09-08T07:09:09.000Z,00QP500000uYm6oMAC,BE,0127Q000000eERIQA2,Status,New,Follow-up
2026-09-08T07:05:24.000Z,00QP500000uaHAAMA2,BE,0127Q000000eERIQA2,Status,New,Mailjourney
2026-09-08T06:51:06.000Z,00QP500000uZQYwMAO,BE,0127Q000000eERIQA2,Status,New,Not Qualified
2026-09-08T06:01:52.000Z,00QP500000tu55TMAQ,FR,012QD000002ylXZYAY,Status,New,Lost
2026-09-08T06:01:52.000Z,00QP500000tu55UMAQ,IT,012QD000002ylcPYAQ,Status,New,Lost
2026-09-08T06:01:52.000Z,00QP500000tu55RMAQ,IT,012QD000002ylcPYAQ,Status,New,Not Qualified
2026-09-08T06:01:52.000Z,00QP500000tu55OMAQ,IT,012QD000002ylcPYAQ,Status,New,Not Qualified
2026-09-08T06:01:52.000Z,00QQD00000ZH1nm2AD,FR,012QD000002ylXZYAY,Status,Re-entered,Mailjourney
2026-09-08T04:34:26.000Z,00QP500000sGb7lMAC,NL,0127Q000000upr9QAA,Status,New,Mailjourney
2026-09-07T19:32:08.000Z,00QP500000rtdjlMAA,NL,0127Q000000upr9QAA,Status,Not Qualified,Re-entered
2026-09-07T18:26:56.000Z,00QQD00000ZGC4E2AX,BE,0127Q000000eERIQA2,Status,Not Qualified,Re-entered
2026-09-07T15:41:55.000Z,00QQD00000AQbJA2A1,NL,0127Q000000upr9QAA,Status,Converted Old SF,Re-entered
2026-09-07T15:05:17.000Z,00QP500000uVmHpMAK,NL,0127Q000000upr9QAA,Status,Not reached,Appointment
2026-09-07T14:55:30.000Z,00QP500000uXfIfMAK,BE,0127Q000000eERIQA2,Status,New,Mailjourney
2026-09-07T14:54:02.000Z,00QP500000uWohPMAS,BE,0127Q000000eERIQA2,Status,New,Mailjourney
2026-09-07T14:50:51.000Z,00QP500000uKsTpMAK,NL,0127Q000000upr9QAA,Status,Not reached,Mailjourney
2026-09-07T14:48:42.000Z,00QQD00000AQPRp2AP,NL,0127Q000000upr9QAA,Status,Re-entered,Not Qualified
2026-09-07T14:48:34.000Z,00QQD00000PidYj2AJ,NL,0127Q000000upr9QAA,Status,Not Qualified,Lost
2026-09-07T14:47:33.000Z,00QQD00000PidYj2AJ,NL,0127Q000000upr9QAA,Status,Lost,Not Qualified
2026-09-07T14:47:05.000Z,00QP500000uY40vMAC,NL,0127Q000000upr9QAA,Status,New,Not Qualified
2026-09-07T14:45:09.000Z,00QQD00000dBAGv2AO,BE,0127Q000000eERIQA2,Status,Follow-up,Mailjourney
2026-09-07T14:43:24.000Z,00QQD00000ZGlGG2A1,BE,0127Q000000eERIQA2,Status,Follow-up,Mailjourney
2026-09-07T14:40:50.000Z,00QQD00000ZGyVn2AL,BE,0127Q000000eERIQA2,Status,Follow-up,Mailjourney
2026-09-07T14:37:56.000Z,00QP500000uWZKCMA4,NL,0127Q000000upr9QAA,Status,Not reached,Not Qualified
2026-09-07T14:37:44.000Z,00QP500000uXurBMAS,NL,0127Q000000upr9QAA,Status,New,Appointment
2026-09-07T14:36:50.000Z,00QP500000twp0vMAA,BE,0127Q000000eERIQA2,Status,Follow-up,Lost
2026-09-07T14:36:32.000Z,00QP500000uWmPWMA0,NL,0127Q000000upr9QAA,Status,Not reached,Mailjourney
2026-09-07T14:32:04.000Z,00QP500000uXfwzMAC,NL,0127Q000000upr9QAA,Status,New,Lost
2026-09-07T14:31:45.000Z,00QP500000uRxoYMAS,BE,0127Q000000eERIQA2,Status,Not reached,Follow-up
2026-09-07T14:31:23.000Z,00QP500000uWmPWMA0,NL,0127Q000000upr9QAA,Status,New,Not reached
2026-09-07T14:30:18.000Z,00QP500000uWZKBMA4,NL,0127Q000000upr9QAA,Status,New,Not reached
2026-09-07T14:29:52.000Z,00QP500000uXHQ1MAO,NL,0127Q000000upr9QAA,Status,New,Not Qualified
2026-09-07T14:28:24.000Z,00QP500000uWZKCMA4,NL,0127Q000000upr9QAA,Status,New,Not reached
2026-09-07T14:26:18.000Z,00QP500000uQXRWMA4,NL,0127Q000000upr9QAA,Status,Not reached,Appointment
2026-09-07T14:25:39.000Z,00QP500000uQgg5MAC,BE,0127Q000000eERIQA2,Status,Not reached,Not Qualified
2026-09-07T14:25:02.000Z,00QP500000uXMCoMAO,NL,0127Q000000upr9QAA,Status,New,Not reached
2026-09-07T14:24:02.000Z,00QP500000sGb7lMAC,NL,0127Q000000upr9QAA,Status,Lost,New
2026-09-07T14:19:08.000Z,00QP500000uQb8YMAS,BE,0127Q000000eERIQA2,Status,Not reached,Follow-up
2026-09-07T14:08:15.000Z,00QP500000uO3hGMAS,BE,0127Q000000eERIQA2,Status,Not reached,Follow-up
2026-09-07T14:03:57.000Z,00QP500000uW2HmMAK,NL,0127Q000000upr9QAA,Status,New,Follow-up
2026-09-07T14:03:30.000Z,00QP500000uWWuCMAW,NL,0127Q000000upr9QAA,Status,New,Mailjourney
2026-09-07T14:02:31.000Z,00QQD00000AQPRp2AP,NL,0127Q000000upr9QAA,Status,Mailjourney,Re-entered
2026-09-07T13:59:37.000Z,00QP500000uNUbSMAW,BE,0127Q000000eERIQA2,Status,Not reached,Follow-up
2026-09-07T13:58:28.000Z,00QP500000uJdohMAC,NL,0127Q000000upr9QAA,Status,Not reached,Mailjourney
2026-09-07T13:56:27.000Z,00QP500000uQHPxMAO,NL,0127Q000000upr9QAA,Status,Not reached,Not Qualified
2026-09-07T13:56:19.000Z,00QP500000uFUyPMAW,BE,0127Q000000eERIQA2,Status,Mailjourney,Follow-up
2026-09-07T13:54:15.000Z,00QP500000uFUyPMAW,BE,0127Q000000eERIQA2,Status,Not reached,Mailjourney
2026-09-07T13:53:29.000Z,00QQD00000ZGhPz2AL,BE,0127Q000000eERIQA2,Status,Follow-up,Mailjourney
2026-09-07T13:52:37.000Z,00QQD00000dL8li2AC,BE,0127Q000000eERIQA2,Status,Follow-up,Not Qualified
2026-09-07T13:48:32.000Z,00QP500000rpLAOMA2,BE,0127Q000000eERIQA2,Status,Follow-up,Lost
2026-09-07T13:48:00.000Z,00QQD00000cmA8s2AE,BE,0127Q000000eERIQA2,Status,Follow-up,Lost
2026-09-07T13:45:50.000Z,00QP500000uWzT7MAK,NL,0127Q000000upr9QAA,Status,New,Appointment
2026-09-07T13:45:43.000Z,00QQD00000AQf0V2AT,NL,0127Q000000upr9QAA,Status,Not reached,Follow-up
2026-09-07T13:40:48.000Z,00QQD00000APzCZ2A1,NL,0127Q000000upr9QAA,Status,Re-entered,Appointment
2026-09-07T13:40:20.000Z,00QP500000tkNpyMAE,NL,0127Q000000upr9QAA,Status,Re-entered,Follow-up
2026-09-07T13:39:46.000Z,00QP500000uTnbSMAS,NL,0127Q000000upr9QAA,Status,Brochure,Follow-up
2026-09-07T13:39:46.000Z,00QP500000uRNegMAG,NL,0127Q000000upr9QAA,Status,Brochure,Follow-up
2026-09-07T13:39:46.000Z,00QP500000uNgw7MAC,NL,0127Q000000upr9QAA,Status,Brochure,Follow-up
2026-09-07T13:39:46.000Z,00QP500000uNs4OMAS,NL,0127Q000000upr9QAA,Status,Brochure,Follow-up
2026-09-07T13:39:46.000Z,00QP500000uWbloMAC,NL,0127Q000000upr9QAA,Status,Brochure,Follow-up
2026-09-07T13:38:54.000Z,00QP500000uVv8HMAS,NL,0127Q000000upr9QAA,Status,New,Not reached
2026-09-07T13:37:01.000Z,00QP500000rwJtRMAU,BE,0127Q000000eERIQA2,Status,Follow-up,Not Qualified
2026-09-07T13:36:00.000Z,00QP500000t2E7HMAU,BE,0127Q000000eERIQA2,Status,Follow-up,Mailjourney
2026-09-07T13:35:27.000Z,00QP500000uVqGeMAK,NL,0127Q000000upr9QAA,Status,New,Mailjourney
2026-09-07T13:35:25.000Z,00QP500000tp7UQMAY,BE,0127Q000000eERIQA2,Status,Not reached,Follow-up
2026-09-07T13:33:45.000Z,00QP500000uHLawMAG,NL,0127Q000000upr9QAA,Status,Follow-up,Appointment
2026-09-07T13:27:48.000Z,00QP500000tp7UQMAY,BE,0127Q000000eERIQA2,Status,Follow-up,Not reached
2026-09-07T13:22:25.000Z,00QP500000uNgw7MAC,NL,0127Q000000upr9QAA,Status,Not reached,Brochure
2026-09-07T13:21:42.000Z,00QP500000uP2HkMAK,NL,0127Q000000upr9QAA,Status,Not reached,Appointment
2026-09-07T13:17:53.000Z,00QQD00000AQf0V2AT,NL,0127Q000000upr9QAA,Status,Re-entered,Not reached
2026-09-07T13:14:56.000Z,00QQD00000APzCZ2A1,NL,0127Q000000upr9QAA,Status,Mailjourney,Re-entered
2026-09-07T13:14:31.000Z,00QQD00000blZ9t2AE,BE,0127Q000000eERIQA2,Status,Follow-up,Mailjourney
2026-09-07T13:14:05.000Z,00QP500000uOoGLMA0,NL,0127Q000000upr9QAA,Status,Not reached,Mailjourney
2026-09-07T13:13:33.000Z,00QP500000uWfkbMAC,NL,0127Q000000upr9QAA,Status,New,Follow-up
2026-09-07T13:13:15.000Z,00QQD00000ZFS792AH,BE,0127Q000000eERIQA2,Status,Not reached,Mailjourney
2026-09-07T13:12:36.000Z,00QP500000uUlm6MAC,NL,0127Q000000upr9QAA,Status,Not reached,Follow-up
2026-09-07T13:12:26.000Z,00QP500000uQtLjMAK,BE,0127Q000000eERIQA2,Status,Not reached,Not Qualified
2026-09-07T13:12:10.000Z,00QQD00000dNzVm2AK,NL,0127Q000000upr9QAA,Status,Not reached,Mailjourney
2026-09-07T13:08:06.000Z,00QP500000thxtBMAQ,NL,0127Q000000upr9QAA,Status,Follow-up,Appointment
2026-09-07T13:07:10.000Z,00QP500000uNz8zMAC,NL,0127Q000000upr9QAA,Status,Not reached,Mailjourney
2026-09-07T13:06:09.000Z,00QP500000uWFV8MAO,NL,0127Q000000upr9QAA,Status,New,Follow-up
2026-09-07T13:06:00.000Z,00QP500000uOfYLMA0,NL,0127Q000000upr9QAA,Status,Not reached,Mailjourney
2026-09-07T13:05:20.000Z,00QQD00000ZGuRn2AL,BE,0127Q000000eERIQA2,Status,Follow-up,Mailjourney
2026-09-07T13:04:13.000Z,00QQD00000c3MuA2AU,BE,0127Q000000eERIQA2,Status,Follow-up,Lost
2026-09-07T13:03:52.000Z,00QP500000uRpcXMAS,BE,0127Q000000eERIQA2,Status,Not reached,Appointment
2026-09-07T13:03:19.000Z,00QP500000uAatCMAS,NL,0127Q000000upr9QAA,Status,Follow-up,Appointment
2026-09-07T13:01:44.000Z,00QP500000s5gdsMAA,NL,0127Q000000upr9QAA,Status,Follow-up,Mailjourney
2026-09-07T12:59:11.000Z,00QP500000uWL7VMAW,NL,0127Q000000upr9QAA,Status,New,Not reached
2026-09-07T12:58:40.000Z,00QP500000uWnRxMAK,NL,0127Q000000upr9QAA,Status,New,Mailjourney
2026-09-07T12:58:32.000Z,00QP500000uODWzMAO,NL,0127Q000000upr9QAA,Status,Not reached,Mailjourney
2026-09-07T12:57:58.000Z,00QP500000uWtCQMA0,NL,0127Q000000upr9QAA,Status,New,Follow-up
2026-09-07T12:55:36.000Z,00QP500000uWLsHMAW,NL,0127Q000000upr9QAA,Status,New,Not reached
2026-09-07T12:54:37.000Z,00QP500000uUVXbMAO,NL,0127Q000000upr9QAA,Status,New,Appointment
2026-09-07T12:54:01.000Z,00QP500000uWEh8MAG,NL,0127Q000000upr9QAA,Status,New,Not reached
2026-09-07T12:52:39.000Z,00QP500000uWbloMAC,NL,0127Q000000upr9QAA,Status,New,Brochure
2026-09-07T12:52:26.000Z,00QP500000tqA21MAE,BE,0127Q000000eERIQA2,Status,Follow-up,Mailjourney
2026-09-07T12:52:01.000Z,00QP500000uQ2cHMAS,NL,0127Q000000upr9QAA,Status,Not reached,Appointment
2026-09-07T12:41:11.000Z,00QP500000uJhc7MAC,BE,0127Q000000eERIQA2,Status,Not reached,Not Qualified
2026-09-07T12:40:09.000Z,00QP500000uQxfKMAS,NL,0127Q000000upr9QAA,Status,Not reached,Appointment
2026-09-07T12:39:54.000Z,00QP500000tkNpyMAE,NL,0127Q000000upr9QAA,Status,Mailjourney,Re-entered
2026-09-07T12:38:21.000Z,00QP500000uUXfqMAG,NL,0127Q000000upr9QAA,Status,New,Not reached
2026-09-07T12:37:51.000Z,00QP500000uNs4OMAS,NL,0127Q000000upr9QAA,Status,Not reached,Brochure
2026-09-07T12:35:45.000Z,00QP500000uQFw3MAG,NL,0127Q000000upr9QAA,Status,Re-entered - Phone Number Changed,Not reached
2026-09-07T12:33:42.000Z,00QP500000uQQl1MAG,BE,0127Q000000eERIQA2,Status,Not reached,Follow-up
2026-09-07T12:33:06.000Z,00QP500000uUxDjMAK,NL,0127Q000000upr9QAA,Status,New,Appointment
2026-09-07T12:33:03.000Z,00QP500000uNmbfMAC,NL,0127Q000000upr9QAA,Status,Not reached,Mailjourney
2026-09-07T12:33:00.000Z,00QP500000uRNegMAG,NL,0127Q000000upr9QAA,Status,Not reached,Brochure
2026-09-07T12:31:48.000Z,00QQD00000AQYwt2AH,NL,0127Q000000upr9QAA,Status,Re-entered,Not reached
2026-09-07T12:31:47.000Z,00QP500000uFBPYMA4,BE,0127Q000000eERIQA2,Status,Not reached,Appointment
2026-09-07T12:28:43.000Z,00QP500000uQYkGMAW,NL,0127Q000000upr9QAA,Status,Not reached,Mailjourney
2026-09-07T12:28:13.000Z,00QP500000uNfYYMA0,NL,0127Q000000upr9QAA,Status,Not reached,Appointment
2026-09-07T12:26:41.000Z,00QP500000uVs0gMAC,NL,0127Q000000upr9QAA,Status,New,Appointment
2026-09-07T12:24:14.000Z,00QP500000uQwUlMAK,NL,0127Q000000upr9QAA,Status,Not reached,Appointment
2026-09-07T12:24:13.000Z,00QP500000uGi6VMAS,BE,0127Q000000eERIQA2,Status,Not reached,Appointment
2026-09-07T12:23:02.000Z,00QP500000uBPcPMAW,BE,0127Q000000eERIQA2,Status,Not reached,Mailjourney
2026-09-07T12:22:08.000Z,00QQD00000AQf0V2AT,NL,0127Q000000upr9QAA,Status,Converted Old SF,Re-entered
2026-09-07T12:21:45.000Z,00QP500000sp4QgMAI,BE,0127Q000000eERIQA2,Status,Not reached,Mailjourney
2026-09-07T12:20:46.000Z,00QQD00000dmjHJ2AY,BE,0127Q000000eERIQA2,Status,Not reached,Mailjourney
2026-09-07T12:20:00.000Z,00QP500000uVwVhMAK,NL,0127Q000000upr9QAA,Status,New,Mailjourney
2026-09-07T12:18:33.000Z,00QP500000uVdfyMAC,NL,0127Q000000upr9QAA,Status,New,Not reached
2026-09-07T12:17:18.000Z,00QP500000uVmHpMAK,NL,0127Q000000upr9QAA,Status,New,Not reached
2026-09-07T12:17:08.000Z,00QQD00000dfjxC2AQ,NL,0127Q000000upr9QAA,Status,Mailjourney,Appointment
2026-09-07T12:16:12.000Z,00QP500000uTnbSMAS,NL,0127Q000000upr9QAA,Status,New,Brochure
2026-09-07T12:15:26.000Z,00QP500000uVeiTMAS,NL,0127Q000000upr9QAA,Status,New,Not reached
2026-09-07T12:12:03.000Z,00QP500000uRKDmMAO,NL,0127Q000000upr9QAA,Status,Not reached,Mailjourney
2026-09-07T12:10:10.000Z,00QP500000uTocJMAS,NL,0127Q000000upr9QAA,Status,New,Mailjourney
2026-09-07T12:09:49.000Z,00QP500000uRHsYMAW,NL,0127Q000000upr9QAA,Status,Not reached,Mailjourney
2026-09-07T12:09:12.000Z,00QP500000uQFw3MAG,NL,0127Q000000upr9QAA,Status,Not reached,Re-entered - Phone Number Changed
2026-09-07T12:06:10.000Z,00QP500000uVKa7MAG,BE,0127Q000000eERIQA2,Status,New,Appointment
2026-09-07T12:04:31.000Z,00QP500000uWYpVMAW,NL,0127Q000000upr9QAA,Status,New,Mailjourney
2026-09-07T12:03:39.000Z,00QQD00000cSOG22AO,NL,0127Q000000upr9QAA,Status,Not reached,Mailjourney
2026-09-07T12:02:39.000Z,00QP500000uOikQMAS,BE,0127Q000000eERIQA2,Status,Not reached,Not Qualified
2026-09-07T12:01:59.000Z,00QP500000uVFAhMAO,BE,0127Q000000eERIQA2,Status,New,Appointment
2026-09-07T12:01:39.000Z,00QP500000uVGrTMAW,BE,0127Q000000eERIQA2,Status,New,Not reached
2026-09-07T12:00:51.000Z,00QP500000rsKjCMAU,NL,0127Q000000upr9QAA,Status,Brochure,Follow-up
2026-09-07T12:00:15.000Z,00QP500000rsKjCMAU,NL,0127Q000000upr9QAA,Status,Re-entered,Brochure
2026-09-07T11:58:13.000Z,00QQD00000btmwM2AQ,NL,0127Q000000upr9QAA,Status,Re-entered,Not reached
2026-09-07T11:57:42.000Z,00QQD00000V1PIf2AN,NL,0127Q000000upr9QAA,Status,Re-entered,Follow-up
2026-09-07T11:57:39.000Z,00QQD00000AQbbG2AT,NL,0127Q000000upr9QAA,Status,Re-entered,Mailjourney
2026-09-07T11:53:23.000Z,00QP500000uWNdxMAG,BE,0127Q000000eERIQA2,Status,New,Not reached
2026-09-07T11:50:37.000Z,00QP500000uVrPZMA0,NL,0127Q000000upr9QAA,Status,New,Not Qualified
2026-09-07T11:48:53.000Z,00QP500000uWPr3MAG,BE,0127Q000000eERIQA2,Status,New,Not reached
2026-09-07T11:47:35.000Z,00QP500000uU97GMAS,NL,0127Q000000upr9QAA,Status,New,Not reached
2026-09-07T11:46:34.000Z,00QP500000uU97FMAS,NL,0127Q000000upr9QAA,Status,New,Mailjourney
2026-09-07T11:45:15.000Z,00QP500000uVPxzMAG,BE,0127Q000000eERIQA2,Status,New,Not reached
2026-09-07T11:43:32.000Z,00QP500000uU6SjMAK,NL,0127Q000000upr9QAA,Status,New,Appointment
2026-09-07T11:42:47.000Z,00QP500000uUcIyMAK,BE,0127Q000000eERIQA2,Status,New,Not reached
2026-09-07T11:28:33.000Z,00QP500000uU5rdMAC,NL,0127Q000000upr9QAA,Status,New,Follow-up
2026-09-07T11:23:08.000Z,00QP500000uUlm6MAC,NL,0127Q000000upr9QAA,Status,New,Not reached
2026-09-07T11:22:28.000Z,00QQD00000c1H0v2AE,NL,0127Q000000upr9QAA,Status,Mailjourney,Appointment
2026-09-07T11:22:10.000Z,00QP500000uUuHZMA0,NL,0127Q000000upr9QAA,Status,New,Appointment
2026-09-07T11:21:09.000Z,00QQD00000AQbbG2AT,NL,0127Q000000upr9QAA,Status,Converted Old SF,Re-entered
2026-09-07T11:14:07.000Z,00QQD00000APzNV2A1,NL,0127Q000000upr9QAA,Status,Re-entered,Lost
2026-09-07T11:11:29.000Z,00QP500000uOooDMAS,NL,0127Q000000upr9QAA,Status,Not reached,Appointment
2026-09-07T11:08:44.000Z,00QP500000uVQsPMAW,NL,0127Q000000upr9QAA,Status,New,Not reached
2026-09-07T11:07:30.000Z,00QP500000uVHVlMAO,NL,0127Q000000upr9QAA,Status,New,Not Qualified
2026-09-07T11:06:38.000Z,00QP500000uU0APMA0,NL,0127Q000000upr9QAA,Status,New,Appointment
2026-09-07T11:05:07.000Z,00QP500000uV2jeMAC,NL,0127Q000000upr9QAA,Status,New,Not reached
2026-09-07T11:03:40.000Z,00QP500000uV8STMA0,NL,0127Q000000upr9QAA,Status,New,Follow-up
2026-09-07T10:57:10.000Z,00QP500000uUqgsMAC,NL,0127Q000000upr9QAA,Status,New,Mailjourney
2026-09-07T10:55:55.000Z,00QQD00000AQYwt2AH,NL,0127Q000000upr9QAA,Status,Converted Old SF,Re-entered
2026-09-07T10:54:11.000Z,00QP500000uV5ZSMA0,NL,0127Q000000upr9QAA,Status,New,Appointment
2026-09-07T10:47:09.000Z,00QP500000uVb4gMAC,NL,0127Q000000upr9QAA,Status,New,Appointment
2026-09-07T10:36:21.000Z,00QP500000uQumOMAS,BE,0127Q000000eERIQA2,Status,Not reached,Appointment
2026-09-07T10:35:15.000Z,00QP500000uV2RuMAK,NL,0127Q000000upr9QAA,Status,New,Appointment
2026-09-07T10:34:09.000Z,00QP500000uIuWZMA0,NL,0127Q000000upr9QAA,Status,Not Qualified,Lost
2026-09-07T10:30:47.000Z,00QP500000uNuPYMA0,NL,0127Q000000upr9QAA,Status,Re-entered - Phone Number Changed,Not reached
2026-09-07T10:29:10.000Z,00QP500000uTTCsMAO,NL,0127Q000000upr9QAA,Status,New,Not reached
2026-09-07T10:28:55.000Z,00QP500000uUS57MAG,BE,0127Q000000eERIQA2,Status,New,Appointment
2026-09-07T10:28:24.000Z,00QQD00000VWIT02AP,NL,0127Q000000upr9QAA,Status,Re-entered,Mailjourney
2026-09-07T10:27:17.000Z,00QP500000uUmQMMA0,NL,0127Q000000upr9QAA,Status,New,Appointment
2026-09-07T10:26:30.000Z,00QP500000uTbQXMA0,NL,0127Q000000upr9QAA,Status,New,Not reached
2026-09-07T10:25:22.000Z,00QP500000uTZGgMAO,NL,0127Q000000upr9QAA,Status,Not reached,Mailjourney
2026-09-07T10:24:56.000Z,00QP500000uTZGgMAO,NL,0127Q000000upr9QAA,Status,New,Not reached
2026-09-07T10:23:34.000Z,00QP500000uTaZLMA0,NL,0127Q000000upr9QAA,Status,New,Not reached
2026-09-07T10:22:00.000Z,00QP500000uTFRkMAO,NL,0127Q000000upr9QAA,Status,New,Appointment
2026-09-07T10:21:48.000Z,00QP500000uKXMBMA4,NL,0127Q000000upr9QAA,Status,Brochure,Not Qualified
2026-09-07T10:21:01.000Z,00QP500000uTYJ0MAO,NL,0127Q000000upr9QAA,Status,New,Appointment
2026-09-07T10:20:31.000Z,00QP500000uKwahMAC,NL,0127Q000000upr9QAA,Status,Brochure,Follow-up
2026-09-07T10:20:31.000Z,00QP500000uOWPtMAO,NL,0127Q000000upr9QAA,Status,Brochure,Follow-up
2026-09-07T10:20:31.000Z,00QP500000uEPj3MAG,NL,0127Q000000upr9QAA,Status,Brochure,Follow-up
2026-09-07T10:20:31.000Z,00QP500000uKB78MAG,NL,0127Q000000upr9QAA,Status,Brochure,Follow-up
2026-09-07T10:20:31.000Z,00QP500000uNGYXMA4,NL,0127Q000000upr9QAA,Status,Brochure,Follow-up
2026-09-07T10:20:31.000Z,00QP500000uObkXMAS,NL,0127Q000000upr9QAA,Status,Brochure,Follow-up
2026-09-07T10:20:31.000Z,00QP500000uIEibMAG,NL,0127Q000000upr9QAA,Status,Brochure,Follow-up
2026-09-07T10:20:31.000Z,00QP500000uJ0TvMAK,NL,0127Q000000upr9QAA,Status,Brochure,Follow-up
2026-09-07T10:20:31.000Z,00QP500000uOhEsMAK,NL,0127Q000000upr9QAA,Status,Brochure,Follow-up
2026-09-07T10:20:31.000Z,00QP500000uT99NMAS,NL,0127Q000000upr9QAA,Status,Brochure,Follow-up
2026-09-07T10:20:31.000Z,00QP500000uL7nqMAC,NL,0127Q000000upr9QAA,Status,Brochure,Follow-up
2026-09-07T10:20:31.000Z,00QP500000uTgYHMA0,NL,0127Q000000upr9QAA,Status,Brochure,Follow-up
2026-09-07T10:19:37.000Z,00QP500000uRF2lMAG,BE,0127Q000000eERIQA2,Status,New,Appointment
2026-09-07T10:18:00.000Z,00QP500000uTnbRMAS,NL,0127Q000000upr9QAA,Status,New,Mailjourney
2026-09-07T10:16:34.000Z,00QP500000uUFnnMAG,NL,0127Q000000upr9QAA,Status,New,Not reached
2026-09-07T10:16:26.000Z,00QP500000uTIsYMAW,NL,0127Q000000upr9QAA,Status,New,Not reached
2026-09-07T10:15:25.000Z,00QP500000uTFRlMAO,NL,0127Q000000upr9QAA,Status,New,Not reached
2026-09-07T10:15:21.000Z,00QP500000uTauJMAS,NL,0127Q000000upr9QAA,Status,New,Not Qualified
2026-09-07T10:14:59.000Z,00QP500000uUFnmMAG,NL,0127Q000000upr9QAA,Status,New,Appointment
2026-09-07T10:13:44.000Z,00QP500000uTClXMAW,NL,0127Q000000upr9QAA,Status,New,Not reached
2026-09-07T10:13:16.000Z,00QP500000uOHsLMAW,BE,0127Q000000eERIQA2,Status,Not reached,Lost
2026-09-07T10:12:51.000Z,00QP500000uT99NMAS,NL,0127Q000000upr9QAA,Status,New,Brochure
2026-09-07T10:12:32.000Z,00QP500000uNuPYMA0,NL,0127Q000000upr9QAA,Status,Not reached,Re-entered - Phone Number Changed
2026-09-07T10:09:31.000Z,00QP500000uAUZFMA4,BE,0127Q000000eERIQA2,Status,Not reached,Mailjourney
2026-09-07T10:09:05.000Z,00QQD00000cIcSO2A0,NL,0127Q000000upr9QAA,Status,Re-entered,Mailjourney
2026-09-07T10:08:31.000Z,00QQD00000AQOxy2AH,NL,0127Q000000upr9QAA,Status,Re-entered,Mailjourney
2026-09-07T10:08:10.000Z,00QP500000uOYjUMAW,NL,0127Q000000upr9QAA,Status,New,Mailjourney
2026-09-07T10:08:05.000Z,00QP500000u62LTMAY,BE,0127Q000000eERIQA2,Status,Not reached,Mailjourney
2026-09-07T10:05:12.000Z,00QQD00000YXneH2AT,NL,0127Q000000upr9QAA,Status,Re-entered,Not reached
2026-09-07T10:04:46.000Z,00QP500000uIX0VMAW,BE,0127Q000000eERIQA2,Status,Follow-up,Appointment
2026-09-07T10:04:26.000Z,00QP500000u8k5RMAQ,BE,0127Q000000eERIQA2,Status,Not reached,Mailjourney
2026-09-07T10:04:18.000Z,00QQD00000T2d6D2AR,NL,0127Q000000upr9QAA,Status,Re-entered,Not Qualified
2026-09-07T10:03:35.000Z,00QP500000uOHsLMAW,BE,0127Q000000eERIQA2,Status,New,Not reached
2026-09-07T10:03:12.000Z,00QQD00000AQamv2AD,NL,0127Q000000upr9QAA,Status,Re-entered,Not reached
2026-09-07T10:02:42.000Z,00QQD00000dNzVm2AK,NL,0127Q000000upr9QAA,Status,Re-entered,Not reached
2026-09-07T10:02:10.000Z,00QQD00000AQFBR2A5,NL,0127Q000000upr9QAA,Status,Re-entered,Not reached
2026-09-07T10:01:26.000Z,00QP500000uNz8zMAC,NL,0127Q000000upr9QAA,Status,New,Not reached
2026-09-07T10:00:20.000Z,00QP500000uQuBFMA0,NL,0127Q000000upr9QAA,Status,New,Mailjourney
2026-09-07T10:00:20.000Z,00QP500000uTLaLMAW,NL,0127Q000000upr9QAA,Status,New,Mailjourney
2026-09-07T09:59:42.000Z,00QP500000uNgw7MAC,NL,0127Q000000upr9QAA,Status,New,Not reached
2026-09-07T09:58:40.000Z,00QP500000qB6ddMAC,NL,0127Q000000upr9QAA,Status,Mailjourney,Appointment
2026-09-07T09:58:15.000Z,00QP500000uO3hHMAS,NL,0127Q000000upr9QAA,Status,New,Follow-up
2026-09-07T09:57:29.000Z,00QP500000uQY5qMAG,NL,0127Q000000upr9QAA,Status,New,Appointment
2026-09-07T09:55:50.000Z,00QP500000uV4BzMAK,NL,0127Q000000upr9QAA,Status,New,Appointment
2026-09-07T09:55:12.000Z,00QQD00000APzxv2AD,NL,0127Q000000upr9QAA,Status,Re-entered,Not Qualified
2026-09-07T09:52:55.000Z,00QP500000uQdiHMAS,NL,0127Q000000upr9QAA,Status,New,Follow-up
2026-09-07T09:52:36.000Z,00QP500000uOIbSMAW,NL,0127Q000000upr9QAA,Status,New,Not reached
2026-09-07T09:51:47.000Z,00QP500000uOfYLMA0,NL,0127Q000000upr9QAA,Status,New,Not reached
2026-09-07T09:50:54.000Z,00QP500000uODWzMAO,NL,0127Q000000upr9QAA,Status,New,Not reached
2026-09-07T09:50:22.000Z,00QP500000uVFNVMA4,BE,0127Q000000eERIQA2,Status,New,Appointment
2026-09-07T09:49:10.000Z,00QP500000uVG3RMAW,BE,0127Q000000eERIQA2,Status,New,Appointment
2026-09-07T09:48:32.000Z,00QP500000uTLOzMAO,NL,0127Q000000upr9QAA,Status,New,Appointment
2026-09-07T09:38:18.000Z,00QP500000uOWL4MAO,NL,0127Q000000upr9QAA,Status,New,Not reached
2026-09-07T09:38:07.000Z,00QP500000uUnW6MAK,NL,0127Q000000upr9QAA,Status,New,Appointment
2026-09-07T09:37:58.000Z,00QQD00000AQOxy2AH,NL,0127Q000000upr9QAA,Status,Lost,Re-entered
2026-09-07T09:37:25.000Z,00QP500000uO8FWMA0,NL,0127Q000000upr9QAA,Status,New,Not Qualified
2026-09-07T09:35:02.000Z,00QP500000uOGmaMAG,NL,0127Q000000upr9QAA,Status,New,Not reached
2026-09-07T09:34:08.000Z,00QP500000uO3e2MAC,NL,0127Q000000upr9QAA,Status,New,Not reached
2026-09-07T09:33:11.000Z,00QP500000uO0jQMAS,NL,0127Q000000upr9QAA,Status,New,Not reached
2026-09-07T09:33:06.000Z,00QQD00000cIcSO2A0,NL,0127Q000000upr9QAA,Status,Mailjourney,Re-entered
2026-09-07T09:32:15.000Z,00QP500000uUZcqMAG,BE,0127Q000000eERIQA2,Status,New,Follow-up
2026-09-07T09:32:06.000Z,00QP500000uNuPYMA0,NL,0127Q000000upr9QAA,Status,New,Not reached
2026-09-07T09:31:20.000Z,00QP500000uNuyvMAC,NL,0127Q000000upr9QAA,Status,New,Not Qualified
2026-09-07T09:30:24.000Z,00QQD00000ZFS792AH,BE,0127Q000000eERIQA2,Status,Re-entered,Not reached
2026-09-07T09:29:38.000Z,00QP500000uNu7mMAC,NL,0127Q000000upr9QAA,Status,New,Not reached
2026-09-07T09:29:36.000Z,00QP500000uV2RtMAK,NL,0127Q000000upr9QAA,Status,New,Not Qualified
2026-09-07T09:28:36.000Z,00QP500000uRa3zMAC,NL,0127Q000000upr9QAA,Status,New,Appointment
2026-09-07T09:28:35.000Z,00QP500000uNsvXMAS,NL,0127Q000000upr9QAA,Status,New,Not reached
2026-09-07T09:27:14.000Z,00QP500000uNs4OMAS,NL,0127Q000000upr9QAA,Status,New,Not reached
2026-09-07T09:23:21.000Z,00QP500000uQmtaMAC,NL,0127Q000000upr9QAA,Status,New,Not Qualified
2026-09-07T09:21:58.000Z,00QP500000uNGiFMAW,NL,0127Q000000upr9QAA,Status,New,Mailjourney
2026-09-07T09:20:00.000Z,00QP500000uQXRWMA4,NL,0127Q000000upr9QAA,Status,New,Not reached
2026-09-07T09:18:53.000Z,00QP500000uNgw5MAC,BE,0127Q000000eERIQA2,Status,New,Appointment
2026-09-07T09:18:30.000Z,00QP500000uNGYXMA4,NL,0127Q000000upr9QAA,Status,New,Brochure
2026-09-07T09:17:46.000Z,00QP500000uQV4wMAG,NL,0127Q000000upr9QAA,Status,New,Appointment
2026-09-07T09:16:35.000Z,00QP500000uUaIkMAK,BE,0127Q000000eERIQA2,Status,New,Follow-up
2026-09-07T09:13:06.000Z,00QQD00000KUn7s2AD,NL,0127Q000000upr9QAA,Status,Mailjourney,Appointment
2026-09-07T09:12:59.000Z,00QP500000uNE5IMAW,NL,0127Q000000upr9QAA,Status,Not reached,Mailjourney
2026-09-07T09:12:53.000Z,00QP500000uNE5IMAW,NL,0127Q000000upr9QAA,Status,New,Not reached
2026-09-07T09:12:16.000Z,00QP500000uU943MAC,NL,0127Q000000upr9QAA,Status,New,Appointment
2026-09-07T09:11:49.000Z,00QP500000uQTNyMAO,NL,0127Q000000upr9QAA,Status,New,Not reached
2026-09-07T09:11:30.000Z,00QP500000uRN9yMAG,NL,0127Q000000upr9QAA,Status,New,Not reached
2026-09-07T09:10:33.000Z,00QP500000uQxfKMAS,NL,0127Q000000upr9QAA,Status,New,Not reached
2026-09-07T09:10:19.000Z,00QP500000uQQUuMAO,NL,0127Q000000upr9QAA,Status,New,Not reached
2026-09-07T09:09:57.000Z,00QP500000uU1OHMA0,BE,0127Q000000eERIQA2,Status,New,Appointment
2026-09-07T09:09:56.000Z,00QQD00000T2d6D2AR,NL,0127Q000000upr9QAA,Status,Not Qualified,Re-entered
2026-09-07T09:09:10.000Z,00QP500000uQNFNMA4,NL,0127Q000000upr9QAA,Status,New,Mailjourney
2026-09-07T09:07:57.000Z,00QP500000uQJefMAG,NL,0127Q000000upr9QAA,Status,New,Not reached
2026-09-07T09:07:25.000Z,00QP500000uTlktMAC,BE,0127Q000000eERIQA2,Status,New,Not Qualified
2026-09-07T09:06:56.000Z,00QP500000uQHPxMAO,NL,0127Q000000upr9QAA,Status,New,Not reached
2026-09-07T09:06:38.000Z,00QP500000uNUbSMAW,BE,0127Q000000eERIQA2,Status,New,Not reached
2026-09-07T09:06:11.000Z,00QP500000uNnFuMAK,NL,0127Q000000upr9QAA,Status,New,Appointment
2026-09-07T09:05:33.000Z,00QP500000uMurOMAS,NL,0127Q000000upr9QAA,Status,New,Follow-up
2026-09-07T09:04:41.000Z,00QP500000uQG48MAG,NL,0127Q000000upr9QAA,Status,New,Not reached
2026-09-07T09:03:24.000Z,00QP500000uNPLgMAO,NL,0127Q000000upr9QAA,Status,New,Not reached
2026-09-07T09:03:23.000Z,00QP500000uQFw3MAG,NL,0127Q000000upr9QAA,Status,New,Not reached
2026-09-07T09:02:31.000Z,00QP500000uNNVAMA4,NL,0127Q000000upr9QAA,Status,New,Not reached
2026-09-07T09:02:11.000Z,00QP500000uQDuFMAW,NL,0127Q000000upr9QAA,Status,New,Lost
2026-09-07T09:01:37.000Z,00QP500000uNNV9MAO,NL,0127Q000000upr9QAA,Status,New,Not reached
2026-09-07T09:00:21.000Z,00QP500000uU3rSMAS,BE,0127Q000000eERIQA2,Status,New,Not reached
2026-09-07T08:59:46.000Z,00QP500000uLlbZMAS,BE,0127Q000000eERIQA2,Status,New,Not Qualified
2026-09-07T08:59:14.000Z,00QP500000uQ6SzMAK,NL,0127Q000000upr9QAA,Status,New,Not reached
2026-09-07T08:59:11.000Z,00QP500000uN9GrMAK,NL,0127Q000000upr9QAA,Status,New,Not reached
2026-09-07T08:59:02.000Z,00QP500000uQoQkMAK,NL,0127Q000000upr9QAA,Status,New,Not reached
2026-09-07T08:58:38.000Z,00QP500000u6ja5MAA,BE,0127Q000000eERIQA2,Status,Not reached,Mailjourney
2026-09-07T08:58:22.000Z,00QP500000uQ5YYMA0,NL,0127Q000000upr9QAA,Status,New,Lost
2026-09-07T08:54:31.000Z,00QP500000uPy5ZMAS,NL,0127Q000000upr9QAA,Status,New,Not reached
2026-09-07T08:53:40.000Z,00QP500000uMuXzMAK,NL,0127Q000000upr9QAA,Status,Not reached,Mailjourney
2026-09-07T08:53:14.000Z,00QP500000uPnOgMAK,NL,0127Q000000upr9QAA,Status,New,Not reached
2026-09-07T08:52:40.000Z,00QP500000uKex8MAC,BE,0127Q000000eERIQA2,Status,New,Appointment
2026-09-07T08:51:59.000Z,00QP500000uPQblMAG,NL,0127Q000000upr9QAA,Status,New,Follow-up
2026-09-07T08:51:32.000Z,00QP500000uMuXzMAK,NL,0127Q000000upr9QAA,Status,New,Not reached
2026-09-07T08:50:46.000Z,00QP500000uIezdMAC,BE,0127Q000000eERIQA2,Status,Not reached,Appointment
2026-09-07T08:49:45.000Z,00QP500000uMuJRMA0,NL,0127Q000000upr9QAA,Status,New,Appointment
2026-09-07T08:45:26.000Z,00QP500000uP2HkMAK,NL,0127Q000000upr9QAA,Status,New,Not reached
2026-09-07T08:44:56.000Z,00QP500000uQPfMMAW,NL,0127Q000000upr9QAA,Status,Not reached,Follow-up
2026-09-07T08:44:06.000Z,00QP500000uOuNPMA0,NL,0127Q000000upr9QAA,Status,New,Not reached
2026-09-07T08:42:56.000Z,00QP500000uOooDMAS,NL,0127Q000000upr9QAA,Status,New,Not reached
2026-09-07T08:41:48.000Z,00QP500000uOoGMMA0,NL,0127Q000000upr9QAA,Status,New,Mailjourney
2026-09-07T08:41:26.000Z,00QP500000uQlxYMAS,NL,0127Q000000upr9QAA,Status,New,Not reached
2026-09-07T08:40:41.000Z,00QP500000uRtJVMA0,NL,0127Q000000upr9QAA,Status,New,Not Qualified
2026-09-07T08:39:38.000Z,00QP500000uRNegMAG,NL,0127Q000000upr9QAA,Status,New,Not reached
2026-09-07T08:38:08.000Z,00QP500000uUSGLMA4,NL,0127Q000000upr9QAA,Status,New,Appointment
2026-09-07T08:37:14.000Z,00QP500000uASduMAG,BE,0127Q000000eERIQA2,Status,Not reached,Follow-up
2026-09-07T08:36:21.000Z,00QQD00000bSx1V2AS,BE,0127Q000000eERIQA2,Status,Re-entered,Not Qualified
2026-09-07T08:36:09.000Z,00QP500000uMKEMMA4,NL,0127Q000000upr9QAA,Status,New,Appointment
2026-09-07T08:34:04.000Z,00QP500000uQUbmMAG,NL,0127Q000000upr9QAA,Status,New,Follow-up
2026-09-07T08:34:04.000Z,00QP500000qkRH3MAM,BE,0127Q000000eERIQA2,Status,Re-entered,Follow-up
2026-09-07T08:33:11.000Z,00QP500000uOE6TMAW,BE,0127Q000000eERIQA2,Status,New,Not Qualified
2026-09-07T08:31:52.000Z,00QP500000uOoGLMA0,NL,0127Q000000upr9QAA,Status,New,Not reached
2026-09-07T08:30:44.000Z,00QQD00000ZGXIy2AP,BE,0127Q000000eERIQA2,Status,Mailjourney,Follow-up
2026-09-07T08:30:27.000Z,00QP500000uOhefMAC,NL,0127Q000000upr9QAA,Status,New,Follow-up
2026-09-07T08:29:59.000Z,00QP500000uNxiIMAS,BE,0127Q000000eERIQA2,Status,New,Not Qualified
2026-09-07T08:29:10.000Z,00QP500000uKwHUMA0,NL,0127Q000000upr9QAA,Status,New,Follow-up
2026-09-07T08:28:51.000Z,00QP500000uQt45MAC,NL,0127Q000000upr9QAA,Status,New,Not reached
2026-09-07T08:28:11.000Z,00QQD00000ZFZ5p2AH,BE,0127Q000000eERIQA2,Status,Re-entered,Not Qualified
2026-09-07T08:27:39.000Z,00QP500000uQYkGMAW,NL,0127Q000000upr9QAA,Status,New,Not reached
2026-09-07T08:27:15.000Z,00QP500000uRuXKMA0,NL,0127Q000000upr9QAA,Status,New,Mailjourney
2026-09-07T08:27:12.000Z,00QP500000uNmbfMAC,NL,0127Q000000upr9QAA,Status,New,Not reached
2026-09-07T08:26:38.000Z,00QP500000uRFu0MAG,NL,0127Q000000upr9QAA,Status,New,Follow-up
2026-09-07T08:26:05.000Z,00QP500000uQI1DMAW,NL,0127Q000000upr9QAA,Status,New,Mailjourney
2026-09-07T08:25:56.000Z,00QP500000uNgw6MAC,NL,0127Q000000upr9QAA,Status,New,Follow-up
2026-09-07T08:25:01.000Z,00QP500000uTZTeMAO,BE,0127Q000000eERIQA2,Status,New,Follow-up
2026-09-07T08:24:07.000Z,00QP500000uQ2cHMAS,NL,0127Q000000upr9QAA,Status,New,Not reached
2026-09-07T08:23:47.000Z,00QP500000uOuaIMAS,BE,0127Q000000eERIQA2,Status,New,Not reached
2026-09-07T08:23:17.000Z,00QP500000uTS2KMAW,BE,0127Q000000eERIQA2,Status,New,Follow-up
2026-09-07T08:22:29.000Z,00QP500000uLnbnMAC,NL,0127Q000000upr9QAA,Status,New,Not reached
2026-09-07T08:21:14.000Z,00QP500000uLg2PMAS,NL,0127Q000000upr9QAA,Status,New,Not reached
2026-09-07T08:21:12.000Z,00QP500000uRWBfMAO,NL,0127Q000000upr9QAA,Status,New,Mailjourney
2026-09-07T08:20:29.000Z,00QP500000uSwTzMAK,BE,0127Q000000eERIQA2,Status,New,Not reached
2026-09-07T08:20:17.000Z,00QP500000uRBGrMAO,BE,0127Q000000eERIQA2,Status,New,Not reached
2026-09-07T08:18:46.000Z,00QP500000uNfYYMA0,NL,0127Q000000upr9QAA,Status,New,Not reached
2026-09-07T08:18:46.000Z,00QP500000uRxoYMAS,BE,0127Q000000eERIQA2,Status,New,Not reached
2026-09-07T08:18:03.000Z,00QP500000uREhnMAG,BE,0127Q000000eERIQA2,Status,New,Appointment
2026-09-07T08:17:39.000Z,00QP500000uPGkTMAW,BE,0127Q000000eERIQA2,Status,New,Follow-up
2026-09-07T08:17:38.000Z,00QP500000uOzbbMAC,NL,0127Q000000upr9QAA,Status,New,Appointment
2026-09-07T08:17:12.000Z,00QP500000uJdohMAC,NL,0127Q000000upr9QAA,Status,New,Not reached
2026-09-07T08:17:06.000Z,00QQD00000AQ96y2AD,NL,0127Q000000upr9QAA,Status,Re-entered,Mailjourney
2026-09-07T08:16:12.000Z,00QP500000uRBCCMA4,BE,0127Q000000eERIQA2,Status,New,Not Qualified
2026-09-07T08:14:54.000Z,00QP500000uJdofMAC,NL,0127Q000000upr9QAA,Status,New,Not reached
2026-09-07T08:14:45.000Z,00QP500000uTJWtMAO,BE,0127Q000000eERIQA2,Status,New,Appointment
2026-09-07T08:14:07.000Z,00QQD00000ZGLCi2AP,BE,0127Q000000eERIQA2,Status,Re-entered,Mailjourney
2026-09-07T08:13:59.000Z,00QP500000uRaDdMAK,NL,0127Q000000upr9QAA,Status,New,Appointment
2026-09-07T08:13:57.000Z,00QP500000uLG4kMAG,NL,0127Q000000upr9QAA,Status,New,Not reached
2026-09-07T08:13:19.000Z,00QP500000uKwaiMAC,NL,0127Q000000upr9QAA,Status,Not reached,Mailjourney
2026-09-07T08:12:54.000Z,00QP500000uOBbaMAG,NL,0127Q000000upr9QAA,Status,New,Not Qualified
2026-09-07T08:12:43.000Z,00QP500000uKwaiMAC,NL,0127Q000000upr9QAA,Status,New,Not reached
2026-09-07T08:11:37.000Z,00QP500000uKwahMAC,NL,0127Q000000upr9QAA,Status,New,Brochure
2026-09-07T08:09:57.000Z,00QP500000uO4v6MAC,NL,0127Q000000upr9QAA,Status,New,Not Qualified
2026-09-07T08:08:15.000Z,00QP500000uQwUlMAK,NL,0127Q000000upr9QAA,Status,New,Not reached
2026-09-07T08:07:10.000Z,00QP500000uQvaJMAS,BE,0127Q000000eERIQA2,Status,New,Appointment
2026-09-07T08:07:07.000Z,00QP500000uQU76MAG,NL,0127Q000000upr9QAA,Status,New,Not reached
2026-09-07T08:06:52.000Z,00QP500000uNem5MAC,BE,0127Q000000eERIQA2,Status,Not reached,Follow-up
2026-09-07T08:06:28.000Z,00QP500000uOwgzMAC,NL,0127Q000000upr9QAA,Status,New,Appointment
2026-09-07T08:06:08.000Z,00QQD00000ZGpZa2AL,BE,0127Q000000eERIQA2,Status,Re-entered - Phone Number Changed,Not reached
2026-09-07T08:06:08.000Z,00QP500000uQqM8MAK,NL,0127Q000000upr9QAA,Status,New,Mailjourney
2026-09-07T08:05:34.000Z,00QP500000uKRtUMAW,NL,0127Q000000upr9QAA,Status,New,Mailjourney
2026-09-07T08:05:12.000Z,00QP500000uNk6pMAC,NL,0127Q000000upr9QAA,Status,New,Not Qualified
2026-09-07T08:05:02.000Z,00QP500000uR0eqMAC,NL,0127Q000000upr9QAA,Status,New,Follow-up
2026-09-07T08:03:33.000Z,00QP500000uQtLjMAK,BE,0127Q000000eERIQA2,Status,New,Not reached
2026-09-07T08:02:51.000Z,00QP500000uRkGDMA0,NL,0127Q000000upr9QAA,Status,New,Appointment
2026-09-07T08:02:37.000Z,00QP500000uTEgxMAG,BE,0127Q000000eERIQA2,Status,New,Not reached
2026-09-07T08:01:48.000Z,00QP500000uNTFgMAO,NL,0127Q000000upr9QAA,Status,New,Not reached
2026-09-07T08:01:36.000Z,00QP500000uNem5MAC,BE,0127Q000000eERIQA2,Status,New,Not reached
2026-09-07T08:01:33.000Z,00QP500000uKlk9MAC,NL,0127Q000000upr9QAA,Status,New,Not reached
2026-09-07T08:01:09.000Z,00QP500000uQuT2MAK,BE,0127Q000000eERIQA2,Status,New,Follow-up
2026-09-07T08:00:44.000Z,00QP500000uNQ3HMAW,NL,0127Q000000upr9QAA,Status,New,Follow-up
2026-09-07T08:00:42.000Z,00QP500000uMt0nMAC,BE,0127Q000000eERIQA2,Status,New,Follow-up
2026-09-07T08:00:36.000Z,00QP500000uKf3gMAC,NL,0127Q000000upr9QAA,Status,New,Follow-up
2026-09-07T07:58:39.000Z,00QP500000uKtbFMAS,BE,0127Q000000eERIQA2,Status,New,Lost
2026-09-07T07:58:07.000Z,00QP500000uNgSzMAK,NL,0127Q000000upr9QAA,Status,New,Not reached
2026-09-07T07:58:01.000Z,00QP500000uL7nqMAC,NL,0127Q000000upr9QAA,Status,New,Brochure
2026-09-07T07:56:51.000Z,00QP500000uQgg5MAC,BE,0127Q000000eERIQA2,Status,New,Not reached
2026-09-07T07:56:07.000Z,00QP500000uNVUJMA4,NL,0127Q000000upr9QAA,Status,New,Not Qualified
2026-09-07T07:55:47.000Z,00QP500000sbmhnMAA,BE,0127Q000000eERIQA2,Status,Re-entered,Not Qualified
2026-09-07T07:55:10.000Z,00QP500000uQZgGMAW,NL,0127Q000000upr9QAA,Status,New,Not reached
2026-09-07T07:55:05.000Z,00QP500000uQb8YMAS,BE,0127Q000000eERIQA2,Status,New,Not reached
2026-09-07T07:54:54.000Z,00QP500000uQumOMAS,BE,0127Q000000eERIQA2,Status,New,Not reached
2026-09-07T07:53:56.000Z,00QP500000uQrreMAC,NL,0127Q000000upr9QAA,Status,New,Not Qualified
2026-09-07T07:53:36.000Z,00QP500000uQdVLMA0,BE,0127Q000000eERIQA2,Status,New,Not Qualified
2026-09-07T07:52:51.000Z,00QP500000uOhEsMAK,NL,0127Q000000upr9QAA,Status,New,Brochure
2026-09-07T07:52:43.000Z,00QP500000uRS1ZMAW,BE,0127Q000000eERIQA2,Status,New,Mailjourney
2026-09-07T07:52:19.000Z,00QP500000uKudsMAC,NL,0127Q000000upr9QAA,Status,Not reached,Mailjourney
2026-09-07T07:52:13.000Z,00QP500000uRKDmMAO,NL,0127Q000000upr9QAA,Status,New,Not reached
2026-09-07T07:51:23.000Z,00QP500000uKudsMAC,NL,0127Q000000upr9QAA,Status,New,Not reached
2026-09-07T07:51:22.000Z,00QP500000uR8yzMAC,BE,0127Q000000eERIQA2,Status,New,Mailjourney
2026-09-07T07:51:12.000Z,00QP500000uQMeGMAW,BE,0127Q000000eERIQA2,Status,New,Not reached
2026-09-07T07:50:00.000Z,00QP500000uROXWMA4,BE,0127Q000000eERIQA2,Status,New,Follow-up
2026-09-07T07:48:47.000Z,00QQD00000AQEkH2AX,NL,0127Q000000upr9QAA,Status,Re-entered,Not reached
2026-09-07T07:48:42.000Z,00QP500000uKex9MAC,NL,0127Q000000upr9QAA,Status,New,Not Qualified
2026-09-07T07:48:23.000Z,00QP500000uRTorMAG,NL,0127Q000000upr9QAA,Status,New,Mailjourney
2026-09-07T07:48:09.000Z,00QP500000uObkXMAS,NL,0127Q000000upr9QAA,Status,New,Brochure
2026-09-07T07:48:07.000Z,00QP500000uKjNLMA0,NL,0127Q000000upr9QAA,Status,New,Not reached
2026-09-07T07:47:32.000Z,00QP500000uRpcXMAS,BE,0127Q000000eERIQA2,Status,New,Not reached
2026-09-07T07:46:12.000Z,00QP500000uQiA3MAK,NL,0127Q000000upr9QAA,Status,New,Mailjourney
2026-09-07T07:45:52.000Z,00QP500000uNuEGMA0,NL,0127Q000000upr9QAA,Status,New,Appointment
2026-09-07T07:45:35.000Z,00QP500000uKa8lMAC,NL,0127Q000000upr9QAA,Status,New,Appointment
2026-09-07T07:43:37.000Z,00QP500000uRvegMAC,BE,0127Q000000eERIQA2,Status,New,Appointment
2026-09-07T07:42:41.000Z,00QP500000uTXjVMAW,BE,0127Q000000eERIQA2,Status,New,Appointment
2026-09-07T07:42:24.000Z,00QP500000uOWPtMAO,NL,0127Q000000upr9QAA,Status,New,Brochure
2026-09-07T07:41:42.000Z,00QP500000uRIbjMAG,BE,0127Q000000eERIQA2,Status,New,Not reached
2026-09-07T07:40:49.000Z,00QP500000uRHsYMAW,NL,0127Q000000upr9QAA,Status,New,Not reached
2026-09-07T07:40:30.000Z,00QP500000uQHucMAG,BE,0127Q000000eERIQA2,Status,New,Mailjourney
2026-09-07T07:39:17.000Z,00QP500000uPA2LMAW,BE,0127Q000000eERIQA2,Status,Not reached,Appointment
2026-09-07T07:39:03.000Z,00QQD00000APyhl2AD,NL,0127Q000000upr9QAA,Status,Re-entered,Mailjourney
2026-09-07T07:37:42.000Z,00QP500000uKF7YMAW,NL,0127Q000000upr9QAA,Status,New,Not reached
2026-09-07T07:37:36.000Z,00QP500000uR6HEMA0,NL,0127Q000000upr9QAA,Status,New,Mailjourney
2026-09-07T07:36:59.000Z,00QP500000uKsTpMAK,NL,0127Q000000upr9QAA,Status,New,Not reached
2026-09-07T07:36:50.000Z,00QP500000uOikQMAS,BE,0127Q000000eERIQA2,Status,New,Not reached
2026-09-07T07:35:58.000Z,00QP500000uRLPtMAO,NL,0127Q000000upr9QAA,Status,New,Appointment
2026-09-07T07:35:15.000Z,00QP500000uOQnYMAW,BE,0127Q000000eERIQA2,Status,New,Not reached
2026-09-07T07:33:31.000Z,00QP500000uOEsqMAG,BE,0127Q000000eERIQA2,Status,New,Follow-up
2026-09-07T07:33:01.000Z,00QP500000uRgvsMAC,BE,0127Q000000eERIQA2,Status,New,Follow-up
2026-09-07T07:32:58.000Z,00QP500000uQGthMAG,NL,0127Q000000upr9QAA,Status,New,Mailjourney
2026-09-07T07:29:00.000Z,00QP500000uPA2LMAW,BE,0127Q000000eERIQA2,Status,New,Not reached
2026-09-07T07:28:53.000Z,00QP500000uOM42MAG,NL,0127Q000000upr9QAA,Status,New,Not Qualified
2026-09-07T07:28:27.000Z,00QQD00000cSOG22AO,NL,0127Q000000upr9QAA,Status,Re-entered,Not reached
2026-09-07T07:27:38.000Z,00QP500000uNhs4MAC,BE,0127Q000000eERIQA2,Status,New,Not reached
2026-09-07T07:27:07.000Z,00QP500000uO3hGMAS,BE,0127Q000000eERIQA2,Status,New,Not reached
2026-09-07T07:26:41.000Z,00QP500000roOewMAE,BE,0127Q000000eERIQA2,Status,Follow-up,Appointment
2026-09-07T07:26:14.000Z,00QP500000uRLw9MAG,NL,0127Q000000upr9QAA,Status,New,Follow-up
2026-09-07T07:25:08.000Z,00QP500000uNVEBMA4,BE,0127Q000000eERIQA2,Status,New,Mailjourney
2026-09-07T07:24:41.000Z,00QP500000uN248MAC,BE,0127Q000000eERIQA2,Status,New,Follow-up
2026-09-07T07:22:42.000Z,00QP500000uMVT9MAO,BE,0127Q000000eERIQA2,Status,New,Mailjourney
2026-09-07T07:22:17.000Z,00QP500000uQQl1MAG,BE,0127Q000000eERIQA2,Status,New,Not reached
2026-09-07T07:21:06.000Z,00QP500000uTEVeMAO,BE,0127Q000000eERIQA2,Status,New,Appointment
2026-09-07T07:20:39.000Z,00QP500000uOcISMA0,BE,0127Q000000eERIQA2,Status,New,Follow-up
2026-09-07T07:20:16.000Z,00QP500000uTPdvMAG,NL,0127Q000000upr9QAA,Status,New,Appointment
2026-09-07T07:19:36.000Z,00QP500000uQPfMMAW,NL,0127Q000000upr9QAA,Status,New,Not reached
2026-09-07T07:19:21.000Z,00QP500000uPbQjMAK,BE,0127Q000000eERIQA2,Status,New,Not reached
2026-09-07T07:18:01.000Z,00QP500000uOsjlMAC,BE,0127Q000000eERIQA2,Status,New,Mailjourney
2026-09-07T07:16:11.000Z,00QP500000uKo3dMAC,BE,0127Q000000eERIQA2,Status,New,Appointment
2026-09-07T07:13:15.000Z,00QP500000uSSPKMA4,BE,0127Q000000eERIQA2,Status,New,Appointment
2026-09-07T07:12:48.000Z,00QP500000uOJm3MAG,BE,0127Q000000eERIQA2,Status,Not reached,Mailjourney
2026-09-07T07:12:36.000Z,00QP500000uOJm3MAG,BE,0127Q000000eERIQA2,Status,New,Not reached
2026-09-07T07:11:36.000Z,00QP500000uNem6MAC,BE,0127Q000000eERIQA2,Status,New,Mailjourney
2026-09-07T07:10:23.000Z,00QP500000uLImUMAW,BE,0127Q000000eERIQA2,Status,New,Not Qualified
2026-09-07T07:09:50.000Z,00QQD00000VWIT02AP,NL,0127Q000000upr9QAA,Status,Mailjourney,Re-entered
2026-09-07T07:08:03.000Z,00QP500000uKXMBMA4,NL,0127Q000000upr9QAA,Status,New,Brochure
2026-09-07T07:08:03.000Z,00QP500000tdU0BMAU,NL,0127Q000000upr9QAA,Status,Mailjourney,Not Qualified
2026-09-07T07:07:57.000Z,00QP500000uKT0nMAG,NL,0127Q000000upr9QAA,Status,Follow-up,Appointment
2026-09-07T07:07:23.000Z,00QP500000uKudrMAC,NL,0127Q000000upr9QAA,Status,New,Not Qualified
2026-09-07T07:06:03.000Z,00QP500000uTgYHMA0,NL,0127Q000000upr9QAA,Status,New,Brochure
2026-09-07T06:46:11.000Z,00QP500000uTW4HMAW,NL,0127Q000000upr9QAA,Status,New,Appointment
2026-09-07T06:45:05.000Z,00QQD00000bnfBB2AY,BE,0127Q000000eERIQA2,Status,Mailjourney,Not Qualified
2026-09-07T06:35:35.000Z,00QP500000uO9EsMAK,NL,0127Q000000upr9QAA,Status,New,Not Qualified
2026-09-07T06:30:56.000Z,00QP500000uNvzrMAC,NL,0127Q000000upr9QAA,Status,New,Not Qualified
2026-09-07T06:30:18.000Z,00QP500000uNrGNMA0,NL,0127Q000000upr9QAA,Status,New,Not Qualified
2026-09-07T06:29:50.000Z,00QP500000uKrKsMAK,NL,0127Q000000upr9QAA,Status,New,Not Qualified
2026-09-07T06:20:40.000Z,00QP500000uTLqPMAW,NL,0127Q000000upr9QAA,Status,New,Not Qualified
2026-09-07T06:20:11.000Z,00QQD00000dIOrp2AG,NL,0127Q000000upr9QAA,Status,Re-entered,Not Qualified
2026-09-07T06:19:49.000Z,00QP500000uStVxMAK,NL,0127Q000000upr9QAA,Status,New,Not Qualified
2026-09-07T06:02:02.000Z,00QP500000tmsXuMAI,FR,012QD000002ylXZYAY,Status,New,Mailjourney
2026-09-07T06:02:02.000Z,00QP500000tmsXxMAI,FR,012QD000002ylXZYAY,Status,New,Mailjourney
2026-09-07T06:02:02.000Z,00QP500000tmsXwMAI,FR,012QD000002ylXZYAY,Status,New,Follow-up
2026-09-07T06:02:02.000Z,00QP500000tmsXtMAI,FR,012QD000002ylXZYAY,Status,New,Mailjourney
2026-09-07T04:42:55.000Z,00QQD00000ZFZ5p2AH,BE,0127Q000000eERIQA2,Status,Converted Old SF,Re-entered
2026-09-06T22:50:15.000Z,00QQD00000bSx1V2AS,BE,0127Q000000eERIQA2,Status,Not Qualified,Re-entered
2026-09-06T20:42:54.000Z,00QQD00000APzNV2A1,NL,0127Q000000upr9QAA,Status,Lost,Re-entered
2026-09-06T20:12:55.000Z,00QQD00000dIOrp2AG,NL,0127Q000000upr9QAA,Status,Not Qualified,Re-entered
2026-09-06T15:18:38.000Z,00QP500000uOQnZMAW,BE,0127Q000000eERIQA2,Status,New,Not Qualified
2026-09-06T15:17:53.000Z,00QQD00000bSx1V2AS,BE,0127Q000000eERIQA2,Status,Re-entered,Not Qualified
2026-09-06T13:31:04.000Z,00QQD00000AQEkH2AX,NL,0127Q000000upr9QAA,Status,Mailjourney,Re-entered
2026-09-06T12:19:04.000Z,00QQD00000V1PIf2AN,NL,0127Q000000upr9QAA,Status,Mailjourney,Re-entered
2026-09-06T09:24:50.000Z,00QQD00000APyhl2AD,NL,0127Q000000upr9QAA,Status,Mailjourney,Re-entered
2026-09-06T09:10:56.000Z,00QQD00000ZGLCi2AP,BE,0127Q000000eERIQA2,Status,Mailjourney,Re-entered
2026-09-06T08:32:09.000Z,00QP500000qkRH3MAM,BE,0127Q000000eERIQA2,Status,Mailjourney,Re-entered
2026-09-06T08:11:03.000Z,00QQD00000ZFS792AH,BE,0127Q000000eERIQA2,Status,Mailjourney,Re-entered
2026-09-06T06:02:09.000Z,00QP500000tjbS5MAI,FR,012QD000002ylXZYAY,Status,New,Follow-up
2026-09-06T06:02:09.000Z,00QP500000tjbS0MAI,FR,012QD000002ylXZYAY,Status,New,Mailjourney
2026-09-06T06:02:09.000Z,00QQD00000ZF8YC2A1,FR,012QD000002ylXZYAY,Status,Mailjourney,Re-entered
2026-09-06T06:02:09.000Z,00QP500000tjbS2MAI,FR,012QD000002ylXZYAY,Status,New,Mailjourney
2026-09-06T04:25:57.000Z,00QQD00000AQamv2AD,NL,0127Q000000upr9QAA,Status,Lost,Re-entered
2026-09-05T16:45:13.000Z,00QQD00000cSOG22AO,NL,0127Q000000upr9QAA,Status,Not Qualified,Re-entered
2026-09-05T14:32:50.000Z,00QQD00000AQ96y2AD,NL,0127Q000000upr9QAA,Status,Lost,Re-entered
2026-09-05T12:19:07.000Z,00QQD00000dNzVm2AK,NL,0127Q000000upr9QAA,Status,Lost,Re-entered
2026-09-05T09:21:07.000Z,00QQD00000APzxv2AD,NL,0127Q000000upr9QAA,Status,Mailjourney,Re-entered
2026-09-05T07:55:05.000Z,00QQD00000AQFBR2A5,NL,0127Q000000upr9QAA,Status,Mailjourney,Re-entered
2026-09-05T07:38:10.000Z,00QQD00000bSx1V2AS,BE,0127Q000000eERIQA2,Status,Not Qualified,Re-entered
2026-09-05T06:02:03.000Z,00QP500000tgMJ7MAM,FR,012QD000002ylXZYAY,Status,New,Mailjourney
2026-09-05T06:02:03.000Z,00QQD00000ZGiY82AL,FR,012QD000002ylXZYAY,Status,Mailjourney,Re-entered
2026-09-05T06:02:03.000Z,00QP500000tgMJ6MAM,FR,012QD000002ylXZYAY,Status,New,Converted Old SF
2026-09-05T06:02:03.000Z,00QP500000tgMJ2MAM,FR,012QD000002ylXZYAY,Status,New,Mailjourney
2026-09-05T06:02:03.000Z,00QQD00000ZGwtt2AD,IT,012QD000002ylcPYAQ,Status,Mailjourney,Re-entered
2026-09-04T16:50:13.000Z,00QP500000sbmhnMAA,BE,0127Q000000eERIQA2,Status,Not Qualified,Re-entered
2026-09-04T16:41:07.000Z,00QQD00000ZGpZa2AL,BE,0127Q000000eERIQA2,Status,Mailjourney,Re-entered - Phone Number Changed
2026-09-04T15:18:57.000Z,00QP500000uJiAGMA0,BE,0127Q000000eERIQA2,Status,New,Appointment
2026-09-04T15:10:21.000Z,00QP500000uJiAEMA0,BE,0127Q000000eERIQA2,Status,New,Appointment
2026-09-04T14:59:38.000Z,00QP500000qiqg5MAA,BE,0127Q000000eERIQA2,Status,Re-entered,Appointment
2026-09-04T14:58:55.000Z,00QP500000uKdPzMAK,NL,0127Q000000upr9QAA,Status,New,Appointment
2026-09-04T14:52:28.000Z,00QP500000uFJjdMAG,NL,0127Q000000upr9QAA,Status,Not reached,Follow-up
2026-09-04T14:46:56.000Z,00QP500000uKF16MAG,NL,0127Q000000upr9QAA,Status,Not reached,Mailjourney
2026-09-04T14:46:10.000Z,00QP500000uKF16MAG,NL,0127Q000000upr9QAA,Status,New,Not reached
2026-09-04T14:40:18.000Z,00QQD00000btmwM2AQ,NL,0127Q000000upr9QAA,Status,Mailjourney,Re-entered
2026-09-04T14:33:52.000Z,00QP500000uJxc1MAC,BE,0127Q000000eERIQA2,Status,Not reached,Appointment
2026-09-04T14:28:25.000Z,00QP500000uBC0nMAG,NL,0127Q000000upr9QAA,Status,Not reached,Follow-up
2026-09-04T14:27:44.000Z,00QP500000uFGKMMA4,NL,0127Q000000upr9QAA,Status,Not reached,Mailjourney
2026-09-04T14:26:37.000Z,00QP500000uFJwXMAW,NL,0127Q000000upr9QAA,Status,Not reached,Lost
2026-09-04T14:25:50.000Z,00QP500000uJRCPMA4,NL,0127Q000000upr9QAA,Status,New,Not Qualified
2026-09-04T14:25:39.000Z,00QP500000uK31VMAS,BE,0127Q000000eERIQA2,Status,New,Not Qualified
2026-09-04T14:22:50.000Z,00QP500000qiqg5MAA,BE,0127Q000000eERIQA2,Status,Mailjourney,Re-entered
2026-09-04T14:22:30.000Z,00QP500000uIuWZMA0,NL,0127Q000000upr9QAA,Status,New,Not Qualified
2026-09-04T14:22:04.000Z,00QP500000uIFWkMAO,BE,0127Q000000eERIQA2,Status,Not reached,Lost
2026-09-04T14:22:02.000Z,00QQD00000ZGpZa2AL,BE,0127Q000000eERIQA2,Status,Re-entered,Mailjourney
2026-09-04T14:21:11.000Z,00QP500000uJxc1MAC,BE,0127Q000000eERIQA2,Status,New,Not reached
2026-09-04T14:18:00.000Z,00QP500000uIFWkMAO,BE,0127Q000000eERIQA2,Status,New,Not reached
2026-09-04T14:16:12.000Z,00QP500000sp4QgMAI,BE,0127Q000000eERIQA2,Status,Re-entered,Not reached
2026-09-04T14:12:19.000Z,00QP500000uHO7KMAW,NL,0127Q000000upr9QAA,Status,Not reached,Follow-up
2026-09-04T14:11:53.000Z,00QP500000uKT0nMAG,NL,0127Q000000upr9QAA,Status,Not reached,Follow-up
2026-09-04T14:10:56.000Z,00QP500000uKT0nMAG,NL,0127Q000000upr9QAA,Status,New,Not reached
2026-09-04T14:10:26.000Z,00QP500000uHhY9MAK,NL,0127Q000000upr9QAA,Status,Not reached,Follow-up
2026-09-04T14:10:09.000Z,00QP500000rsKjCMAU,NL,0127Q000000upr9QAA,Status,Mailjourney,Re-entered
2026-09-04T14:09:53.000Z,00QP500000uHXgsMAG,NL,0127Q000000upr9QAA,Status,Not reached,Follow-up
2026-09-04T14:08:50.000Z,00QQD00000a1FTS2A2,NL,0127Q000000upr9QAA,Status,Not reached,Follow-up
2026-09-04T14:08:09.000Z,00QQD00000a1FTS2A2,NL,0127Q000000upr9QAA,Status,Re-entered,Not reached
2026-09-04T14:05:14.000Z,00QQD00000YXneH2AT,NL,0127Q000000upr9QAA,Status,Mailjourney,Re-entered
2026-09-04T14:05:09.000Z,00QP500000uKB78MAG,NL,0127Q000000upr9QAA,Status,New,Brochure
2026-09-04T14:05:00.000Z,00QP500000uJwHnMAK,NL,0127Q000000upr9QAA,Status,New,Appointment
2026-09-04T14:00:27.000Z,00QP500000uKAcTMAW,BE,0127Q000000eERIQA2,Status,New,Not Qualified
2026-09-04T13:58:33.000Z,00QP500000uJ67xMAC,NL,0127Q000000upr9QAA,Status,New,Appointment
2026-09-04T13:57:50.000Z,00QP500000uKFM1MAO,NL,0127Q000000upr9QAA,Status,New,Appointment
2026-09-04T13:49:45.000Z,00QP500000uJxIiMAK,NL,0127Q000000upr9QAA,Status,Not reached,Follow-up
2026-09-04T13:49:18.000Z,00QP500000uJxIiMAK,NL,0127Q000000upr9QAA,Status,New,Not reached
2026-09-04T13:45:59.000Z,00QP500000sp4QgMAI,BE,0127Q000000eERIQA2,Status,Follow-up,Re-entered
2026-09-04T13:44:08.000Z,00QP500000uCsFjMAK,NL,0127Q000000upr9QAA,Status,Not reached,Follow-up
2026-09-04T13:41:10.000Z,00QP500000uKJ6IMAW,BE,0127Q000000eERIQA2,Status,New,Not reached
2026-09-04T13:35:48.000Z,00QP500000uJVXjMAO,NL,0127Q000000upr9QAA,Status,New,Appointment
2026-09-04T13:33:15.000Z,00QP500000uKKLhMAO,BE,0127Q000000eERIQA2,Status,New,Not reached
2026-09-04T13:28:54.000Z,00QP500000uHs8eMAC,NL,0127Q000000upr9QAA,Status,Mailjourney,Appointment
2026-09-04T13:25:54.000Z,00QP500000uJsPVMA0,BE,0127Q000000eERIQA2,Status,New,Appointment
2026-09-04T13:13:54.000Z,00QQD00000ZGpZa2AL,BE,0127Q000000eERIQA2,Status,Mailjourney,Re-entered
2026-09-04T13:11:16.000Z,00QP500000uDUpfMAG,NL,0127Q000000upr9QAA,Status,Not reached,Follow-up
2026-09-04T13:10:16.000Z,00QP500000uJXuVMAW,NL,0127Q000000upr9QAA,Status,New,Appointment
2026-09-04T13:09:52.000Z,00QP500000u7iwvMAA,NL,0127Q000000upr9QAA,Status,Not reached,Follow-up
2026-09-04T13:08:26.000Z,00QP500000uBV8JMAW,NL,0127Q000000upr9QAA,Status,Not reached,Follow-up
2026-09-04T13:04:29.000Z,00QP500000uJhc7MAC,BE,0127Q000000eERIQA2,Status,New,Not reached
2026-09-04T13:04:09.000Z,00QP500000uEQGyMAO,NL,0127Q000000upr9QAA,Status,Not reached,Follow-up
2026-09-04T13:01:41.000Z,00QP500000tQffmMAC,BE,0127Q000000eERIQA2,Status,Follow-up,Appointment
2026-09-04T12:57:22.000Z,00QP500000uJz5zMAC,BE,0127Q000000eERIQA2,Status,Not reached,Appointment
2026-09-04T12:54:13.000Z,00QP500000twtu7MAA,NL,0127Q000000upr9QAA,Status,Follow-up,Appointment
2026-09-04T12:50:25.000Z,00QQD00000bC4tl2AC,BE,0127Q000000eERIQA2,Status,Mailjourney,Appointment
2026-09-04T12:49:53.000Z,00QP500000uJJQ6MAO,NL,0127Q000000upr9QAA,Status,New,Appointment
2026-09-04T12:48:29.000Z,00QP500000uJz5zMAC,BE,0127Q000000eERIQA2,Status,New,Not reached
2026-09-04T12:43:10.000Z,00QP500000uIqCnMAK,BE,0127Q000000eERIQA2,Status,New,Appointment
2026-09-04T12:41:11.000Z,00QP500000uIzUdMAK,NL,0127Q000000upr9QAA,Status,New,Follow-up
2026-09-04T12:39:06.000Z,00QQD00000CFmew2AD,NL,0127Q000000upr9QAA,Status,Re-entered,Lost
2026-09-04T12:37:59.000Z,00QP500000uIVecMAG,NL,0127Q000000upr9QAA,Status,New,Appointment
2026-09-04T12:35:13.000Z,00QQD00000CFmew2AD,NL,0127Q000000upr9QAA,Status,Lost,Re-entered
2026-09-04T12:30:48.000Z,00QP500000uJ6KoMAK,NL,0127Q000000upr9QAA,Status,New,Appointment
2026-09-04T12:28:55.000Z,00QP500000uJ0TvMAK,NL,0127Q000000upr9QAA,Status,Not reached,Brochure
2026-09-04T12:28:38.000Z,00QP500000uJ0TvMAK,NL,0127Q000000upr9QAA,Status,New,Not reached
2026-09-04T12:27:32.000Z,00QP500000uJ6KpMAK,NL,0127Q000000upr9QAA,Status,Not reached,Follow-up
2026-09-04T12:26:33.000Z,00QP500000uJ6KpMAK,NL,0127Q000000upr9QAA,Status,New,Not reached
2026-09-04T12:25:20.000Z,00QP500000uJ6hOMAS,NL,0127Q000000upr9QAA,Status,New,Appointment
2026-09-04T12:18:52.000Z,00QQD00000cE1zF2AS,BE,0127Q000000eERIQA2,Status,Re-entered,Not Qualified
2026-09-04T12:17:37.000Z,00QP500000uHLawMAG,NL,0127Q000000upr9QAA,Status,Not reached,Follow-up
2026-09-04T12:17:08.000Z,00QP500000uIuY9MAK,BE,0127Q000000eERIQA2,Status,New,Follow-up
2026-09-04T12:16:51.000Z,00QP500000uHLawMAG,NL,0127Q000000upr9QAA,Status,New,Not reached
2026-09-04T12:14:20.000Z,00QP500000uIEibMAG,NL,0127Q000000upr9QAA,Status,New,Brochure
2026-09-04T12:13:40.000Z,00QP500000uJM30MAG,NL,0127Q000000upr9QAA,Status,New,Mailjourney
2026-09-04T12:11:58.000Z,00QP500000uJ6hNMAS,BE,0127Q000000eERIQA2,Status,New,Not reached
2026-09-04T12:07:24.000Z,00QP500000uHQlsMAG,NL,0127Q000000upr9QAA,Status,Not reached,Mailjourney
2026-09-04T12:07:07.000Z,00QP500000uGzbzMAC,NL,0127Q000000upr9QAA,Status,Not reached,Follow-up
2026-09-04T12:06:02.000Z,00QP500000uIWxJMAW,NL,0127Q000000upr9QAA,Status,Not reached,Follow-up
2026-09-04T12:05:52.000Z,00QP500000uFKivMAG,NL,0127Q000000upr9QAA,Status,Not reached,Follow-up
2026-09-04T12:05:05.000Z,00QP500000uIWxJMAW,NL,0127Q000000upr9QAA,Status,New,Not reached
2026-09-04T11:59:14.000Z,00QP500000uBV8NMAW,NL,0127Q000000upr9QAA,Status,Not reached,Follow-up
2026-09-04T11:52:45.000Z,00QP500000uIaKxMAK,BE,0127Q000000eERIQA2,Status,New,Appointment
2026-09-04T11:52:10.000Z,00QP500000u8KvlMAE,NL,0127Q000000upr9QAA,Status,Not reached,Follow-up
2026-09-04T11:51:39.000Z,00QP500000uIsmUMAS,BE,0127Q000000eERIQA2,Status,Not reached,Appointment
2026-09-04T11:50:08.000Z,00QP500000uEaL9MAK,NL,0127Q000000upr9QAA,Status,Lost,Not Qualified
2026-09-04T11:47:29.000Z,00QP500000u7kqgMAA,NL,0127Q000000upr9QAA,Status,Not reached,Follow-up
2026-09-04T11:44:52.000Z,00QP500000uEaL9MAK,NL,0127Q000000upr9QAA,Status,Not reached,Lost
2026-09-04T11:42:00.000Z,00QP500000uD9jZMAS,NL,0127Q000000upr9QAA,Status,Not reached,Follow-up
2026-09-04T11:40:23.000Z,00QP500000uD5zJMAS,NL,0127Q000000upr9QAA,Status,Not reached,Follow-up
2026-09-04T11:39:48.000Z,00QP500000uIezdMAC,BE,0127Q000000eERIQA2,Status,New,Not reached
2026-09-04T11:39:34.000Z,00QP500000uEPj3MAG,NL,0127Q000000upr9QAA,Status,Not reached,Brochure
2026-09-04T11:39:10.000Z,00QP500000uJDSnMAO,BE,0127Q000000eERIQA2,Status,New,Appointment
2026-09-04T11:33:14.000Z,00QP500000uAS7fMAG,NL,0127Q000000upr9QAA,Status,Not reached,Follow-up
2026-09-04T11:31:51.000Z,00QP500000uAXfCMAW,NL,0127Q000000upr9QAA,Status,Not reached,Follow-up
2026-09-04T11:31:07.000Z,00QP500000u7VDKMA2,NL,0127Q000000upr9QAA,Status,Not reached,Follow-up
2026-09-04T11:28:35.000Z,00QP500000uHVQZMA4,NL,0127Q000000upr9QAA,Status,New,Not Qualified
2026-09-04T10:57:17.000Z,00QQD00000a1FTS2A2,NL,0127Q000000upr9QAA,Status,Mailjourney,Re-entered
2026-09-04T10:55:06.000Z,00QP500000uIVtCMAW,BE,0127Q000000eERIQA2,Status,New,Appointment
2026-09-04T10:43:17.000Z,00QP500000uITXyMAO,BE,0127Q000000eERIQA2,Status,New,Follow-up
2026-09-04T10:38:33.000Z,00QP500000uFBPYMA4,BE,0127Q000000eERIQA2,Status,New,Not reached
2026-09-04T10:36:49.000Z,00QP500000uIsmUMAS,BE,0127Q000000eERIQA2,Status,New,Not reached
2026-09-04T10:34:15.000Z,00QP500000uHs8eMAC,NL,0127Q000000upr9QAA,Status,New,Mailjourney
2026-09-04T10:29:48.000Z,00QP500000uIBsoMAG,BE,0127Q000000eERIQA2,Status,New,Appointment
2026-09-04T10:27:02.000Z,00QQD00000cE1zF2AS,BE,0127Q000000eERIQA2,Status,Mailjourney,Re-entered
2026-09-04T10:20:11.000Z,00QP500000uHQlsMAG,NL,0127Q000000upr9QAA,Status,New,Not reached
2026-09-04T10:17:58.000Z,00QQD00000AQeti2AD,NL,0127Q000000upr9QAA,Status,Re-entered,Appointment
2026-09-04T10:06:02.000Z,00QP500000tiIBHMA2,BE,0127Q000000eERIQA2,Status,Follow-up,Appointment
2026-09-04T10:05:31.000Z,00QP500000uHdMTMA0,NL,0127Q000000upr9QAA,Status,New,Appointment
2026-09-04T10:03:35.000Z,00QQD00000e3GM92AM,NL,0127Q000000upr9QAA,Status,Follow-up,Mailjourney
2026-09-04T10:02:46.000Z,00QP500000uCSwOMAW,NL,0127Q000000upr9QAA,Status,Not reached,Follow-up
2026-09-04T09:58:28.000Z,00QQD00000XTMWt2AP,NL,0127Q000000upr9QAA,Status,Not reached,Follow-up
2026-09-04T09:58:08.000Z,00QP500000uICQhMAO,BE,0127Q000000eERIQA2,Status,New,Appointment
2026-09-04T09:58:00.000Z,00QP500000tXzjQMAS,NL,0127Q000000upr9QAA,Status,Follow-up,Mailjourney
2026-09-04T09:57:50.000Z,00QP500000uIYUQMA4,NL,0127Q000000upr9QAA,Status,New,Appointment
2026-09-04T09:57:02.000Z,00QP500000uHO7KMAW,NL,0127Q000000upr9QAA,Status,New,Not reached
2026-09-04T09:56:52.000Z,00QP500000u6PEoMAM,BE,0127Q000000eERIQA2,Status,Follow-up,Appointment
2026-09-04T09:56:47.000Z,00QQD00000ZadRh2AJ,NL,0127Q000000upr9QAA,Status,Not reached,Follow-up
2026-09-04T09:54:46.000Z,00QP500000uAlYXMA0,NL,0127Q000000upr9QAA,Status,Not reached,Follow-up
2026-09-04T09:49:56.000Z,00QP500000uDmoCMAS,NL,0127Q000000upr9QAA,Status,Brochure,Follow-up
2026-09-04T09:49:56.000Z,00QQD00000AQe862AD,NL,0127Q000000upr9QAA,Status,Brochure,Follow-up
2026-09-04T09:49:56.000Z,00QP500000uBs6UMAS,NL,0127Q000000upr9QAA,Status,Brochure,Follow-up
2026-09-04T09:46:53.000Z,00QP500000uI7ijMAC,BE,0127Q000000eERIQA2,Status,Not reached,Appointment
2026-09-04T09:46:39.000Z,00QP500000uIX0VMAW,BE,0127Q000000eERIQA2,Status,New,Follow-up
2026-09-04T09:46:33.000Z,00QP500000tLxv3MAC,BE,0127Q000000eERIQA2,Status,Follow-up,Mailjourney
2026-09-04T09:46:00.000Z,00QP500000t31CnMAI,BE,0127Q000000eERIQA2,Status,Follow-up,Lost
2026-09-04T09:39:48.000Z,00QP500000shcxNMAQ,BE,0127Q000000eERIQA2,Status,Follow-up,Mailjourney
2026-09-04T09:36:31.000Z,00QP500000uIFtBMAW,NL,0127Q000000upr9QAA,Status,New,Mailjourney
2026-09-04T09:35:35.000Z,00QQD00000bSx1V2AS,BE,0127Q000000eERIQA2,Status,Re-entered,Not Qualified
2026-09-04T09:35:07.000Z,00QP500000uIJWzMAO,BE,0127Q000000eERIQA2,Status,New,Follow-up
2026-09-04T09:33:59.000Z,00QQD00000bSx1V2AS,BE,0127Q000000eERIQA2,Status,Lost,Re-entered
2026-09-04T09:33:20.000Z,00QP500000uIRazMAG,BE,0127Q000000eERIQA2,Status,New,Appointment
2026-09-04T09:19:36.000Z,00QP500000tsEj6MAE,NL,0127Q000000upr9QAA,Status,Follow-up,Mailjourney
2026-09-04T09:18:42.000Z,00QP500000uHhY9MAK,NL,0127Q000000upr9QAA,Status,New,Not reached
2026-09-04T09:17:32.000Z,00QP500000uHbPYMA0,NL,0127Q000000upr9QAA,Status,New,Mailjourney
2026-09-04T09:16:56.000Z,00QQD00000dqfzt2AA,NL,0127Q000000upr9QAA,Status,Follow-up,Lost
2026-09-04T09:15:54.000Z,00QP500000uHXgsMAG,NL,0127Q000000upr9QAA,Status,New,Not reached
2026-09-04T09:14:18.000Z,00QP500000u9u4NMAQ,NL,0127Q000000upr9QAA,Status,Not reached,Mailjourney
2026-09-04T09:13:26.000Z,00QP500000u7g3vMAA,BE,0127Q000000eERIQA2,Status,Not reached,Mailjourney
2026-09-04T09:13:01.000Z,00QQD00000AQeti2AD,NL,0127Q000000upr9QAA,Status,Converted Old SF,Re-entered
2026-09-04T09:10:47.000Z,00QP500000uGzbzMAC,NL,0127Q000000upr9QAA,Status,New,Not reached
2026-09-04T09:10:44.000Z,00QP500000uI7ijMAC,BE,0127Q000000eERIQA2,Status,New,Not reached
2026-09-04T09:10:15.000Z,00QP500000u9xTfMAI,BE,0127Q000000eERIQA2,Status,Not reached,Mailjourney
2026-09-04T09:05:13.000Z,00QQD00000YXneH2AT,NL,0127Q000000upr9QAA,Status,Re-entered - Phone Number Changed,Mailjourney
2026-09-04T09:01:43.000Z,00QP500000uI54DMAS,NL,0127Q000000upr9QAA,Status,New,Appointment
2026-09-04T08:57:42.000Z,00QP500000t2O6hMAE,BE,0127Q000000eERIQA2,Status,Follow-up,Mailjourney
2026-09-04T08:54:54.000Z,00QQD00000bSx1V2AS,BE,0127Q000000eERIQA2,Status,Re-entered,Lost
2026-09-04T08:53:04.000Z,00QP500000uGi6VMAS,BE,0127Q000000eERIQA2,Status,New,Not reached
2026-09-04T08:51:06.000Z,00QP500000uHGWSMA4,NL,0127Q000000upr9QAA,Status,Not reached,Not Qualified
2026-09-04T08:50:54.000Z,00QP500000uHGWSMA4,NL,0127Q000000upr9QAA,Status,New,Not reached
2026-09-04T08:48:28.000Z,00QP500000uEnVFMA0,BE,0127Q000000eERIQA2,Status,New,Appointment
2026-09-04T08:46:21.000Z,00QQD00000ZGaVx2AL,BE,0127Q000000eERIQA2,Status,Follow-up,Mailjourney
2026-09-04T08:45:19.000Z,00QP500000twFocMAE,BE,0127Q000000eERIQA2,Status,Follow-up,Mailjourney
2026-09-04T08:44:17.000Z,00QQD00000XaRRl2AN,NL,0127Q000000upr9QAA,Status,Follow-up,Mailjourney
2026-09-04T08:43:32.000Z,00QP500000uF5olMAC,NL,0127Q000000upr9QAA,Status,New,Not Qualified
2026-09-04T08:42:22.000Z,00QP500000tSX7pMAG,BE,0127Q000000eERIQA2,Status,Follow-up,Mailjourney
2026-09-04T08:40:53.000Z,00QP500000uFKivMAG,NL,0127Q000000upr9QAA,Status,New,Not reached
2026-09-04T08:40:48.000Z,00QP500000sGUOtMAO,NL,0127Q000000upr9QAA,Status,Follow-up,Mailjourney
2026-09-04T08:39:45.000Z,00QP500000uHzbVMAS,BE,0127Q000000eERIQA2,Status,New,Appointment
2026-09-04T08:38:54.000Z,00QP500000rqyXrMAI,NL,0127Q000000upr9QAA,Status,Brochure,Follow-up
2026-09-04T08:38:28.000Z,00QP500000rqyXrMAI,NL,0127Q000000upr9QAA,Status,Follow-up,Brochure
2026-09-04T08:38:04.000Z,00QP500000uEUJ1MAO,NL,0127Q000000upr9QAA,Status,New,Appointment
2026-09-04T08:35:42.000Z,00QP500000pfSnvMAE,NL,0127Q000000upr9QAA,Status,Follow-up,Mailjourney
2026-09-04T08:34:15.000Z,00QQD00000ceteD2AQ,NL,0127Q000000upr9QAA,Status,Re-entered,Lost
2026-09-04T08:31:23.000Z,00QP500000siq3pMAA,BE,0127Q000000eERIQA2,Status,Follow-up,Mailjourney
2026-09-04T08:30:31.000Z,00QP500000uGWgPMAW,NL,0127Q000000upr9QAA,Status,New,Not Qualified
2026-09-04T08:28:13.000Z,00QP500000uExuPMAS,NL,0127Q000000upr9QAA,Status,New,Appointment
2026-09-04T08:26:51.000Z,00QP500000uHiSbMAK,BE,0127Q000000eERIQA2,Status,Not reached,Follow-up
2026-09-04T08:26:14.000Z,00QP500000uEfW5MAK,NL,0127Q000000upr9QAA,Status,New,Not Qualified
2026-09-04T08:26:00.000Z,00QP500000rqbPxMAI,BE,0127Q000000eERIQA2,Status,Follow-up,Mailjourney
2026-09-04T08:23:41.000Z,00QP500000roq3JMAQ,BE,0127Q000000eERIQA2,Status,Follow-up,Mailjourney
2026-09-04T08:22:28.000Z,00QP500000rDDepMAG,BE,0127Q000000eERIQA2,Status,Follow-up,Mailjourney
2026-09-04T08:21:36.000Z,00QP500000uCsFjMAK,NL,0127Q000000upr9QAA,Status,New,Not reached
2026-09-04T08:20:54.000Z,00QP500000uHGmVMAW,NL,0127Q000000upr9QAA,Status,New,Appointment
2026-09-04T08:20:19.000Z,00QP500000u6rPaMAI,NL,0127Q000000upr9QAA,Status,Not reached,Lost
2026-09-04T08:19:02.000Z,00QP500000uHpVhMAK,NL,0127Q000000upr9QAA,Status,New,Appointment
2026-09-04T08:18:15.000Z,00QP500000uHiSbMAK,BE,0127Q000000eERIQA2,Status,New,Not reached
2026-09-04T08:16:22.000Z,00QQD00000AQWVy2AP,NL,0127Q000000upr9QAA,Status,Not reached,Follow-up
2026-09-04T08:14:11.000Z,00QQD00000ZBqaH2AT,NL,0127Q000000upr9QAA,Status,Re-entered,Mailjourney
2026-09-04T08:12:57.000Z,00QQD00000ceteD2AQ,NL,0127Q000000upr9QAA,Status,Lost,Re-entered
2026-09-04T08:12:34.000Z,00QP500000u73IiMAI,BE,0127Q000000eERIQA2,Status,Follow-up,Appointment
2026-09-04T08:12:31.000Z,00QP500000uDmoCMAS,NL,0127Q000000upr9QAA,Status,Not reached,Brochure
2026-09-04T08:10:19.000Z,00QP500000uEaL9MAK,NL,0127Q000000upr9QAA,Status,New,Not reached
2026-09-04T08:08:05.000Z,00QP500000uEPj3MAG,NL,0127Q000000upr9QAA,Status,New,Not reached
2026-09-04T08:05:08.000Z,00QP500000uEv4bMAC,NL,0127Q000000upr9QAA,Status,New,Mailjourney
2026-09-04T08:02:49.000Z,00QP500000uFGKMMA4,NL,0127Q000000upr9QAA,Status,New,Not reached
2026-09-04T08:02:12.000Z,00QP500000uDmoCMAS,NL,0127Q000000upr9QAA,Status,New,Not reached
2026-09-04T08:01:26.000Z,00QP500000uAKq2MAG,BE,0127Q000000eERIQA2,Status,Not reached,Appointment
2026-09-04T08:01:09.000Z,00QP500000uFJwXMAW,NL,0127Q000000upr9QAA,Status,New,Not reached
2026-09-04T07:59:19.000Z,00QQD00000ZGejn2AD,BE,0127Q000000eERIQA2,Status,Not reached,Appointment
2026-09-04T07:58:34.000Z,00QP500000uEOTeMAO,NL,0127Q000000upr9QAA,Status,New,Mailjourney
2026-09-04T07:57:07.000Z,00QQD00000XkvBZ2AZ,NL,0127Q000000upr9QAA,Status,Re-entered,Mailjourney
2026-09-04T07:56:57.000Z,00QQD00000bSx1V2AS,BE,0127Q000000eERIQA2,Status,Not Qualified,Re-entered
2026-09-04T07:55:49.000Z,00QP500000uFUyPMAW,BE,0127Q000000eERIQA2,Status,New,Not reached
2026-09-04T07:54:17.000Z,00QP500000uFJA9MAO,BE,0127Q000000eERIQA2,Status,New,Follow-up
2026-09-04T07:50:06.000Z,00QP500000uFJjdMAG,NL,0127Q000000upr9QAA,Status,New,Not reached
2026-09-04T07:48:37.000Z,00QP500000uFK7pMAG,BE,0127Q000000eERIQA2,Status,New,Not Qualified
2026-09-04T07:47:13.000Z,00QP500000uE9UdMAK,BE,0127Q000000eERIQA2,Status,New,Appointment
2026-09-04T07:46:21.000Z,00QP500000uFE42MAG,NL,0127Q000000upr9QAA,Status,New,Not Qualified
2026-09-04T07:46:18.000Z,00QP500000u8gg9MAA,BE,0127Q000000eERIQA2,Status,Not reached,Not Qualified
2026-09-04T07:44:37.000Z,00QP500000uFD4jMAG,BE,0127Q000000eERIQA2,Status,New,Not reached
2026-09-04T07:43:45.000Z,00QP500000uEaeVMAS,BE,0127Q000000eERIQA2,Status,New,Not reached
2026-09-04T07:43:20.000Z,00QP500000u6PEoMAM,BE,0127Q000000eERIQA2,Status,Not reached,Follow-up
2026-09-04T07:42:32.000Z,00QP500000u4UKKMA2,BE,0127Q000000eERIQA2,Status,Not reached,Mailjourney
2026-09-04T07:41:11.000Z,00QP500000u33aeMAA,BE,0127Q000000eERIQA2,Status,Not reached,Mailjourney
2026-09-04T07:40:56.000Z,00QP500000uE0UaMAK,BE,0127Q000000eERIQA2,Status,New,Not reached
2026-09-04T07:39:53.000Z,00QP500000uEubZMAS,NL,0127Q000000upr9QAA,Status,Not reached,Mailjourney
2026-09-04T07:39:40.000Z,00QP500000uH2efMAC,BE,0127Q000000eERIQA2,Status,New,Not reached
2026-09-04T07:39:22.000Z,00QP500000uEubZMAS,NL,0127Q000000upr9QAA,Status,New,Not reached
2026-09-04T07:38:41.000Z,00QP500000uEQGyMAO,NL,0127Q000000upr9QAA,Status,New,Not reached
2026-09-04T07:38:08.000Z,00QP500000uGMZ0MAO,BE,0127Q000000eERIQA2,Status,New,Not Qualified
2026-09-04T07:35:41.000Z,00QP500000uFsslMAC,BE,0127Q000000eERIQA2,Status,New,Appointment
2026-09-04T07:29:15.000Z,00QP500000uHQAjMAO,BE,0127Q000000eERIQA2,Status,New,Follow-up
2026-09-04T07:27:37.000Z,00QP500000uDefMMAS,BE,0127Q000000eERIQA2,Status,New,Appointment
2026-09-04T07:17:02.000Z,00QQD00000ZFUsA2AX,BE,0127Q000000eERIQA2,Status,Re-entered,Appointment
2026-09-04T07:14:23.000Z,00QP500000uFcRKMA0,BE,0127Q000000eERIQA2,Status,New,Lost
2026-09-04T07:14:07.000Z,00QP500000uGycgMAC,NL,0127Q000000upr9QAA,Status,New,Mailjourney
2026-09-04T07:11:54.000Z,00QP500000uF0lpMAC,BE,0127Q000000eERIQA2,Status,New,Mailjourney
2026-09-04T06:56:55.000Z,00QQD00000bSx1V2AS,BE,0127Q000000eERIQA2,Status,Re-entered,Not Qualified
2026-09-04T06:01:48.000Z,00QP500000taQqlMAE,FR,012QD000002ylXZYAY,Status,New,Mailjourney
2026-09-04T06:01:48.000Z,00QQD00000ZGgxY2AT,IT,012QD000002ylcPYAQ,Status,Mailjourney,Re-entered
2026-09-04T06:01:48.000Z,00QP500000taQqqMAE,FR,012QD000002ylXZYAY,Status,New,Mailjourney
2026-09-04T06:01:48.000Z,00QP500000taQqmMAE,IT,012QD000002ylcPYAQ,Status,New,Not Qualified
2026-09-04T06:01:48.000Z,00QP500000taQqkMAE,IT,012QD000002ylcPYAQ,Status,New,Mailjourney
2026-09-04T05:43:58.000Z,00QQD00000XkvBZ2AZ,NL,0127Q000000upr9QAA,Status,Mailjourney,Re-entered
2026-09-03T19:13:03.000Z,00QQD00000YXneH2AT,NL,0127Q000000upr9QAA,Status,Not reached,Re-entered - Phone Number Changed
2026-09-03T17:45:59.000Z,00QQD00000bSx1V2AS,BE,0127Q000000eERIQA2,Status,Not Qualified,Re-entered
2026-09-03T17:33:26.000Z,00QQD00000ZBqaH2AT,NL,0127Q000000upr9QAA,Status,Mailjourney,Re-entered
2026-09-03T15:04:51.000Z,00QQD00000ZFMC12AP,BE,0127Q000000eERIQA2,Status,Re-entered,Not Qualified
2026-09-03T14:48:12.000Z,00QQD00000ZFUsA2AX,BE,0127Q000000eERIQA2,Status,Converted Old SF,Re-entered
2026-09-03T14:45:38.000Z,00QP500000uE2jGMAS,NL,0127Q000000upr9QAA,Status,New,Follow-up
2026-09-03T14:42:11.000Z,00QP500000uDUpfMAG,NL,0127Q000000upr9QAA,Status,New,Not reached
2026-09-03T14:41:43.000Z,00QQD00000APypi2AD,NL,0127Q000000upr9QAA,Status,Mailjourney,Appointment
2026-09-03T14:41:09.000Z,00QQD00000YXneH2AT,NL,0127Q000000upr9QAA,Status,Re-entered,Not reached
2026-09-03T14:40:12.000Z,00QQD00000ZFMC12AP,BE,0127Q000000eERIQA2,Status,Not Qualified,Re-entered
2026-09-03T14:38:40.000Z,00QQD00000AQe862AD,NL,0127Q000000upr9QAA,Status,Re-entered - Phone Number Changed,Brochure
2026-09-03T14:35:44.000Z,00QP500000uE3x3MAC,BE,0127Q000000eERIQA2,Status,New,Appointment
2026-09-03T14:17:09.000Z,00QQD00000AQe862AD,NL,0127Q000000upr9QAA,Status,Mailjourney,Re-entered - Phone Number Changed
2026-09-03T14:17:06.000Z,00QP500000uDc41MAC,NL,0127Q000000upr9QAA,Status,New,Not Qualified
2026-09-03T14:16:19.000Z,00QP500000uDF97MAG,BE,0127Q000000eERIQA2,Status,New,Not Qualified
2026-09-03T14:15:36.000Z,00QP500000uBV8KMAW,NL,0127Q000000upr9QAA,Status,Not reached,Appointment
2026-09-03T14:10:25.000Z,00QP500000uDPzdMAG,NL,0127Q000000upr9QAA,Status,New,Lost
2026-09-03T14:05:26.000Z,00QP500000sv6zKMAQ,NL,0127Q000000upr9QAA,Status,Mailjourney,Appointment
2026-09-03T14:05:13.000Z,00QP500000uBs6UMAS,NL,0127Q000000upr9QAA,Status,Not reached,Brochure
2026-09-03T13:58:49.000Z,00QQD00000YXneH2AT,NL,0127Q000000upr9QAA,Status,Mailjourney,Re-entered
2026-09-03T13:58:36.000Z,00QP500000uD1fdMAC,BE,0127Q000000eERIQA2,Status,New,Not Qualified
2026-09-03T13:54:39.000Z,00QP500000u8QhpMAE,BE,0127Q000000eERIQA2,Status,Not reached,Appointment
2026-09-03T13:42:43.000Z,00QQD00000d9omZ2AQ,NL,0127Q000000upr9QAA,Status,Follow-up,Appointment
2026-09-03T13:41:41.000Z,00QP500000uAOyTMAW,NL,0127Q000000upr9QAA,Status,Brochure,Follow-up
2026-09-03T13:40:18.000Z,00QP500000uD7EjMAK,NL,0127Q000000upr9QAA,Status,New,Appointment
2026-09-03T13:30:17.000Z,00QP500000uD0BeMAK,NL,0127Q000000upr9QAA,Status,New,Follow-up
2026-09-03T13:29:43.000Z,00QP500000uDFozMAG,NL,0127Q000000upr9QAA,Status,New,Lost
2026-09-03T13:28:47.000Z,00QP500000sq4y8MAA,BE,0127Q000000eERIQA2,Status,Mailjourney,Appointment
2026-09-03T13:19:11.000Z,00QP500000uD9jZMAS,NL,0127Q000000upr9QAA,Status,New,Not reached
2026-09-03T13:17:26.000Z,00QP500000uDN0AMAW,NL,0127Q000000upr9QAA,Status,New,Appointment
2026-09-03T13:14:25.000Z,00QP500000uCykxMAC,NL,0127Q000000upr9QAA,Status,New,Appointment
2026-09-03T13:09:44.000Z,00QP500000uBkKLMA0,NL,0127Q000000upr9QAA,Status,New,Appointment
2026-09-03T13:06:10.000Z,00QP500000uD5zJMAS,NL,0127Q000000upr9QAA,Status,New,Not reached
2026-09-03T13:05:13.000Z,00QP500000qPFkRMAW,NL,0127Q000000upr9QAA,Status,Not reached,Mailjourney
2026-09-03T13:04:11.000Z,00QP500000uAatCMAS,NL,0127Q000000upr9QAA,Status,Not reached,Follow-up
2026-09-03T13:02:51.000Z,00QP500000u0y5dMAA,NL,0127Q000000upr9QAA,Status,Not reached,Lost
2026-09-03T12:59:28.000Z,00QQD00000d7c5J2AQ,NL,0127Q000000upr9QAA,Status,Not reached,Follow-up
2026-09-03T12:56:05.000Z,00QQD00000dOL6T2AW,NL,0127Q000000upr9QAA,Status,Re-entered - Phone Number Changed,Appointment
2026-09-03T12:54:31.000Z,00QP500000u5CmgMAE,NL,0127Q000000upr9QAA,Status,Not reached,Not Qualified
2026-09-03T12:54:17.000Z,00QP500000uBcEnMAK,BE,0127Q000000eERIQA2,Status,Not reached,Follow-up
2026-09-03T12:50:09.000Z,00QP500000uCBltMAG,NL,0127Q000000upr9QAA,Status,New,Follow-up
2026-09-03T12:45:46.000Z,00QP500000uBJ2NMAW,NL,0127Q000000upr9QAA,Status,New,Appointment
2026-09-03T12:45:12.000Z,00QP500000uAXfDMAW,NL,0127Q000000upr9QAA,Status,Not reached,Follow-up
2026-09-03T12:41:27.000Z,00QP500000u7SPBMA2,NL,0127Q000000upr9QAA,Status,Not reached,Appointment
2026-09-03T12:39:10.000Z,00QP500000uCElLMAW,BE,0127Q000000eERIQA2,Status,New,Follow-up
2026-09-03T12:36:22.000Z,00QQD00000APzYh2AL,NL,0127Q000000upr9QAA,Status,Re-entered,Lost
2026-09-03T12:33:53.000Z,00QP500000uCrRhMAK,BE,0127Q000000eERIQA2,Status,New,Not Qualified
2026-09-03T12:32:08.000Z,00QP500000uBcEnMAK,BE,0127Q000000eERIQA2,Status,New,Not reached
2026-09-03T12:31:52.000Z,00QP500000uCSwOMAW,NL,0127Q000000upr9QAA,Status,New,Not reached
2026-09-03T12:31:28.000Z,00QP500000uBXLPMA4,NL,0127Q000000upr9QAA,Status,New,Mailjourney
2026-09-03T12:29:36.000Z,00QP500000txSeyMAE,NL,0127Q000000upr9QAA,Status,Not reached,Appointment
2026-09-03T12:29:18.000Z,00QP500000tXXyRMAW,NL,0127Q000000upr9QAA,Status,Follow-up,Not Qualified
2026-09-03T12:28:03.000Z,00QP500000uALm6MAG,NL,0127Q000000upr9QAA,Status,Not reached,Lost
2026-09-03T12:26:54.000Z,00QP500000uBcEmMAK,BE,0127Q000000eERIQA2,Status,New,Appointment
2026-09-03T12:24:21.000Z,00QP500000tVxP7MAK,NL,0127Q000000upr9QAA,Status,Follow-up,Mailjourney
2026-09-03T12:23:54.000Z,00QP500000u6lf7MAA,BE,0127Q000000eERIQA2,Status,Not reached,Appointment
2026-09-03T12:22:13.000Z,00QQD00000XTMWt2AP,NL,0127Q000000upr9QAA,Status,Re-entered,Not reached
2026-09-03T12:20:55.000Z,00QQD00000APzYh2AL,NL,0127Q000000upr9QAA,Status,Mailjourney,Re-entered
2026-09-03T12:19:59.000Z,00QP500000tNydNMAS,NL,0127Q000000upr9QAA,Status,Follow-up,Lost
2026-09-03T12:19:14.000Z,00QP500000tzuvHMAQ,NL,0127Q000000upr9QAA,Status,Not reached,Appointment
2026-09-03T12:10:49.000Z,00QP500000tzwkAMAQ,NL,0127Q000000upr9QAA,Status,Not reached,Follow-up
2026-09-03T12:10:36.000Z,00QP500000tNXN0MAO,NL,0127Q000000upr9QAA,Status,Follow-up,Mailjourney
2026-09-03T12:09:21.000Z,00QP500000tMADxMAO,NL,0127Q000000upr9QAA,Status,Follow-up,Mailjourney
2026-09-03T12:07:22.000Z,00QP500000tJvG0MAK,NL,0127Q000000upr9QAA,Status,Follow-up,Mailjourney
2026-09-03T12:06:50.000Z,00QP500000tI3EJMA0,NL,0127Q000000upr9QAA,Status,Follow-up,Mailjourney
2026-09-03T12:06:23.000Z,00QP500000pxvHxMAI,NL,0127Q000000upr9QAA,Status,Follow-up,Mailjourney
2026-09-03T12:02:09.000Z,00QP500000uBwtGMAS,NL,0127Q000000upr9QAA,Status,New,Follow-up
2026-09-03T11:58:27.000Z,00QP500000tz537MAA,NL,0127Q000000upr9QAA,Status,Not reached,Follow-up
2026-09-03T11:57:21.000Z,00QP500000uCBSWMA4,NL,0127Q000000upr9QAA,Status,New,Appointment
2026-09-03T11:56:44.000Z,00QP500000uCfLhMAK,BE,0127Q000000eERIQA2,Status,New,Not reached
2026-09-03T11:55:58.000Z,00QP500000uCTQzMAO,BE,0127Q000000eERIQA2,Status,New,Mailjourney
2026-09-03T11:54:09.000Z,00QP500000u4UKJMA2,NL,0127Q000000upr9QAA,Status,Not reached,Mailjourney
2026-09-03T11:50:45.000Z,00QP500000tuV34MAE,NL,0127Q000000upr9QAA,Status,Follow-up,Appointment
2026-09-03T11:50:37.000Z,00QP500000uBV8KMAW,NL,0127Q000000upr9QAA,Status,New,Not reached
2026-09-03T11:49:11.000Z,00QP500000tANGbMAO,BE,0127Q000000eERIQA2,Status,Follow-up,Mailjourney
2026-09-03T11:45:40.000Z,00QP500000uBCCBMA4,NL,0127Q000000upr9QAA,Status,New,Appointment
2026-09-03T11:42:26.000Z,00QP500000uB7ScMAK,NL,0127Q000000upr9QAA,Status,New,Appointment
2026-09-03T11:41:33.000Z,00QP500000uCagzMAC,BE,0127Q000000eERIQA2,Status,New,Appointment
2026-09-03T11:37:52.000Z,00QP500000qIExqMAG,BE,0127Q000000eERIQA2,Status,Mailjourney,Appointment
2026-09-03T11:37:38.000Z,00QP500000uBHtVMAW,NL,0127Q000000upr9QAA,Status,New,Mailjourney
2026-09-03T11:27:09.000Z,00QP500000uCRx3MAG,NL,0127Q000000upr9QAA,Status,New,Appointment
2026-09-03T11:22:03.000Z,00QP500000u8YInMAM,NL,0127Q000000upr9QAA,Status,Not reached,Appointment
2026-09-03T11:11:13.000Z,00QQD00000ZadRh2AJ,NL,0127Q000000upr9QAA,Status,Re-entered,Not reached
2026-09-03T11:03:45.000Z,00QQD00000dOL6T2AW,NL,0127Q000000upr9QAA,Status,Not reached,Re-entered - Phone Number Changed
2026-09-03T10:55:29.000Z,00QP500000uBV8NMAW,NL,0127Q000000upr9QAA,Status,New,Not reached
2026-09-03T10:48:35.000Z,00QP500000uBPcPMAW,BE,0127Q000000eERIQA2,Status,New,Not reached
2026-09-03T10:44:13.000Z,00QP500000uBNPGMA4,BE,0127Q000000eERIQA2,Status,New,Not reached
2026-09-03T10:41:23.000Z,00QP500000tyfF8MAI,BE,0127Q000000eERIQA2,Status,Not reached,Mailjourney
2026-09-03T10:40:24.000Z,00QP500000tqhnaMAA,BE,0127Q000000eERIQA2,Status,Not reached,Mailjourney
2026-09-03T10:39:31.000Z,00QP500000tYX3WMAW,BE,0127Q000000eERIQA2,Status,Not reached,Lost
2026-09-03T10:37:01.000Z,00QP500000uBs6UMAS,NL,0127Q000000upr9QAA,Status,New,Not reached
2026-09-03T10:35:12.000Z,00QQD00000YWzEV2A1,NL,0127Q000000upr9QAA,Status,Re-entered,Lost
2026-09-03T10:31:01.000Z,00QP500000t2MZWMA2,BE,0127Q000000eERIQA2,Status,Follow-up,Appointment
2026-09-03T10:21:36.000Z,00QP500000tzpxBMAQ,NL,0127Q000000upr9QAA,Status,Not reached,Follow-up
2026-09-03T10:18:05.000Z,00QP500000uBt0vMAC,BE,0127Q000000eERIQA2,Status,New,Appointment
2026-09-03T10:17:15.000Z,00QP500000sz2LxMAI,BE,0127Q000000eERIQA2,Status,Follow-up,Brochure
2026-09-03T10:14:11.000Z,00QP500000uBV8JMAW,NL,0127Q000000upr9QAA,Status,New,Not reached
2026-09-03T10:12:21.000Z,00QP500000uB8V3MAK,NL,0127Q000000upr9QAA,Status,New,Follow-up
2026-09-03T10:10:11.000Z,00QQD00000YWzEV2A1,NL,0127Q000000upr9QAA,Status,Lost,Re-entered
2026-09-03T10:07:07.000Z,00QP500000uAatCMAS,NL,0127Q000000upr9QAA,Status,New,Not reached
2026-09-03T10:05:58.000Z,00QQD00000ZadRh2AJ,NL,0127Q000000upr9QAA,Status,Mailjourney,Re-entered
2026-09-03T10:05:44.000Z,00QP500000uAOyTMAW,NL,0127Q000000upr9QAA,Status,New,Brochure
2026-09-03T10:05:12.000Z,00QQD00000Us2Mv2AJ,NL,0127Q000000upr9QAA,Status,Follow-up,Not Qualified
2026-09-03T10:03:02.000Z,00QQD00000bVMqB2AW,BE,0127Q000000eERIQA2,Status,Mailjourney,Follow-up
2026-09-03T09:57:28.000Z,00QP500000u59iNMAQ,NL,0127Q000000upr9QAA,Status,Brochure,Lost
2026-09-03T09:56:54.000Z,00QP500000twCvlMAE,NL,0127Q000000upr9QAA,Status,Brochure,Lost
2026-09-03T09:56:27.000Z,00QP500000u3nNKMAY,NL,0127Q000000upr9QAA,Status,Brochure,Follow-up
2026-09-03T09:56:27.000Z,00QP500000u4z1YMAQ,NL,0127Q000000upr9QAA,Status,Brochure,Follow-up
2026-09-03T09:56:25.000Z,00QP500000uBUH3MAO,BE,0127Q000000eERIQA2,Status,New,Not Qualified
2026-09-03T09:55:59.000Z,00QP500000th8sNMAQ,NL,0127Q000000upr9QAA,Status,Mailjourney,Not Qualified
2026-09-03T09:55:58.000Z,00QQD00000XTMWt2AP,NL,0127Q000000upr9QAA,Status,Not Qualified,Re-entered
2026-09-03T09:53:55.000Z,00QP500000uAS7fMAG,NL,0127Q000000upr9QAA,Status,New,Not reached
2026-09-03T09:53:39.000Z,00QP500000tqP14MAE,NL,0127Q000000upr9QAA,Status,Follow-up,Mailjourney
2026-09-03T09:52:31.000Z,00QP500000tpX2IMAU,NL,0127Q000000upr9QAA,Status,Follow-up,Mailjourney
2026-09-03T09:52:05.000Z,00QP500000qPFkRMAW,NL,0127Q000000upr9QAA,Status,Re-entered,Not reached
2026-09-03T09:51:35.000Z,00QP500000th8sNMAQ,NL,0127Q000000upr9QAA,Status,Follow-up,Mailjourney
2026-09-03T09:50:51.000Z,00QP500000soqadMAA,NL,0127Q000000upr9QAA,Status,Follow-up,Mailjourney
2026-09-03T09:50:33.000Z,00QQD00000bVMqB2AW,BE,0127Q000000eERIQA2,Status,Follow-up,Mailjourney
2026-09-03T09:50:02.000Z,00QP500000sMVPRMA4,NL,0127Q000000upr9QAA,Status,Follow-up,Mailjourney
2026-09-03T09:49:23.000Z,00QQD00000bRGUn2AO,BE,0127Q000000eERIQA2,Status,Re-entered,Mailjourney
2026-09-03T09:49:21.000Z,00QP500000tRU5bMAG,NL,0127Q000000upr9QAA,Status,Follow-up,Lost
2026-09-03T09:48:46.000Z,00QP500000tlUJ7MAM,NL,0127Q000000upr9QAA,Status,Follow-up,Mailjourney
2026-09-03T09:47:16.000Z,00QP500000tu0aLMAQ,NL,0127Q000000upr9QAA,Status,Follow-up,Mailjourney
2026-09-03T09:45:57.000Z,00QP500000tM7G8MAK,NL,0127Q000000upr9QAA,Status,Follow-up,Mailjourney
2026-09-03T09:45:49.000Z,00QP500000uB9xOMAS,NL,0127Q000000upr9QAA,Status,New,Mailjourney
2026-09-03T09:44:34.000Z,00QP500000tPIjdMAG,NL,0127Q000000upr9QAA,Status,Mailjourney,Appointment
2026-09-03T09:43:22.000Z,00QP500000tPIjdMAG,NL,0127Q000000upr9QAA,Status,Follow-up,Mailjourney
2026-09-03T09:42:59.000Z,00QP500000uB2xVMAS,NL,0127Q000000upr9QAA,Status,New,Not Qualified
2026-09-03T09:41:21.000Z,00QP500000tMKmoMAG,NL,0127Q000000upr9QAA,Status,Follow-up,Lost
2026-09-03T09:41:06.000Z,00QQD00000cwyCP2AY,NL,0127Q000000upr9QAA,Status,Not reached,Mailjourney
2026-09-03T09:39:29.000Z,00QP500000uASduMAG,BE,0127Q000000eERIQA2,Status,New,Not reached
2026-09-03T09:39:06.000Z,00QP500000t0y9PMAQ,NL,0127Q000000upr9QAA,Status,Follow-up,Mailjourney
2026-09-03T09:38:04.000Z,00QP500000uAXfCMAW,NL,0127Q000000upr9QAA,Status,New,Not reached
2026-09-03T09:37:37.000Z,00QP500000tKw4zMAC,NL,0127Q000000upr9QAA,Status,Follow-up,Appointment
2026-09-03T09:37:21.000Z,00QP500000u9u4NMAQ,NL,0127Q000000upr9QAA,Status,New,Not reached
2026-09-03T09:37:15.000Z,00QP500000u9xTfMAI,BE,0127Q000000eERIQA2,Status,New,Not reached
2026-09-03T09:36:08.000Z,00QQD00000ZFouc2AD,BE,0127Q000000eERIQA2,Status,Re-entered,Appointment
2026-09-03T09:34:50.000Z,00QQD00000cwyCP2AY,NL,0127Q000000upr9QAA,Status,Re-entered,Not reached
2026-09-03T09:34:24.000Z,00QP500000s6S5lMAE,NL,0127Q000000upr9QAA,Status,Follow-up,Mailjourney
2026-09-03T09:33:50.000Z,00QP500000uAs6vMAC,NL,0127Q000000upr9QAA,Status,New,Follow-up
2026-09-03T09:31:57.000Z,00QP500000tp7UQMAY,BE,0127Q000000eERIQA2,Status,Not reached,Follow-up
2026-09-03T09:31:19.000Z,00QP500000u9lFeMAI,NL,0127Q000000upr9QAA,Status,New,Not Qualified
2026-09-03T09:31:01.000Z,00QP500000qPFkRMAW,NL,0127Q000000upr9QAA,Status,Mailjourney,Re-entered
2026-09-03T09:30:40.000Z,00QP500000uBC0nMAG,NL,0127Q000000upr9QAA,Status,New,Not reached
2026-09-03T09:30:34.000Z,00QP500000tp7UQMAY,BE,0127Q000000eERIQA2,Status,Follow-up,Not reached
2026-09-03T09:28:19.000Z,00QP500000tYjZKMA0,BE,0127Q000000eERIQA2,Status,Follow-up,Mailjourney
2026-09-03T09:27:41.000Z,00QP500000tkEZpMAM,BE,0127Q000000eERIQA2,Status,Follow-up,Mailjourney
2026-09-03T09:26:49.000Z,00QP500000uAlYXMA0,NL,0127Q000000upr9QAA,Status,New,Not reached
2026-09-03T09:25:50.000Z,00QP500000uALm6MAG,NL,0127Q000000upr9QAA,Status,New,Not reached
2026-09-03T09:25:17.000Z,00QQD00000ZFi7G2AT,BE,0127Q000000eERIQA2,Status,Re-entered,Appointment
2026-09-03T09:25:14.000Z,00QP500000uAXfDMAW,NL,0127Q000000upr9QAA,Status,New,Not reached
2026-09-03T09:21:54.000Z,00QQD00000DyvDd2AJ,NL,0127Q000000upr9QAA,Status,Not reached,Follow-up
2026-09-03T09:21:21.000Z,00QQD00000DyvDd2AJ,NL,0127Q000000upr9QAA,Status,Re-entered,Not reached
2026-09-03T09:21:01.000Z,00QP500000u9u4MMAQ,BE,0127Q000000eERIQA2,Status,New,Appointment
2026-09-03T09:20:05.000Z,00QP500000tO7lTMAS,BE,0127Q000000eERIQA2,Status,Follow-up,Mailjourney
2026-09-03T09:19:13.000Z,00QP500000tVTXYMA4,NL,0127Q000000upr9QAA,Status,Follow-up,Mailjourney
2026-09-03T09:19:06.000Z,00QP500000uB8wTMAS,BE,0127Q000000eERIQA2,Status,New,Appointment
2026-09-03T09:18:44.000Z,00QP500000u6QUFMA2,NL,0127Q000000upr9QAA,Status,Not reached,Appointment
2026-09-03T09:18:31.000Z,00QP500000t3WuvMAE,BE,0127Q000000eERIQA2,Status,Follow-up,Mailjourney
2026-09-03T09:18:09.000Z,00QP500000uApH8MAK,NL,0127Q000000upr9QAA,Status,Not reached,Appointment
2026-09-03T09:17:32.000Z,00QP500000tNpYPMA0,NL,0127Q000000upr9QAA,Status,Follow-up,Mailjourney
2026-09-03T09:17:19.000Z,00QP500000t2M9pMAE,BE,0127Q000000eERIQA2,Status,Follow-up,Lost
2026-09-03T09:07:00.000Z,00QQD00000JJ9MQ2A1,NL,0127Q000000upr9QAA,Status,Re-entered,Appointment
2026-09-03T09:06:01.000Z,00QP500000qbS7TMAU,NL,0127Q000000upr9QAA,Status,Mailjourney,Not Qualified
2026-09-03T09:02:51.000Z,00QP500000u844fMAA,NL,0127Q000000upr9QAA,Status,Not reached,Appointment
2026-09-03T09:01:57.000Z,00QQD00000cwyCP2AY,NL,0127Q000000upr9QAA,Status,Mailjourney,Re-entered
2026-09-03T09:01:01.000Z,00QQD00000ZFi7G2AT,BE,0127Q000000eERIQA2,Status,Mailjourney,Re-entered
2026-09-03T09:00:14.000Z,00QP500000tYfCSMA0,NL,0127Q000000upr9QAA,Status,Follow-up,Mailjourney
2026-09-03T08:58:59.000Z,00QP500000uAUZFMA4,BE,0127Q000000eERIQA2,Status,New,Not reached
2026-09-03T08:58:56.000Z,00QP500000u5xnEMAQ,BE,0127Q000000eERIQA2,Status,Not reached,Appointment
2026-09-03T08:54:57.000Z,00QP500000u7kqfMAA,BE,0127Q000000eERIQA2,Status,Re-entered - Phone Number Changed,Appointment
2026-09-03T08:53:39.000Z,00QP500000u51piMAA,BE,0127Q000000eERIQA2,Status,Not reached,Appointment
2026-09-03T08:52:56.000Z,00QQD00000JJ9MQ2A1,NL,0127Q000000upr9QAA,Status,Lost,Re-entered
2026-09-03T08:51:20.000Z,00QP500000u9ayVMAQ,BE,0127Q000000eERIQA2,Status,New,Appointment
2026-09-03T08:48:58.000Z,00QQD00000cXbhF2AS,NL,0127Q000000upr9QAA,Status,New,Not Qualified
2026-09-03T08:48:03.000Z,00QP500000rWIucMAG,BE,0127Q000000eERIQA2,Status,Follow-up,Mailjourney
2026-09-03T08:45:19.000Z,00QP500000tTqq3MAC,NL,0127Q000000upr9QAA,Status,Follow-up,Mailjourney
2026-09-03T08:44:46.000Z,00QP500000pyVLPMA2,BE,0127Q000000eERIQA2,Status,Follow-up,Lost
2026-09-03T08:42:59.000Z,00QP500000u2fi3MAA,BE,0127Q000000eERIQA2,Status,Not reached,Lost
2026-09-03T08:42:37.000Z,00QQD00000bh63F2AQ,NL,0127Q000000upr9QAA,Status,Re-entered,Lost
2026-09-03T08:42:22.000Z,00QQD00000AQYuh2AH,NL,0127Q000000upr9QAA,Status,Re-entered,Appointment
2026-09-03T08:41:00.000Z,00QQD00000bSx1V2AS,BE,0127Q000000eERIQA2,Status,Re-entered,Not Qualified
2026-09-03T08:40:37.000Z,00QP500000tuLmrMAE,BE,0127Q000000eERIQA2,Status,Not reached,Mailjourney
2026-09-03T08:40:01.000Z,00QP500000uApH8MAK,NL,0127Q000000upr9QAA,Status,New,Not reached
2026-09-03T08:38:58.000Z,00QP500000tQJPBMA4,NL,0127Q000000upr9QAA,Status,Follow-up,Mailjourney
2026-09-03T08:38:39.000Z,00QP500000tsUJBMA2,BE,0127Q000000eERIQA2,Status,Not reached,Lost
2026-09-03T08:37:01.000Z,00QP500000tLSBLMA4,NL,0127Q000000upr9QAA,Status,Follow-up,Mailjourney
2026-09-03T08:36:33.000Z,00QP500000tsEj7MAE,BE,0127Q000000eERIQA2,Status,Not reached,Mailjourney
2026-09-03T08:35:51.000Z,00QP500000u7kqfMAA,BE,0127Q000000eERIQA2,Status,Not reached,Re-entered - Phone Number Changed
2026-09-03T08:35:08.000Z,00QQD00000YP5Dq2AL,NL,0127Q000000upr9QAA,Status,Re-entered,Follow-up
2026-09-03T08:34:58.000Z,00QP500000u7paDMAQ,BE,0127Q000000eERIQA2,Status,New,Appointment
2026-09-03T08:32:26.000Z,00QP500000tuMRCMA2,BE,0127Q000000eERIQA2,Status,Not reached,Follow-up
2026-09-03T08:31:16.000Z,00QP500000u93ZVMAY,BE,0127Q000000eERIQA2,Status,New,Appointment
2026-09-03T08:30:56.000Z,00QP500000u8YInMAM,NL,0127Q000000upr9QAA,Status,New,Not reached
2026-09-03T08:30:52.000Z,00QP500000uAUZGMA4,BE,0127Q000000eERIQA2,Status,New,Not Qualified
2026-09-03T08:30:19.000Z,00QP500000trj4AMAQ,BE,0127Q000000eERIQA2,Status,Not reached,Not Qualified
2026-09-03T08:29:45.000Z,00QP500000t5Dt0MAE,NL,0127Q000000upr9QAA,Status,Follow-up,Mailjourney
2026-09-03T08:28:23.000Z,00QP500000t4bAzMAI,NL,0127Q000000upr9QAA,Status,Follow-up,Mailjourney
2026-09-03T08:28:03.000Z,00QP500000u5ssQMAQ,NL,0127Q000000upr9QAA,Status,New,Follow-up
2026-09-03T08:27:46.000Z,00QP500000u7SPBMA2,NL,0127Q000000upr9QAA,Status,New,Not reached
2026-09-03T08:26:30.000Z,00QP500000sT9nDMAS,NL,0127Q000000upr9QAA,Status,Follow-up,Mailjourney
2026-09-03T08:26:03.000Z,00QP500000uAKq2MAG,BE,0127Q000000eERIQA2,Status,New,Not reached
2026-09-03T08:25:36.000Z,00QP500000u4UKLMA2,NL,0127Q000000upr9QAA,Status,Not reached,Mailjourney
2026-09-03T08:25:16.000Z,00QP500000u6lf7MAA,BE,0127Q000000eERIQA2,Status,New,Not reached
2026-09-03T08:24:54.000Z,00QP500000trOEDMA2,BE,0127Q000000eERIQA2,Status,Not reached,Mailjourney
2026-09-03T08:24:22.000Z,00QQD00000dOL6T2AW,NL,0127Q000000upr9QAA,Status,Re-entered - Phone Number Changed,Not reached
2026-09-03T08:17:48.000Z,00QP500000u7VDKMA2,NL,0127Q000000upr9QAA,Status,New,Not reached
2026-09-03T08:15:20.000Z,00QP500000u7GHVMA2,NL,0127Q000000upr9QAA,Status,New,Appointment
2026-09-03T08:13:40.000Z,00QP500000u8k5RMAQ,BE,0127Q000000eERIQA2,Status,New,Not reached
2026-09-03T08:12:44.000Z,00QQD00000JZDlr2AH,NL,0127Q000000upr9QAA,Status,Re-entered,Not Qualified
2026-09-03T08:11:30.000Z,00QP500000u8gg9MAA,BE,0127Q000000eERIQA2,Status,New,Not reached
2026-09-03T08:10:22.000Z,00QP500000tntdHMAQ,NL,0127Q000000upr9QAA,Status,Follow-up,Mailjourney
2026-09-03T08:09:03.000Z,00QP500000td7BfMAI,NL,0127Q000000upr9QAA,Status,Re-entered,Mailjourney
2026-09-03T08:06:53.000Z,00QP500000u7DDCMA2,NL,0127Q000000upr9QAA,Status,New,Mailjourney
2026-09-03T08:06:10.000Z,00QP500000tlBegMAE,BE,0127Q000000eERIQA2,Status,Not reached,Follow-up
2026-09-03T08:05:31.000Z,00QP500000u59iNMAQ,NL,0127Q000000upr9QAA,Status,Not reached,Brochure
2026-09-03T08:04:46.000Z,00QP500000tlBegMAE,BE,0127Q000000eERIQA2,Status,Follow-up,Not reached
2026-09-03T08:04:26.000Z,00QP500000tlBegMAE,BE,0127Q000000eERIQA2,Status,Not reached,Follow-up
2026-09-03T08:04:11.000Z,00QP500000tzBOlMAM,NL,0127Q000000upr9QAA,Status,Not reached,Mailjourney
2026-09-03T08:04:05.000Z,00QP500000tguEGMAY,BE,0127Q000000eERIQA2,Status,Not reached,Mailjourney
2026-09-03T08:04:01.000Z,00QP500000u9IS5MAM,NL,0127Q000000upr9QAA,Status,New,Appointment
2026-09-03T08:03:56.000Z,00QP500000u5s5yMAA,NL,0127Q000000upr9QAA,Status,New,Mailjourney
2026-09-03T08:02:23.000Z,00QP500000u4z1YMAQ,NL,0127Q000000upr9QAA,Status,New,Brochure
2026-09-03T08:01:54.000Z,00QP500000tgof3MAA,BE,0127Q000000eERIQA2,Status,Not reached,Mailjourney
2026-09-03T08:01:52.000Z,00QP500000u6CZKMA2,NL,0127Q000000upr9QAA,Status,New,Appointment
2026-09-03T08:00:24.000Z,00QQD00000YP5Dq2AL,NL,0127Q000000upr9QAA,Status,Lost,Re-entered
2026-09-03T07:59:18.000Z,00QP500000tbzcpMAA,BE,0127Q000000eERIQA2,Status,Not reached,Mailjourney
2026-09-03T07:58:20.000Z,00QP500000tlPRWMA2,BE,0127Q000000eERIQA2,Status,Not reached,Mailjourney
2026-09-03T07:58:04.000Z,00QP500000u5T1CMAU,NL,0127Q000000upr9QAA,Status,New,Appointment
2026-09-03T07:57:39.000Z,00QP500000u7kqfMAA,BE,0127Q000000eERIQA2,Status,New,Not reached
2026-09-03T07:56:57.000Z,00QP500000u6N9nMAE,NL,0127Q000000upr9QAA,Status,New,Appointment
2026-09-03T07:56:00.000Z,00QP500000u8KvlMAE,NL,0127Q000000upr9QAA,Status,New,Not reached
2026-09-03T07:55:50.000Z,00QP500000txauQMAQ,BE,0127Q000000eERIQA2,Status,Not reached,Mailjourney
2026-09-03T07:54:27.000Z,00QP500000u844fMAA,NL,0127Q000000upr9QAA,Status,New,Not reached
2026-09-03T07:54:15.000Z,00QP500000u6QUFMA2,NL,0127Q000000upr9QAA,Status,New,Not reached
2026-09-03T07:52:47.000Z,00QQD00000ZGFKl2AP,BE,0127Q000000eERIQA2,Status,Follow-up,Appointment
2026-09-03T07:51:44.000Z,00QP500000u6VbxMAE,NL,0127Q000000upr9QAA,Status,New,Appointment
2026-09-03T07:49:32.000Z,00QP500000u68U6MAI,NL,0127Q000000upr9QAA,Status,New,Follow-up
2026-09-03T07:46:51.000Z,00QP500000u1uHfMAI,NL,0127Q000000upr9QAA,Status,Re-entered - Phone Number Changed,Not Qualified
2026-09-03T07:46:30.000Z,00QQD00000KlF9l2AF,NL,0127Q000000upr9QAA,Status,Not reached,Mailjourney
2026-09-03T07:45:49.000Z,00QP500000tlBegMAE,BE,0127Q000000eERIQA2,Status,Follow-up,Not reached
2026-09-03T07:45:43.000Z,00QQD00000KlF9l2AF,NL,0127Q000000upr9QAA,Status,Re-entered,Not reached
2026-09-03T07:45:35.000Z,00QP500000u5OPhMAM,NL,0127Q000000upr9QAA,Status,Not reached,Mailjourney
2026-09-03T07:45:28.000Z,00QP500000u5OPhMAM,NL,0127Q000000upr9QAA,Status,New,Not reached
2026-09-03T07:43:43.000Z,00QP500000u6qjdMAA,NL,0127Q000000upr9QAA,Status,New,Lost
2026-09-03T07:43:35.000Z,00QQD00000ErBN32AN,NL,0127Q000000upr9QAA,Status,Re-entered,Not Qualified
2026-09-03T07:41:58.000Z,00QP500000u6rPaMAI,NL,0127Q000000upr9QAA,Status,New,Not reached
2026-09-03T07:41:54.000Z,00QP500000u6aJuMAI,NL,0127Q000000upr9QAA,Status,New,Follow-up
2026-09-03T07:40:32.000Z,00QP500000tzEOAMA2,BE,0127Q000000eERIQA2,Status,Not reached,Appointment
2026-09-03T07:40:10.000Z,00QP500000u78WrMAI,BE,0127Q000000eERIQA2,Status,New,Appointment
2026-09-03T07:40:05.000Z,00QQD00000AQWVy2AP,NL,0127Q000000upr9QAA,Status,Re-entered,Not reached
2026-09-03T07:36:17.000Z,00QP500000u7kqgMAA,NL,0127Q000000upr9QAA,Status,New,Not reached
2026-09-03T07:34:24.000Z,00QP500000u7iwvMAA,NL,0127Q000000upr9QAA,Status,New,Not reached
2026-09-03T07:33:57.000Z,00QP500000u73IiMAI,BE,0127Q000000eERIQA2,Status,New,Follow-up
2026-09-03T07:33:57.000Z,00QQD00000ErBN32AN,NL,0127Q000000upr9QAA,Status,Not Qualified,Re-entered
2026-09-03T07:31:47.000Z,00QP500000u6PEoMAM,BE,0127Q000000eERIQA2,Status,New,Not reached
2026-09-03T07:28:00.000Z,00QP500000u6paiMAA,NL,0127Q000000upr9QAA,Status,New,Appointment
2026-09-03T07:25:26.000Z,00QP500000u5iWPMAY,BE,0127Q000000eERIQA2,Status,Not reached,Appointment
2026-09-03T07:23:14.000Z,00QP500000u8QhpMAE,BE,0127Q000000eERIQA2,Status,New,Not reached
2026-09-03T07:22:53.000Z,00QQD00000dOL6T2AW,NL,0127Q000000upr9QAA,Status,Mailjourney,Re-entered - Phone Number Changed
2026-09-03T07:20:44.000Z,00QP500000u7g3vMAA,BE,0127Q000000eERIQA2,Status,New,Not reached
2026-09-03T07:19:08.000Z,00QP500000u6ja5MAA,BE,0127Q000000eERIQA2,Status,New,Not reached
2026-09-03T07:17:49.000Z,00QP500000u66nHMAQ,BE,0127Q000000eERIQA2,Status,Not reached,Mailjourney
2026-09-03T07:17:38.000Z,00QP500000u66nHMAQ,BE,0127Q000000eERIQA2,Status,New,Not reached
2026-09-03T07:06:43.000Z,00QP500000u62LTMAY,BE,0127Q000000eERIQA2,Status,New,Not reached
2026-09-03T07:02:57.000Z,00QQD00000DyvDd2AJ,NL,0127Q000000upr9QAA,Status,Mailjourney,Re-entered
2026-09-03T07:02:08.000Z,00QQD00000bh63F2AQ,NL,0127Q000000upr9QAA,Status,Lost,Re-entered
2026-09-03T06:10:14.000Z,00QQD00000bRGUn2AO,BE,0127Q000000eERIQA2,Status,Mailjourney,Re-entered
2026-09-03T06:01:57.000Z,00QP500000tTUvzMAG,FR,012QD000002ylXZYAY,Status,New,Follow-up
2026-09-03T06:01:57.000Z,00QQD00000dYzQN2A0,FR,012QD000002ylXZYAY,Status,Mailjourney,Re-entered
2026-09-03T06:01:57.000Z,00QQD00000cTJEH2A4,IT,012QD000002ylcPYAQ,Status,Lost,Re-entered
2026-09-03T06:01:57.000Z,00QQD00000ZGxeG2AT,FR,012QD000002ylXZYAY,Status,Re-entered,Mailjourney
2026-09-03T06:01:57.000Z,00QP500000rZdw2MAC,FR,012QD000002ylXZYAY,Status,Mailjourney,Re-entered
2026-09-03T06:01:57.000Z,00QP500000tTUvyMAG,FR,012QD000002ylXZYAY,Status,New,Lost
2026-09-03T06:01:57.000Z,00QP500000tTUvxMAG,FR,012QD000002ylXZYAY,Status,New,Mailjourney
2026-09-03T06:01:57.000Z,00QP500000tTUvwMAG,FR,012QD000002ylXZYAY,Status,New,Mailjourney
2026-09-03T06:01:57.000Z,00QP500000tTUvuMAG,FR,012QD000002ylXZYAY,Status,New,Mailjourney
2026-09-02T23:08:12.000Z,00QQD00000bSx1V2AS,BE,0127Q000000eERIQA2,Status,Not Qualified,Re-entered
2026-09-02T21:50:12.000Z,00QQD00000JZDlr2AH,NL,0127Q000000upr9QAA,Status,Not Qualified,Re-entered
2026-09-02T18:01:02.000Z,00QQD00000AQWVy2AP,NL,0127Q000000upr9QAA,Status,Converted Old SF,Re-entered
2026-09-02T15:48:26.000Z,00QP500000u1uHfMAI,NL,0127Q000000upr9QAA,Status,Mailjourney,Re-entered - Phone Number Changed
2026-09-02T15:44:11.000Z,00QQD00000ZFouc2AD,BE,0127Q000000eERIQA2,Status,Not Qualified,Re-entered
2026-09-02T15:39:11.000Z,00QQD00000KlF9l2AF,NL,0127Q000000upr9QAA,Status,Mailjourney,Re-entered
2026-09-02T15:01:11.000Z,00QP500000tEqezMAC,BE,0127Q000000eERIQA2,Status,Follow-up,Mailjourney
2026-09-02T14:59:03.000Z,00QP500000tQLfXMAW,BE,0127Q000000eERIQA2,Status,Follow-up,Mailjourney
2026-09-02T14:58:04.000Z,00QP500000tbU14MAE,BE,0127Q000000eERIQA2,Status,Follow-up,Mailjourney
2026-09-02T14:53:22.000Z,00QP500000sStcAMAS,BE,0127Q000000eERIQA2,Status,Follow-up,Mailjourney
2026-09-02T14:52:59.000Z,00QP500000rZPl0MAG,BE,0127Q000000eERIQA2,Status,Follow-up,Lost
2026-09-02T14:52:01.000Z,00QQD00000ZGLuE2AX,BE,0127Q000000eERIQA2,Status,Follow-up,Mailjourney
2026-09-02T14:51:30.000Z,00QQD00000djFne2AE,BE,0127Q000000eERIQA2,Status,Follow-up,Lost
2026-09-02T14:51:07.000Z,00QQD00000AQDez2AH,NL,0127Q000000upr9QAA,Status,Re-entered,Not Qualified
2026-09-02T14:49:30.000Z,00QP500000u4XjaMAE,NL,0127Q000000upr9QAA,Status,New,Appointment
2026-09-02T14:46:57.000Z,00QP500000u5xnEMAQ,BE,0127Q000000eERIQA2,Status,New,Not reached
2026-09-02T14:46:45.000Z,00QP500000u5nUYMAY,BE,0127Q000000eERIQA2,Status,New,Appointment
2026-09-02T14:41:20.000Z,00QP500000u5t6tMAA,BE,0127Q000000eERIQA2,Status,New,Appointment
2026-09-02T14:26:00.000Z,00QP500000trRlaMAE,BE,0127Q000000eERIQA2,Status,Not reached,Follow-up
2026-09-02T14:19:46.000Z,00QP500000rz9uHMAQ,BE,0127Q000000eERIQA2,Status,Follow-up,Lost
2026-09-02T14:19:22.000Z,00QP500000tpwlRMAQ,BE,0127Q000000eERIQA2,Status,Not reached,Mailjourney
2026-09-02T14:16:39.000Z,00QP500000tjKuqMAE,BE,0127Q000000eERIQA2,Status,Not reached,Not Qualified
2026-09-02T14:14:28.000Z,00QP500000tTEntMAG,BE,0127Q000000eERIQA2,Status,Follow-up,Mailjourney
2026-09-02T14:11:54.000Z,00QQD00000AQYuh2AH,NL,0127Q000000upr9QAA,Status,Converted Old SF,Re-entered
2026-09-02T14:11:11.000Z,00QQD00000cy8BK2AY,BE,0127Q000000eERIQA2,Status,Follow-up,Mailjourney
2026-09-02T14:10:18.000Z,00QQD00000ZGuYr2AL,BE,0127Q000000eERIQA2,Status,Follow-up,Mailjourney
2026-09-02T14:08:32.000Z,00QP500000tIECzMAO,BE,0127Q000000eERIQA2,Status,Follow-up,Mailjourney
2026-09-02T14:07:58.000Z,00QP500000td7BfMAI,NL,0127Q000000upr9QAA,Status,Follow-up,Re-entered
2026-09-02T14:04:32.000Z,00QP500000tc1UsMAI,BE,0127Q000000eERIQA2,Status,Not reached,Mailjourney
2026-09-02T14:02:20.000Z,00QP500000tI2ACMA0,BE,0127Q000000eERIQA2,Status,Follow-up,Mailjourney
2026-09-02T14:00:43.000Z,00QP500000u4XjZMAU,BE,0127Q000000eERIQA2,Status,New,Appointment
2026-09-02T13:59:29.000Z,00QP500000u51piMAA,BE,0127Q000000eERIQA2,Status,New,Not reached
2026-09-02T13:51:32.000Z,00QP500000tpPPhMAM,BE,0127Q000000eERIQA2,Status,Not reached,Lost
2026-09-02T13:51:01.000Z,00QP500000u5iWPMAY,BE,0127Q000000eERIQA2,Status,New,Not reached
2026-09-02T13:48:50.000Z,00QP500000u4UKKMA2,BE,0127Q000000eERIQA2,Status,New,Not reached
2026-09-02T13:32:11.000Z,00QP500000tvApRMAU,BE,0127Q000000eERIQA2,Status,Follow-up,Appointment
2026-09-02T13:30:55.000Z,00QQD00000AQDez2AH,NL,0127Q000000upr9QAA,Status,Mailjourney,Re-entered
2026-09-02T13:29:42.000Z,00QP500000tvApRMAU,BE,0127Q000000eERIQA2,Status,Not reached,Follow-up
2026-09-02T13:28:02.000Z,00QP500000tvApRMAU,BE,0127Q000000eERIQA2,Status,Follow-up,Not reached
2026-09-02T13:13:34.000Z,00QP500000u5WAHMA2,NL,0127Q000000upr9QAA,Status,New,Mailjourney
2026-09-02T13:09:22.000Z,00QP500000u5CmgMAE,NL,0127Q000000upr9QAA,Status,New,Not reached
2026-09-02T13:09:00.000Z,00QP500000u59iNMAQ,NL,0127Q000000upr9QAA,Status,New,Not reached
2026-09-02T13:08:09.000Z,00QP500000u54PKMAY,BE,0127Q000000eERIQA2,Status,New,Appointment
2026-09-02T13:03:23.000Z,00QP500000u5XO5MAM,NL,0127Q000000upr9QAA,Status,New,Not Qualified
2026-09-02T12:54:20.000Z,00QP500000trAMbMAM,BE,0127Q000000eERIQA2,Status,Not reached,Appointment
2026-09-02T12:50:01.000Z,00QQD00000ZGxE72AL,BE,0127Q000000eERIQA2,Status,Re-entered,Mailjourney
2026-09-02T12:49:06.000Z,00QP500000tubejMAA,BE,0127Q000000eERIQA2,Status,Not reached,Mailjourney
2026-09-02T12:46:10.000Z,00QP500000tqbqGMAQ,BE,0127Q000000eERIQA2,Status,Not reached,Mailjourney
2026-09-02T12:45:09.000Z,00QP500000tl5ZKMAY,BE,0127Q000000eERIQA2,Status,Not reached,Mailjourney
2026-09-02T12:44:26.000Z,00QP500000tilwSMAQ,BE,0127Q000000eERIQA2,Status,Not reached,Follow-up
2026-09-02T12:44:07.000Z,00QP500000th5mRMAQ,BE,0127Q000000eERIQA2,Status,Not reached,Follow-up
2026-09-02T12:43:48.000Z,00QP500000tkTkEMAU,BE,0127Q000000eERIQA2,Status,Not reached,Follow-up
2026-09-02T12:42:14.000Z,00QP500000u4H6uMAE,BE,0127Q000000eERIQA2,Status,New,Follow-up
2026-09-02T12:41:54.000Z,00QP500000tkR8pMAE,BE,0127Q000000eERIQA2,Status,Not reached,Mailjourney
2026-09-02T12:38:04.000Z,00QP500000ri5K5MAI,BE,0127Q000000eERIQA2,Status,Follow-up,Appointment
2026-09-02T12:34:17.000Z,00QQD00000V8eBJ2AZ,NL,0127Q000000upr9QAA,Status,Follow-up,Mailjourney
2026-09-02T12:31:50.000Z,00QP500000tcTUQMA2,NL,0127Q000000upr9QAA,Status,Follow-up,Mailjourney
2026-09-02T12:31:31.000Z,00QP500000tjresMAA,BE,0127Q000000eERIQA2,Status,Not reached,Mailjourney
2026-09-02T12:31:12.000Z,00QP500000tj78vMAA,BE,0127Q000000eERIQA2,Status,Not reached,Mailjourney
2026-09-02T12:28:03.000Z,00QP500000u3wC7MAI,BE,0127Q000000eERIQA2,Status,New,Lost
2026-09-02T12:24:49.000Z,00QP500000tx9pBMAQ,NL,0127Q000000upr9QAA,Status,Follow-up,Appointment
2026-09-02T12:23:43.000Z,00QP500000tXWcXMAW,NL,0127Q000000upr9QAA,Status,Follow-up,Appointment
2026-09-02T12:19:10.000Z,00QP500000tRx19MAC,NL,0127Q000000upr9QAA,Status,Follow-up,Mailjourney
2026-09-02T12:17:06.000Z,00QP500000u02snMAA,NL,0127Q000000upr9QAA,Status,Not reached,Not Qualified
2026-09-02T12:17:02.000Z,00QP500000qLwJBMA0,NL,0127Q000000upr9QAA,Status,Follow-up,Mailjourney
2026-09-02T12:16:05.000Z,00QP500000u4UKLMA2,NL,0127Q000000upr9QAA,Status,New,Not reached
2026-09-02T12:15:45.000Z,00QP500000u4UKJMA2,NL,0127Q000000upr9QAA,Status,New,Not reached
2026-09-02T12:14:22.000Z,00QP500000u3knhMAA,NL,0127Q000000upr9QAA,Status,New,Appointment
2026-09-02T12:13:55.000Z,00QP500000u1qkKMAQ,NL,0127Q000000upr9QAA,Status,Not reached,Follow-up
2026-09-02T12:12:10.000Z,00QQD00000bSx1V2AS,BE,0127Q000000eERIQA2,Status,Re-entered,Not Qualified
2026-09-02T12:11:12.000Z,00QP500000tz2rfMAA,BE,0127Q000000eERIQA2,Status,Re-entered,Follow-up
2026-09-02T12:11:09.000Z,00QP500000u4facMAA,NL,0127Q000000upr9QAA,Status,New,Not Qualified
2026-09-02T12:11:02.000Z,00QP500000u4eZkMAI,BE,0127Q000000eERIQA2,Status,New,Appointment
2026-09-02T12:10:04.000Z,00QP500000u4EvSMAU,NL,0127Q000000upr9QAA,Status,New,Follow-up
2026-09-02T12:06:07.000Z,00QP500000u34tHMAQ,BE,0127Q000000eERIQA2,Status,New,Not Qualified
2026-09-02T12:05:30.000Z,00QP500000u33aeMAA,BE,0127Q000000eERIQA2,Status,New,Not reached
2026-09-02T12:04:12.000Z,00QP500000u3nNKMAY,NL,0127Q000000upr9QAA,Status,New,Brochure
2026-09-02T12:04:06.000Z,00QP500000u2fi3MAA,BE,0127Q000000eERIQA2,Status,New,Not reached
2026-09-02T12:03:49.000Z,00QP500000tzvmUMAQ,NL,0127Q000000upr9QAA,Status,Not reached,Appointment
2026-09-02T11:55:58.000Z,00QP500000twCvlMAE,NL,0127Q000000upr9QAA,Status,Not reached,Brochure
2026-09-02T11:55:01.000Z,00QP500000u3hY5MAI,NL,0127Q000000upr9QAA,Status,New,Appointment
2026-09-02T11:54:57.000Z,00QP500000tl1x7MAA,NL,0127Q000000upr9QAA,Status,Not reached,Follow-up
2026-09-02T11:54:42.000Z,00QP500000txpN4MAI,NL,0127Q000000upr9QAA,Status,Not reached,Follow-up
2026-09-02T11:45:13.000Z,00QP500000u41WlMAI,NL,0127Q000000upr9QAA,Status,New,Appointment
2026-09-02T11:44:29.000Z,00QP500000tu8L1MAI,NL,0127Q000000upr9QAA,Status,Not reached,Mailjourney
2026-09-02T11:43:15.000Z,00QP500000u4QA9MAM,NL,0127Q000000upr9QAA,Status,New,Follow-up
2026-09-02T11:42:27.000Z,00QP500000tsEj6MAE,NL,0127Q000000upr9QAA,Status,Not reached,Follow-up
2026-09-02T11:40:59.000Z,00QP500000ts0plMAA,NL,0127Q000000upr9QAA,Status,Not reached,Follow-up
2026-09-02T11:33:57.000Z,00QP500000u3piXMAQ,NL,0127Q000000upr9QAA,Status,New,Appointment
2026-09-02T11:28:29.000Z,00QP500000u3zjRMAQ,NL,0127Q000000upr9QAA,Status,Not reached,Appointment
2026-09-02T11:25:53.000Z,00QP500000u2yayMAA,NL,0127Q000000upr9QAA,Status,New,Appointment
2026-09-02T11:24:03.000Z,00QP500000u4ejNMAQ,NL,0127Q000000upr9QAA,Status,New,Not Qualified
2026-09-02T11:23:09.000Z,00QP500000u3zjRMAQ,NL,0127Q000000upr9QAA,Status,New,Not reached
2026-09-02T11:22:04.000Z,00QP500000u3W00MAE,NL,0127Q000000upr9QAA,Status,New,Not Qualified
2026-09-02T11:13:57.000Z,00QP500000tXMq6MAG,BE,0127Q000000eERIQA2,Status,Not reached,Appointment
2026-09-02T11:09:25.000Z,00QP500000u3W01MAE,NL,0127Q000000upr9QAA,Status,New,Appointment
2026-09-02T10:59:30.000Z,00QQD00000AQGkH2AX,NL,0127Q000000upr9QAA,Status,Re-entered,Mailjourney
2026-09-02T10:46:56.000Z,00QP500000tz2rfMAA,BE,0127Q000000eERIQA2,Status,Not reached,Re-entered
2026-09-02T10:44:01.000Z,00QP500000tqIPNMA2,BE,0127Q000000eERIQA2,Status,Not reached,Appointment
2026-09-02T10:37:03.000Z,00QQD00000ZGxE72AL,BE,0127Q000000eERIQA2,Status,Converted Old SF,Re-entered
2026-09-02T10:34:31.000Z,00QP500000qLRSNMA4,NL,0127Q000000upr9QAA,Status,Re-entered,Appointment
2026-09-02T10:28:39.000Z,00QP500000u3nqPMAQ,NL,0127Q000000upr9QAA,Status,New,Not Qualified
2026-09-02T10:27:16.000Z,00QQD00000ZGXlg2AH,BE,0127Q000000eERIQA2,Status,Re-entered,Appointment
2026-09-02T10:25:16.000Z,00QP500000u2ieGMAQ,NL,0127Q000000upr9QAA,Status,New,Appointment
2026-09-02T10:20:31.000Z,00QP500000u3XFKMA2,NL,0127Q000000upr9QAA,Status,New,Mailjourney
2026-09-02T10:17:49.000Z,00QP500000qLRSNMA4,NL,0127Q000000upr9QAA,Status,Mailjourney,Re-entered
2026-09-02T10:16:15.000Z,00QQD00000ZGpHS2A1,BE,0127Q000000eERIQA2,Status,Mailjourney,Appointment
2026-09-02T10:16:01.000Z,00QP500000tiATpMAM,BE,0127Q000000eERIQA2,Status,Not reached,Mailjourney
2026-09-02T10:15:28.000Z,00QP500000u3etVMAQ,NL,0127Q000000upr9QAA,Status,New,Appointment
2026-09-02T10:14:43.000Z,00QP500000ty4U5MAI,NL,0127Q000000upr9QAA,Status,Brochure,Follow-up
2026-09-02T10:14:43.000Z,00QP500000tNHuvMAG,NL,0127Q000000upr9QAA,Status,Brochure,Follow-up
2026-09-02T10:09:57.000Z,00QP500000tX0T3MAK,BE,0127Q000000eERIQA2,Status,Not reached,Mailjourney
2026-09-02T10:07:31.000Z,00QQD00000ZGpHS2A1,BE,0127Q000000eERIQA2,Status,Not reached,Mailjourney
2026-09-02T10:06:35.000Z,00QP500000u3XFLMA2,NL,0127Q000000upr9QAA,Status,New,Appointment
2026-09-02T10:05:34.000Z,00QP500000twFocMAE,BE,0127Q000000eERIQA2,Status,Not reached,Follow-up
2026-09-02T09:59:09.000Z,00QP500000u3uILMAY,BE,0127Q000000eERIQA2,Status,New,Appointment
2026-09-02T09:58:34.000Z,00QP500000tthB9MAI,NL,0127Q000000upr9QAA,Status,Not reached,Appointment
2026-09-02T09:57:10.000Z,00QP500000u3GjKMAU,NL,0127Q000000upr9QAA,Status,New,Appointment
2026-09-02T09:55:29.000Z,00QP500000tx9qoMAA,BE,0127Q000000eERIQA2,Status,Not reached,Appointment
2026-09-02T09:52:52.000Z,00QP500000u2hWzMAI,NL,0127Q000000upr9QAA,Status,New,Mailjourney
2026-09-02T09:50:38.000Z,00QP500000u2DAbMAM,BE,0127Q000000eERIQA2,Status,Not reached,Follow-up
2026-09-02T09:49:17.000Z,00QP500000tttdhMAA,NL,0127Q000000upr9QAA,Status,Not reached,Mailjourney
2026-09-02T09:47:52.000Z,00QP500000ttrX3MAI,NL,0127Q000000upr9QAA,Status,Not reached,Mailjourney
2026-09-02T09:47:28.000Z,00QP500000u2hewMAA,BE,0127Q000000eERIQA2,Status,Not reached,Follow-up
2026-09-02T09:46:57.000Z,00QP500000u2YdGMAU,NL,0127Q000000upr9QAA,Status,New,Appointment
2026-09-02T09:46:30.000Z,00QP500000ty22TMAQ,NL,0127Q000000upr9QAA,Status,Not reached,Not Qualified
2026-09-02T09:44:34.000Z,00QP500000trV7dMAE,NL,0127Q000000upr9QAA,Status,Not reached,Lost
2026-09-02T09:44:01.000Z,00QP500000tRUX6MAO,BE,0127Q000000eERIQA2,Status,Not reached,Follow-up
2026-09-02T09:42:50.000Z,00QQD00000AQGkH2AX,NL,0127Q000000upr9QAA,Status,Mailjourney,Re-entered
2026-09-02T09:41:41.000Z,00QP500000tYXujMAG,BE,0127Q000000eERIQA2,Status,Not reached,Mailjourney
2026-09-02T09:41:07.000Z,00QQD00000bSx1V2AS,BE,0127Q000000eERIQA2,Status,Not Qualified,Re-entered
2026-09-02T09:41:07.000Z,00QQD00000EWyyf2AD,NL,0127Q000000upr9QAA,Status,Re-entered,Appointment
2026-09-02T09:40:06.000Z,00QP500000tXdSmMAK,BE,0127Q000000eERIQA2,Status,Not reached,Follow-up
2026-09-02T09:38:50.000Z,00QP500000tZeNtMAK,BE,0127Q000000eERIQA2,Status,Not reached,Mailjourney
2026-09-02T09:38:17.000Z,00QP500000u2hewMAA,BE,0127Q000000eERIQA2,Status,New,Not reached
2026-09-02T09:37:31.000Z,00QP500000u2DAbMAM,BE,0127Q000000eERIQA2,Status,New,Not reached
2026-09-02T09:37:24.000Z,00QP500000taKbfMAE,BE,0127Q000000eERIQA2,Status,Not reached,Mailjourney
2026-09-02T09:29:33.000Z,00QP500000u1K65MAE,BE,0127Q000000eERIQA2,Status,New,Appointment
2026-09-02T09:29:19.000Z,00QP500000tXHNOMA4,NL,0127Q000000upr9QAA,Status,Follow-up,Lost
2026-09-02T09:28:37.000Z,00QP500000tNHuvMAG,NL,0127Q000000upr9QAA,Status,Follow-up,Brochure
2026-09-02T09:26:08.000Z,00QP500000u3ZIjMAM,BE,0127Q000000eERIQA2,Status,New,Appointment
2026-09-02T09:22:55.000Z,00QP500000t7O1LMAU,NL,0127Q000000upr9QAA,Status,Follow-up,Not Qualified
2026-09-02T09:21:59.000Z,00QQD00000ZGXlg2AH,BE,0127Q000000eERIQA2,Status,Mailjourney,Re-entered
2026-09-02T09:21:58.000Z,00QP500000rsKjCMAU,NL,0127Q000000upr9QAA,Status,Follow-up,Mailjourney
2026-09-02T09:21:36.000Z,00QP500000u3arVMAQ,NL,0127Q000000upr9QAA,Status,New,Appointment
2026-09-02T09:21:19.000Z,00QP500000pebTNMAY,NL,0127Q000000upr9QAA,Status,Follow-up,Mailjourney
2026-09-02T09:15:07.000Z,00QP500000t5njeMAA,NL,0127Q000000upr9QAA,Status,Follow-up,Mailjourney
2026-09-02T09:14:10.000Z,00QP500000scgTpMAI,NL,0127Q000000upr9QAA,Status,Follow-up,Mailjourney
2026-09-02T09:11:38.000Z,00QP500000tuhDuMAI,NL,0127Q000000upr9QAA,Status,Mailjourney,Lost
2026-09-02T09:10:35.000Z,00QP500000tuhDuMAI,NL,0127Q000000upr9QAA,Status,Follow-up,Mailjourney
2026-09-02T09:09:58.000Z,00QP500000ttJ3xMAE,BE,0127Q000000eERIQA2,Status,Not reached,Not Qualified
2026-09-02T09:08:54.000Z,00QQD00000EWyyf2AD,NL,0127Q000000upr9QAA,Status,Mailjourney,Re-entered
2026-09-02T09:08:10.000Z,00QP500000sf1gzMAA,NL,0127Q000000upr9QAA,Status,Follow-up,Mailjourney
2026-09-02T09:06:56.000Z,00QP500000tdCHlMAM,BE,0127Q000000eERIQA2,Status,Not reached,Follow-up
2026-09-02T09:06:20.000Z,00QP500000tzpfRMAQ,BE,0127Q000000eERIQA2,Status,New,Follow-up
2026-09-02T09:05:13.000Z,00QP500000tdGZtMAM,BE,0127Q000000eERIQA2,Status,Not reached,Mailjourney
2026-09-02T09:04:29.000Z,00QP500000tdV97MAE,BE,0127Q000000eERIQA2,Status,Not reached,Mailjourney
2026-09-02T09:02:54.000Z,00QP500000teEnlMAE,BE,0127Q000000eERIQA2,Status,Not reached,Mailjourney
2026-09-02T09:01:59.000Z,00QP500000tf0UDMAY,BE,0127Q000000eERIQA2,Status,Not reached,Follow-up
2026-09-02T09:01:57.000Z,00QP500000tJ8GlMAK,NL,0127Q000000upr9QAA,Status,Follow-up,Mailjourney
2026-09-02T09:00:50.000Z,00QP500000u2VVkMAM,NL,0127Q000000upr9QAA,Status,New,Mailjourney
2026-09-02T09:00:11.000Z,00QP500000tfI2xMAE,BE,0127Q000000eERIQA2,Status,Not reached,Mailjourney
2026-09-02T08:58:56.000Z,00QP500000thLrJMAU,BE,0127Q000000eERIQA2,Status,Not reached,Mailjourney
2026-09-02T08:57:52.000Z,00QP500000u1n4uMAA,NL,0127Q000000upr9QAA,Status,New,Mailjourney
2026-09-02T08:57:24.000Z,00QP500000tnYiUMAU,BE,0127Q000000eERIQA2,Status,Not reached,Mailjourney
2026-09-02T08:56:45.000Z,00QP500000tzc5XMAQ,BE,0127Q000000eERIQA2,Status,Not reached,Mailjourney
2026-09-02T08:56:31.000Z,00QP500000tzc5XMAQ,BE,0127Q000000eERIQA2,Status,New,Not reached
2026-09-02T08:55:02.000Z,00QP500000tzEOAMA2,BE,0127Q000000eERIQA2,Status,New,Not reached
2026-09-02T08:46:27.000Z,00QP500000tqresMAA,BE,0127Q000000eERIQA2,Status,Not reached,Appointment
2026-09-02T08:41:56.000Z,00QP500000tyeR7MAI,NL,0127Q000000upr9QAA,Status,Not reached,Mailjourney
2026-09-02T08:39:49.000Z,00QP500000tPZz0MAG,NL,0127Q000000upr9QAA,Status,Follow-up,Appointment
2026-09-02T08:35:04.000Z,00QP500000tuMSnMAM,NL,0127Q000000upr9QAA,Status,Not reached,Follow-up
2026-09-02T08:33:25.000Z,00QP500000tuaVlMAI,NL,0127Q000000upr9QAA,Status,Not reached,Lost
2026-09-02T08:31:54.000Z,00QP500000ttj4rMAA,NL,0127Q000000upr9QAA,Status,Not reached,Mailjourney
2026-09-02T08:29:22.000Z,00QP500000txBvsMAE,NL,0127Q000000upr9QAA,Status,Not reached,Mailjourney
2026-09-02T08:27:28.000Z,00QP500000u1uHfMAI,NL,0127Q000000upr9QAA,Status,New,Mailjourney
2026-09-02T08:25:39.000Z,00QP500000tl1x7MAA,NL,0127Q000000upr9QAA,Status,Re-entered - Phone Number Changed,Not reached
2026-09-02T08:22:45.000Z,00QP500000si6p5MAA,NL,0127Q000000upr9QAA,Status,Lost,Appointment
2026-09-02T08:21:10.000Z,00QP500000u1krmMAA,NL,0127Q000000upr9QAA,Status,New,Not Qualified
2026-09-02T08:15:55.000Z,00QP500000tx9J7MAI,NL,0127Q000000upr9QAA,Status,Re-entered - Phone Number Changed,Appointment
2026-09-02T08:15:21.000Z,00QQD00000PlksE2AR,NL,0127Q000000upr9QAA,Status,Follow-up,Appointment
2026-09-02T08:08:16.000Z,00QP500000tz537MAA,NL,0127Q000000upr9QAA,Status,New,Not reached
2026-09-02T08:05:38.000Z,00QP500000u09j2MAA,NL,0127Q000000upr9QAA,Status,New,Appointment
2026-09-02T08:05:26.000Z,00QP500000tTfo5MAC,BE,0127Q000000eERIQA2,Status,Mailjourney,Appointment
2026-09-02T08:02:04.000Z,00QP500000u1qkKMAQ,NL,0127Q000000upr9QAA,Status,New,Not reached
2026-09-02T08:01:43.000Z,00QP500000tvuFVMAY,NL,0127Q000000upr9QAA,Status,Not reached,Mailjourney
2026-09-02T08:01:41.000Z,00QP500000tyhqPMAQ,NL,0127Q000000upr9QAA,Status,New,Appointment
2026-09-02T08:00:55.000Z,00QP500000tMLffMAG,NL,0127Q000000upr9QAA,Status,Follow-up,Appointment
2026-09-02T08:00:43.000Z,00QP500000tvI73MAE,NL,0127Q000000upr9QAA,Status,Not reached,Follow-up
2026-09-02T07:59:22.000Z,00QP500000tzfmZMAQ,NL,0127Q000000upr9QAA,Status,New,Lost
2026-09-02T07:58:28.000Z,00QP500000tuV7yMAE,NL,0127Q000000upr9QAA,Status,Not reached,Follow-up
2026-09-02T07:56:11.000Z,00QP500000tsMwlMAE,NL,0127Q000000upr9QAA,Status,Not reached,Mailjourney
2026-09-02T07:54:30.000Z,00QP500000tsSyvMAE,NL,0127Q000000upr9QAA,Status,Not reached,Mailjourney
2026-09-02T07:53:16.000Z,00QP500000tsZlvMAE,NL,0127Q000000upr9QAA,Status,Not reached,Mailjourney
2026-09-02T07:52:53.000Z,00QQD00000ZFMzo2AH,BE,0127Q000000eERIQA2,Status,Not reached,Appointment
2026-09-02T07:52:48.000Z,00QP500000u02snMAA,NL,0127Q000000upr9QAA,Status,New,Not reached
2026-09-02T07:48:41.000Z,00QP500000tzBOkMAM,NL,0127Q000000upr9QAA,Status,New,Mailjourney
2026-09-02T07:48:09.000Z,00QP500000u05NdMAI,NL,0127Q000000upr9QAA,Status,New,Appointment
2026-09-02T07:46:57.000Z,00QP500000tzBOlMAM,NL,0127Q000000upr9QAA,Status,New,Not reached
2026-09-02T07:46:17.000Z,00QP500000tl1x7MAA,NL,0127Q000000upr9QAA,Status,Mailjourney,Re-entered - Phone Number Changed
2026-09-02T07:44:49.000Z,00QP500000tzDIPMA2,NL,0127Q000000upr9QAA,Status,New,Follow-up
2026-09-02T07:42:45.000Z,00QP500000tzwkAMAQ,NL,0127Q000000upr9QAA,Status,New,Not reached
2026-09-02T07:41:18.000Z,00QP500000tzuvHMAQ,NL,0127Q000000upr9QAA,Status,New,Not reached
2026-09-02T07:39:43.000Z,00QP500000txNvNMAU,NL,0127Q000000upr9QAA,Status,Not reached,Mailjourney
2026-09-02T07:36:57.000Z,00QP500000tuBdqMAE,NL,0127Q000000upr9QAA,Status,Not reached,Mailjourney
2026-09-02T07:35:46.000Z,00QP500000trDx7MAE,NL,0127Q000000upr9QAA,Status,Follow-up,Mailjourney
2026-09-02T07:35:38.000Z,00QP500000trDx7MAE,NL,0127Q000000upr9QAA,Status,Not reached,Follow-up
2026-09-02T07:34:02.000Z,00QQD00000dmjHJ2AY,BE,0127Q000000eERIQA2,Status,Re-entered,Not reached
2026-09-02T07:33:45.000Z,00QQD00000d7c5J2AQ,NL,0127Q000000upr9QAA,Status,Re-entered,Not reached
2026-09-02T07:32:58.000Z,00QQD00000ZFKNn2AP,BE,0127Q000000eERIQA2,Status,Re-entered,Appointment
2026-09-02T07:32:31.000Z,00QP500000tzvmUMAQ,NL,0127Q000000upr9QAA,Status,New,Not reached
2026-09-02T07:32:28.000Z,00QQD00000AQ2c12AD,NL,0127Q000000upr9QAA,Status,Not reached,Mailjourney
2026-09-02T07:31:28.000Z,00QQD00000AQ2c12AD,NL,0127Q000000upr9QAA,Status,Re-entered,Not reached
2026-09-02T07:30:26.000Z,00QQD00000APx9F2AT,NL,0127Q000000upr9QAA,Status,Re-entered,Not Qualified
2026-09-02T07:30:20.000Z,00QQD00000ZRxUT2A1,BE,0127Q000000eERIQA2,Status,Re-entered,Appointment
2026-09-02T07:29:54.000Z,00QP500000tzpxBMAQ,NL,0127Q000000upr9QAA,Status,New,Not reached
2026-09-02T07:29:26.000Z,00QP500000u1SQDMA2,NL,0127Q000000upr9QAA,Status,New,Mailjourney
2026-09-02T07:26:32.000Z,00QQD00000AQWRb2AP,NL,0127Q000000upr9QAA,Status,Converted Old SF,Appointment
2026-09-02T07:25:20.000Z,00QQD00000ZGejn2AD,BE,0127Q000000eERIQA2,Status,Re-entered,Not reached
2026-09-02T07:22:45.000Z,00QP500000u0y5dMAA,NL,0127Q000000upr9QAA,Status,New,Not reached
2026-09-02T07:22:42.000Z,00QP500000tzisUMAQ,BE,0127Q000000eERIQA2,Status,New,Not Qualified
2026-09-02T07:21:46.000Z,00QP500000tYbyWMAS,BE,0127Q000000eERIQA2,Status,Not Qualified,Mailjourney
2026-09-02T07:19:12.000Z,00QP500000tzFKEMA2,BE,0127Q000000eERIQA2,Status,New,Appointment
2026-09-02T07:14:35.000Z,00QP500000tpPPhMAM,BE,0127Q000000eERIQA2,Status,Follow-up,Not reached
2026-09-02T07:12:27.000Z,00QP500000tz2rfMAA,BE,0127Q000000eERIQA2,Status,New,Not reached
2026-09-02T07:10:38.000Z,00QQD00000bSx1V2AS,BE,0127Q000000eERIQA2,Status,Re-entered,Not Qualified
2026-09-02T07:01:57.000Z,00QQD00000Us2Mv2AJ,NL,0127Q000000upr9QAA,Status,Mailjourney,Follow-up
2026-09-02T06:59:12.000Z,00QP500000tyYFFMA2,NL,0127Q000000upr9QAA,Status,Not reached,Mailjourney
2026-09-02T06:55:57.000Z,00QQD00000ZGFKl2AP,BE,0127Q000000eERIQA2,Status,Re-entered,Follow-up
2026-09-02T06:29:49.000Z,00QP500000qhcorMAA,BE,0127Q000000eERIQA2,Status,Re-entered,Mailjourney
2026-09-02T06:19:54.000Z,00QQD00000ZGdX92AL,BE,0127Q000000eERIQA2,Status,Mailjourney,Follow-up
2026-09-02T06:02:03.000Z,00QP500000tM9kxMAC,IT,012QD000002ylcPYAQ,Status,New,Not Qualified
2026-09-02T06:02:03.000Z,00QP500000tM9l3MAC,IT,012QD000002ylcPYAQ,Status,New,Not Qualified
2026-09-02T06:02:03.000Z,00QP500000tM9l2MAC,FR,012QD000002ylXZYAY,Status,New,Mailjourney
2026-09-02T06:02:03.000Z,00QP500000tM9kwMAC,FR,012QD000002ylXZYAY,Status,New,Mailjourney
2026-09-02T06:00:44.000Z,00QP500000tzA9JMAU,NL,0127Q000000upr9QAA,Status,New,Not Qualified
2026-09-02T05:54:11.000Z,00QQD00000dmjHJ2AY,BE,0127Q000000eERIQA2,Status,Mailjourney,Re-entered
2026-09-01T18:59:55.000Z,00QQD00000ZFKNn2AP,BE,0127Q000000eERIQA2,Status,Converted Old SF,Re-entered
2026-09-01T18:55:12.000Z,00QQD00000bSx1V2AS,BE,0127Q000000eERIQA2,Status,Not Qualified,Re-entered
2026-09-01T18:30:51.000Z,00QQD00000ZGejn2AD,BE,0127Q000000eERIQA2,Status,Mailjourney,Re-entered
2026-09-01T17:41:56.000Z,00QP500000qhcorMAA,BE,0127Q000000eERIQA2,Status,Mailjourney,Re-entered
2026-09-01T17:11:09.000Z,00QQD00000ZGFKl2AP,BE,0127Q000000eERIQA2,Status,Mailjourney,Re-entered
2026-09-01T16:05:09.000Z,00QQD00000ZRxUT2A1,BE,0127Q000000eERIQA2,Status,Mailjourney,Re-entered
2026-09-01T15:48:57.000Z,00QQD00000d7c5J2AQ,NL,0127Q000000upr9QAA,Status,Mailjourney,Re-entered
2026-09-01T15:37:30.000Z,00QP500000tx9J7MAI,NL,0127Q000000upr9QAA,Status,Not reached,Re-entered - Phone Number Changed
2026-09-01T15:28:58.000Z,00QQD00000APx9F2AT,NL,0127Q000000upr9QAA,Status,Not Qualified,Re-entered
2026-09-01T15:15:17.000Z,00QQD00000bSx1V2AS,BE,0127Q000000eERIQA2,Status,Re-entered,Not Qualified
2026-09-01T15:14:04.000Z,00QP500000tyfF8MAI,BE,0127Q000000eERIQA2,Status,New,Not reached
2026-09-01T15:14:00.000Z,00QQD00000bSx1V2AS,BE,0127Q000000eERIQA2,Status,Not Qualified,Re-entered
2026-09-01T15:11:49.000Z,00QP500000tRfU2MAK,BE,0127Q000000eERIQA2,Status,Follow-up,Mailjourney
2026-09-01T15:05:40.000Z,00QQD00000c9Y4b2AE,BE,0127Q000000eERIQA2,Status,Follow-up,Mailjourney
2026-09-01T14:57:03.000Z,00QP500000tA0YZMA0,BE,0127Q000000eERIQA2,Status,Follow-up,Not Qualified
2026-09-01T14:55:57.000Z,00QP500000txWNbMAM,BE,0127Q000000eERIQA2,Status,New,Not Qualified
2026-09-01T14:54:28.000Z,00QP500000tyYFFMA2,NL,0127Q000000upr9QAA,Status,New,Not reached
2026-09-01T14:52:33.000Z,00QP500000tyeR7MAI,NL,0127Q000000upr9QAA,Status,New,Not reached
2026-09-01T14:52:28.000Z,00QP500000txpN4MAI,NL,0127Q000000upr9QAA,Status,New,Not reached
2026-09-01T14:50:58.000Z,00QQD00000AQ2c12AD,NL,0127Q000000upr9QAA,Status,Follow-up,Re-entered
2026-09-01T14:49:22.000Z,00QP500000tx9J7MAI,NL,0127Q000000upr9QAA,Status,New,Not reached
2026-09-01T14:47:38.000Z,00QP500000t2MZWMA2,BE,0127Q000000eERIQA2,Status,Brochure,Follow-up
2026-09-01T14:47:32.000Z,00QP500000t2MZWMA2,BE,0127Q000000eERIQA2,Status,Follow-up,Brochure
2026-09-01T14:47:07.000Z,00QP500000txDhfMAE,BE,0127Q000000eERIQA2,Status,Not reached,Appointment
2026-09-01T14:46:54.000Z,00QP500000rVmhnMAC,NL,0127Q000000upr9QAA,Status,Not reached,Appointment
2026-09-01T14:43:06.000Z,00QP500000t19MYMAY,BE,0127Q000000eERIQA2,Status,Follow-up,Mailjourney
2026-09-01T14:42:32.000Z,00QQD00000ZGxho2AD,BE,0127Q000000eERIQA2,Status,Follow-up,Appointment
2026-09-01T14:41:31.000Z,00QP500000rhYCnMAM,BE,0127Q000000eERIQA2,Status,Follow-up,Mailjourney
2026-09-01T14:40:23.000Z,00QQD00000S90YY2AZ,NL,0127Q000000upr9QAA,Status,New,Not Qualified
2026-09-01T14:39:30.000Z,00QQD00000S8ssl2AB,NL,0127Q000000upr9QAA,Status,New,Not Qualified
2026-09-01T14:36:49.000Z,00QP500000rVmhnMAC,NL,0127Q000000upr9QAA,Status,Re-entered,Not reached
2026-09-01T14:34:34.000Z,00QQD00000ZGorI2AT,BE,0127Q000000eERIQA2,Status,Follow-up,Mailjourney
2026-09-01T14:34:16.000Z,00QP500000tyLl3MAE,NL,0127Q000000upr9QAA,Status,New,Mailjourney
2026-09-01T14:27:02.000Z,00QP500000tOC5CMAW,BE,0127Q000000eERIQA2,Status,Follow-up,Mailjourney
2026-09-01T14:26:04.000Z,00QP500000ty4x7MAA,NL,0127Q000000upr9QAA,Status,New,Not Qualified
2026-09-01T14:25:45.000Z,00QP500000tyHXnMAM,BE,0127Q000000eERIQA2,Status,New,Appointment
2026-09-01T14:23:24.000Z,00QP500000ty837MAA,NL,0127Q000000upr9QAA,Status,New,Mailjourney
2026-09-01T14:22:43.000Z,00QP500000txBROMA2,NL,0127Q000000upr9QAA,Status,New,Mailjourney
2026-09-01T14:22:40.000Z,00QP500000tFp0wMAC,BE,0127Q000000eERIQA2,Status,Follow-up,Mailjourney
2026-09-01T14:20:56.000Z,00QP500000txiv0MAA,BE,0127Q000000eERIQA2,Status,New,Appointment
2026-09-01T14:19:53.000Z,00QP500000t5a85MAA,BE,0127Q000000eERIQA2,Status,Follow-up,Mailjourney
2026-09-01T14:18:55.000Z,00QP500000siAPcMAM,BE,0127Q000000eERIQA2,Status,Follow-up,Mailjourney
2026-09-01T14:17:16.000Z,00QQD00000cIjVS2A0,BE,0127Q000000eERIQA2,Status,Follow-up,Lost
2026-09-01T14:16:45.000Z,00QP500000txuPuMAI,BE,0127Q000000eERIQA2,Status,New,Appointment
2026-09-01T14:15:53.000Z,00QP500000txBvsMAE,NL,0127Q000000upr9QAA,Status,New,Not reached
2026-09-01T14:15:16.000Z,00QQD00000ZGdX92AL,BE,0127Q000000eERIQA2,Status,Follow-up,Mailjourney
2026-09-01T14:15:00.000Z,00QP500000rVmhnMAC,NL,0127Q000000upr9QAA,Status,Mailjourney,Re-entered
2026-09-01T14:12:44.000Z,00QP500000tyOHWMA2,NL,0127Q000000upr9QAA,Status,New,Follow-up
2026-09-01T14:10:44.000Z,00QP500000ty3oDMAQ,NL,0127Q000000upr9QAA,Status,New,Appointment
2026-09-01T14:08:30.000Z,00QP500000tCALlMAO,BE,0127Q000000eERIQA2,Status,Follow-up,Mailjourney
2026-09-01T14:07:15.000Z,00QP500000tl1AfMAI,BE,0127Q000000eERIQA2,Status,Follow-up,Appointment
2026-09-01T14:06:52.000Z,00QP500000txauQMAQ,BE,0127Q000000eERIQA2,Status,New,Not reached
2026-09-01T14:06:31.000Z,00QP500000rfzM5MAI,BE,0127Q000000eERIQA2,Status,Follow-up,Mailjourney
2026-09-01T14:05:22.000Z,00QP500000ty4U5MAI,NL,0127Q000000upr9QAA,Status,New,Brochure
2026-09-01T14:04:16.000Z,00QP500000txDhfMAE,BE,0127Q000000eERIQA2,Status,New,Not reached
2026-09-01T13:59:46.000Z,00QP500000rW79VMAS,BE,0127Q000000eERIQA2,Status,Re-entered,Follow-up
2026-09-01T13:51:08.000Z,00QP500000ty9rxMAA,BE,0127Q000000eERIQA2,Status,New,Appointment
2026-09-01T13:50:44.000Z,00QP500000txHmkMAE,NL,0127Q000000upr9QAA,Status,New,Mailjourney
2026-09-01T13:48:59.000Z,00QP500000tvHcRMAU,NL,0127Q000000upr9QAA,Status,Not reached,Mailjourney
2026-09-01T13:47:50.000Z,00QP500000ty22TMAQ,NL,0127Q000000upr9QAA,Status,New,Not reached
2026-09-01T13:47:04.000Z,00QP500000tdZcXMAU,BE,0127Q000000eERIQA2,Status,Not reached,Appointment
2026-09-01T13:47:02.000Z,00QQD00000AQb082AD,NL,0127Q000000upr9QAA,Status,Re-entered,Mailjourney
2026-09-01T13:46:29.000Z,00QQD00000EBcBZ2A1,NL,0127Q000000upr9QAA,Status,Lost,Appointment
2026-09-01T13:46:05.000Z,00QP500000twazWMAQ,NL,0127Q000000upr9QAA,Status,New,Not Qualified
2026-09-01T13:43:07.000Z,00QP500000txSeyMAE,NL,0127Q000000upr9QAA,Status,New,Not reached
2026-09-01T13:38:47.000Z,00QP500000twAqdMAE,BE,0127Q000000eERIQA2,Status,New,Lost
2026-09-01T13:32:42.000Z,00QP500000tMEizMAG,NL,0127Q000000upr9QAA,Status,Follow-up,Mailjourney
2026-09-01T13:30:51.000Z,00QP500000txN2dMAE,NL,0127Q000000upr9QAA,Status,New,Lost
2026-09-01T13:30:24.000Z,00QP500000sTwsvMAC,NL,0127Q000000upr9QAA,Status,Follow-up,Lost
2026-09-01T13:30:13.000Z,00QP500000txDWEMA2,NL,0127Q000000upr9QAA,Status,New,Follow-up
2026-09-01T13:27:57.000Z,00QQD00000AQb082AD,NL,0127Q000000upr9QAA,Status,Converted Old SF,Re-entered
2026-09-01T13:23:05.000Z,00QP500000rW79VMAS,BE,0127Q000000eERIQA2,Status,Mailjourney,Re-entered
2026-09-01T13:22:00.000Z,00QP500000twp0vMAA,BE,0127Q000000eERIQA2,Status,New,Follow-up
2026-09-01T13:17:56.000Z,00QP500000tmZdNMAU,NL,0127Q000000upr9QAA,Status,Brochure,Mailjourney
2026-09-01T13:17:21.000Z,00QQD00000AQHO22AP,NL,0127Q000000upr9QAA,Status,Brochure,Follow-up
2026-09-01T13:17:16.000Z,00QP500000txTJGMA2,NL,0127Q000000upr9QAA,Status,New,Appointment
2026-09-01T13:16:47.000Z,00QP500000twtu6MAA,NL,0127Q000000upr9QAA,Status,Brochure,Follow-up
2026-09-01T13:07:10.000Z,00QP500000tx9pBMAQ,NL,0127Q000000upr9QAA,Status,New,Follow-up
2026-09-01T13:06:10.000Z,00QP500000tmPHOMA2,NL,0127Q000000upr9QAA,Status,Not reached,Follow-up
2026-09-01T13:01:28.000Z,00QP500000tx9qoMAA,BE,0127Q000000eERIQA2,Status,New,Not reached
2026-09-01T13:00:50.000Z,00QP500000tvi1VMAQ,NL,0127Q000000upr9QAA,Status,New,Appointment
2026-09-01T12:59:31.000Z,00QP500000tqP14MAE,NL,0127Q000000upr9QAA,Status,Not reached,Follow-up
2026-09-01T12:58:19.000Z,00QP500000torW7MAI,NL,0127Q000000upr9QAA,Status,Not reached,Follow-up
2026-09-01T12:58:19.000Z,00QP500000tpX2IMAU,NL,0127Q000000upr9QAA,Status,Not reached,Follow-up
2026-09-01T12:56:18.000Z,00QP500000twtu6MAA,NL,0127Q000000upr9QAA,Status,New,Brochure
2026-09-01T12:53:37.000Z,00QP500000tnzsIMAQ,NL,0127Q000000upr9QAA,Status,Not reached,Lost
2026-09-01T12:50:24.000Z,00QP500000tmzRJMAY,NL,0127Q000000upr9QAA,Status,Not reached,Lost
2026-09-01T12:49:37.000Z,00QP500000twVbfMAE,NL,0127Q000000upr9QAA,Status,New,Appointment
2026-09-01T12:49:19.000Z,00QP500000txNvNMAU,NL,0127Q000000upr9QAA,Status,New,Not reached
2026-09-01T12:48:56.000Z,00QP500000tlUJ7MAM,NL,0127Q000000upr9QAA,Status,Not reached,Follow-up
2026-09-01T12:48:43.000Z,00QP500000r8AgSMAU,BE,0127Q000000eERIQA2,Status,Follow-up,Lost
2026-09-01T12:47:33.000Z,00QP500000th8sNMAQ,NL,0127Q000000upr9QAA,Status,Not reached,Follow-up
2026-09-01T12:46:52.000Z,00QP500000r5tnVMAQ,BE,0127Q000000eERIQA2,Status,Follow-up,Mailjourney
2026-09-01T12:44:21.000Z,00QP500000twQVhMAM,BE,0127Q000000eERIQA2,Status,New,Appointment
2026-09-01T12:44:01.000Z,00QQD00000AQHO22AP,NL,0127Q000000upr9QAA,Status,Not reached,Brochure
2026-09-01T12:43:17.000Z,00QP500000tiMMvMAM,NL,0127Q000000upr9QAA,Status,Not reached,Follow-up
2026-09-01T12:41:29.000Z,00QP500000twtu7MAA,NL,0127Q000000upr9QAA,Status,New,Follow-up
2026-09-01T12:40:56.000Z,00QP500000txJVLMA2,BE,0127Q000000eERIQA2,Status,New,Not Qualified
2026-09-01T12:37:52.000Z,00QP500000trfv2MAA,NL,0127Q000000upr9QAA,Status,Not reached,Mailjourney
2026-09-01T12:34:22.000Z,00QP500000tkvQDMAY,NL,0127Q000000upr9QAA,Status,Not reached,Appointment
2026-09-01T12:31:15.000Z,00QP500000tx5iLMAQ,NL,0127Q000000upr9QAA,Status,New,Not Qualified
2026-09-01T12:28:27.000Z,00QP500000tqQbSMAU,NL,0127Q000000upr9QAA,Status,Follow-up,Mailjourney
2026-09-01T12:28:03.000Z,00QP500000thDYiMAM,NL,0127Q000000upr9QAA,Status,Not reached,Follow-up
2026-09-01T12:23:32.000Z,00QP500000tx6eQMAQ,NL,0127Q000000upr9QAA,Status,New,Appointment
2026-09-01T12:23:16.000Z,00QP500000tioz7MAA,NL,0127Q000000upr9QAA,Status,Not reached,Mailjourney
2026-09-01T12:21:50.000Z,00QP500000tqQbSMAU,NL,0127Q000000upr9QAA,Status,Not reached,Follow-up
2026-09-01T12:20:03.000Z,00QP500000tvBblMAE,NL,0127Q000000upr9QAA,Status,Not reached,Appointment
2026-09-01T12:18:40.000Z,00QQD00000a359h2AA,NL,0127Q000000upr9QAA,Status,Not reached,Mailjourney
2026-09-01T12:16:33.000Z,00QP500000toi7vMAA,NL,0127Q000000upr9QAA,Status,Follow-up,Appointment
2026-09-01T12:14:53.000Z,00QP500000tup8EMAQ,NL,0127Q000000upr9QAA,Status,Not reached,Appointment
2026-09-01T12:14:40.000Z,00QP500000twgQdMAI,NL,0127Q000000upr9QAA,Status,New,Mailjourney
2026-09-01T12:14:01.000Z,00QP500000tsGxpMAE,NL,0127Q000000upr9QAA,Status,Not reached,Mailjourney
2026-09-01T12:13:05.000Z,00QP500000twj0IMAQ,NL,0127Q000000upr9QAA,Status,New,Appointment
2026-09-01T12:11:10.000Z,00QP500000tmZdNMAU,NL,0127Q000000upr9QAA,Status,Not reached,Brochure
2026-09-01T12:09:41.000Z,00QP500000tfBHdMAM,NL,0127Q000000upr9QAA,Status,Not reached,Follow-up
2026-09-01T12:08:54.000Z,00QP500000tu0aLMAQ,NL,0127Q000000upr9QAA,Status,Not reached,Follow-up
2026-09-01T12:08:45.000Z,00QP500000tu2kHMAQ,NL,0127Q000000upr9QAA,Status,Follow-up,Appointment
2026-09-01T12:07:51.000Z,00QP500000tiyYgMAI,NL,0127Q000000upr9QAA,Status,Not reached,Follow-up
2026-09-01T12:05:42.000Z,00QP500000t7t6XMAQ,NL,0127Q000000upr9QAA,Status,Not reached,Mailjourney
2026-09-01T12:05:40.000Z,00QP500000tiEKaMAM,NL,0127Q000000upr9QAA,Status,Not reached,Follow-up
2026-09-01T12:04:50.000Z,00QP500000twGj3MAE,NL,0127Q000000upr9QAA,Status,Not reached,Appointment
2026-09-01T12:04:09.000Z,00QP500000twY9iMAE,NL,0127Q000000upr9QAA,Status,New,Follow-up
2026-09-01T12:03:54.000Z,00QP500000th0QCMAY,NL,0127Q000000upr9QAA,Status,Not reached,Follow-up
2026-09-01T12:02:34.000Z,00QP500000tkgxRMAQ,NL,0127Q000000upr9QAA,Status,Not reached,Follow-up
2026-09-01T11:59:41.000Z,00QQD00000dMqpV2AS,NL,0127Q000000upr9QAA,Status,Not reached,Mailjourney
2026-09-01T11:58:54.000Z,00QQD00000AQe862AD,NL,0127Q000000upr9QAA,Status,Not reached,Mailjourney
2026-09-01T11:57:52.000Z,00QP500000twuOkMAI,NL,0127Q000000upr9QAA,Status,New,Follow-up
2026-09-01T11:57:17.000Z,00QP500000tvTH0MAM,BE,0127Q000000eERIQA2,Status,Not reached,Not Qualified
2026-09-01T11:57:10.000Z,00QP500000twrQrMAI,NL,0127Q000000upr9QAA,Status,New,Lost
2026-09-01T11:56:22.000Z,00QP500000twGj3MAE,NL,0127Q000000upr9QAA,Status,New,Not reached
2026-09-01T11:55:31.000Z,00QP500000tvVAgMAM,BE,0127Q000000eERIQA2,Status,New,Appointment
2026-09-01T11:54:53.000Z,00QP500000tvaGrMAI,NL,0127Q000000upr9QAA,Status,New,Appointment
2026-09-01T11:54:20.000Z,00QP500000tplDKMAY,NL,0127Q000000upr9QAA,Status,Not reached,Follow-up
2026-09-01T11:52:53.000Z,00QP500000tqq4VMAQ,NL,0127Q000000upr9QAA,Status,Not reached,Follow-up
2026-09-01T11:50:15.000Z,00QP500000tpMy9MAE,NL,0127Q000000upr9QAA,Status,Not reached,Follow-up
2026-09-01T11:49:43.000Z,00QP500000tveCbMAI,NL,0127Q000000upr9QAA,Status,New,Not Qualified
2026-09-01T11:48:51.000Z,00QP500000tp3M0MAI,NL,0127Q000000upr9QAA,Status,Not reached,Follow-up
2026-09-01T11:45:19.000Z,00QP500000tmny2MAA,NL,0127Q000000upr9QAA,Status,Not reached,Follow-up
2026-09-01T11:43:17.000Z,00QP500000tvqqFMAQ,NL,0127Q000000upr9QAA,Status,New,Follow-up
2026-09-01T11:43:16.000Z,00QP500000tnfojMAA,NL,0127Q000000upr9QAA,Status,Not reached,Follow-up
2026-09-01T11:42:33.000Z,00QP500000tvTH0MAM,BE,0127Q000000eERIQA2,Status,New,Not reached
2026-09-01T11:37:41.000Z,00QP500000twsbRMAQ,BE,0127Q000000eERIQA2,Status,New,Appointment
2026-09-01T11:35:38.000Z,00QP500000twvizMAA,BE,0127Q000000eERIQA2,Status,New,Appointment
2026-09-01T11:30:03.000Z,00QP500000twCvkMAE,BE,0127Q000000eERIQA2,Status,New,Appointment
2026-09-01T11:29:49.000Z,00QP500000tvsNPMAY,NL,0127Q000000upr9QAA,Status,New,Mailjourney
2026-09-01T11:25:44.000Z,00QP500000twPb3MAE,BE,0127Q000000eERIQA2,Status,New,Not Qualified
2026-09-01T11:22:24.000Z,00QQD00000ZFMzo2AH,BE,0127Q000000eERIQA2,Status,Re-entered,Not reached
2026-09-01T11:22:17.000Z,00QP500000tuvQeMAI,BE,0127Q000000eERIQA2,Status,New,Mailjourney
2026-09-01T11:22:17.000Z,00QP500000twCvlMAE,NL,0127Q000000upr9QAA,Status,New,Not reached
2026-09-01T11:18:02.000Z,00QP500000tuMRCMA2,BE,0127Q000000eERIQA2,Status,New,Not reached
2026-09-01T11:15:25.000Z,00QP500000tuhDuMAI,NL,0127Q000000upr9QAA,Status,Brochure,Follow-up
2026-09-01T11:15:25.000Z,00QP500000toGRkMAM,NL,0127Q000000upr9QAA,Status,Brochure,Follow-up
2026-09-01T11:15:25.000Z,00QP500000tlcVBMAY,NL,0127Q000000upr9QAA,Status,Brochure,Follow-up
2026-09-01T11:15:05.000Z,00QP500000thyVxMAI,BE,0127Q000000eERIQA2,Status,Follow-up,Lost
2026-09-01T11:14:45.000Z,00QP500000twFocMAE,BE,0127Q000000eERIQA2,Status,New,Not reached
2026-09-01T11:10:20.000Z,00QP500000qEhoqMAC,BE,0127Q000000eERIQA2,Status,Re-entered,Mailjourney
2026-09-01T11:03:32.000Z,00QP500000tbU14MAE,BE,0127Q000000eERIQA2,Status,Not reached,Follow-up
2026-09-01T11:00:16.000Z,00QP500000tveCaMAI,NL,0127Q000000upr9QAA,Status,New,Not Qualified
2026-09-01T10:59:58.000Z,00QP500000tveCZMAY,NL,0127Q000000upr9QAA,Status,New,Not Qualified
2026-09-01T10:57:33.000Z,00QP500000tvi4hMAA,NL,0127Q000000upr9QAA,Status,New,Appointment
2026-09-01T10:45:12.000Z,00QP500000tgUN2MAM,NL,0127Q000000upr9QAA,Status,Mailjourney,Appointment
2026-09-01T10:36:59.000Z,00QP500000tvqqEMAQ,NL,0127Q000000upr9QAA,Status,New,Not Qualified
2026-09-01T10:32:34.000Z,00QQD00000dOL6T2AW,NL,0127Q000000upr9QAA,Status,Re-entered,Mailjourney
2026-09-01T10:29:44.000Z,00QQD00000ZktoX2AR,NL,0127Q000000upr9QAA,Status,Mailjourney,Appointment
2026-09-01T10:26:11.000Z,00QP500000tvHcRMAU,NL,0127Q000000upr9QAA,Status,New,Not reached
2026-09-01T10:22:57.000Z,00QQD00000ZFMzo2AH,BE,0127Q000000eERIQA2,Status,Converted Old SF,Re-entered
2026-09-01T10:15:45.000Z,00QP500000ttw8dMAA,NL,0127Q000000upr9QAA,Status,New,Mailjourney
2026-09-01T10:11:00.000Z,00QP500000tvJUUMA2,NL,0127Q000000upr9QAA,Status,Not reached,Mailjourney
2026-09-01T10:10:50.000Z,00QP500000tIJSjMAO,NL,0127Q000000upr9QAA,Status,Follow-up,Not Qualified
2026-09-01T10:10:35.000Z,00QP500000tvJUUMA2,NL,0127Q000000upr9QAA,Status,New,Not reached
2026-09-01T10:08:56.000Z,00QP500000tFHKDMA4,NL,0127Q000000upr9QAA,Status,Follow-up,Lost
2026-09-01T10:07:50.000Z,00QP500000tw4wQMAQ,BE,0127Q000000eERIQA2,Status,New,Lost
2026-09-01T10:05:46.000Z,00QP500000tlKoPMAU,BE,0127Q000000eERIQA2,Status,Not reached,Appointment
2026-09-01T10:05:15.000Z,00QQD00000dOL6T2AW,NL,0127Q000000upr9QAA,Status,Not Qualified,Re-entered
2026-09-01T09:58:40.000Z,00QP500000tvmeXMAQ,NL,0127Q000000upr9QAA,Status,New,Appointment
2026-09-01T09:58:33.000Z,00QP500000texXzMAI,BE,0127Q000000eERIQA2,Status,Not reached,Appointment
2026-09-01T09:57:30.000Z,00QP500000tvuFVMAY,NL,0127Q000000upr9QAA,Status,New,Not reached
2026-09-01T09:56:52.000Z,00QP500000tW0BkMAK,BE,0127Q000000eERIQA2,Status,Follow-up,Not Qualified
2026-09-01T09:50:40.000Z,00QP500000tvRwgMAE,BE,0127Q000000eERIQA2,Status,New,Appointment
2026-09-01T09:50:07.000Z,00QP500000tEAaxMAG,BE,0127Q000000eERIQA2,Status,Follow-up,Appointment
2026-09-01T09:49:56.000Z,00QP500000qEhoqMAC,BE,0127Q000000eERIQA2,Status,Mailjourney,Re-entered
2026-09-01T09:46:45.000Z,00QP500000qY4GCMA0,NL,0127Q000000upr9QAA,Status,Mailjourney,Appointment
2026-09-01T09:45:25.000Z,00QP500000tvX7fMAE,BE,0127Q000000eERIQA2,Status,New,Not Qualified
2026-09-01T09:41:29.000Z,00QQD00000AQYVe2AP,NL,0127Q000000upr9QAA,Status,Not reached,Not Qualified
2026-09-01T09:40:45.000Z,00QP500000tvI73MAE,NL,0127Q000000upr9QAA,Status,New,Not reached
2026-09-01T09:39:57.000Z,00QQD00000ZH00r2AD,BE,0127Q000000eERIQA2,Status,Follow-up,Mailjourney
2026-09-01T09:38:38.000Z,00QQD00000AQYVe2AP,NL,0127Q000000upr9QAA,Status,Re-entered,Not reached
2026-09-01T09:38:18.000Z,00QQD00000ZWRSM2A5,NL,0127Q000000upr9QAA,Status,Follow-up,Mailjourney
2026-09-01T09:38:05.000Z,00QP500000sbgxFMAQ,NL,0127Q000000upr9QAA,Status,Follow-up,Appointment
2026-09-01T09:36:55.000Z,00QP500000tbU14MAE,BE,0127Q000000eERIQA2,Status,Follow-up,Not reached
2026-09-01T09:36:02.000Z,00QP500000sNQ7gMAG,NL,0127Q000000upr9QAA,Status,Follow-up,Mailjourney
2026-09-01T09:35:41.000Z,00QQD00000ZGl4I2AT,BE,0127Q000000eERIQA2,Status,Not reached,Follow-up
2026-09-01T09:34:16.000Z,00QQD00000AQClF2AX,NL,0127Q000000upr9QAA,Status,Follow-up,Lost
2026-09-01T09:33:50.000Z,00QP500000tvcQfMAI,NL,0127Q000000upr9QAA,Status,New,Mailjourney
2026-09-01T09:33:27.000Z,00QP500000tnnmOMAQ,BE,0127Q000000eERIQA2,Status,Not reached,Appointment
2026-09-01T09:26:48.000Z,00QP500000tl1AfMAI,BE,0127Q000000eERIQA2,Status,Not reached,Follow-up
2026-09-01T09:22:40.000Z,00QP500000tve5uMAA,NL,0127Q000000upr9QAA,Status,New,Appointment
2026-09-01T09:22:37.000Z,00QP500000tvBjqMAE,NL,0127Q000000upr9QAA,Status,New,Mailjourney
2026-09-01T09:19:36.000Z,00QP500000tvGBdMAM,NL,0127Q000000upr9QAA,Status,New,Appointment
2026-09-01T09:19:18.000Z,00QP500000thErJMAU,BE,0127Q000000eERIQA2,Status,Follow-up,Appointment
2026-09-01T09:18:01.000Z,00QP500000tgzQzMAI,BE,0127Q000000eERIQA2,Status,Not reached,Appointment
2026-09-01T09:15:04.000Z,00QP500000tuvlVMAQ,NL,0127Q000000upr9QAA,Status,New,Appointment
2026-09-01T09:14:53.000Z,00QQD00000AQLAV2A5,NL,0127Q000000upr9QAA,Status,Re-entered,Appointment
2026-09-01T09:06:36.000Z,00QP500000tYMPqMAO,BE,0127Q000000eERIQA2,Status,Not reached,Mailjourney
2026-09-01T09:05:42.000Z,00QP500000tguNvMAI,BE,0127Q000000eERIQA2,Status,Not reached,Mailjourney
2026-09-01T09:03:25.000Z,00QP500000tkaldMAA,NL,0127Q000000upr9QAA,Status,Not reached,Mailjourney
2026-09-01T09:03:10.000Z,00QQD00000AQYVe2AP,NL,0127Q000000upr9QAA,Status,Converted Old SF,Re-entered
2026-09-01T09:01:25.000Z,00QP500000tvApRMAU,BE,0127Q000000eERIQA2,Status,New,Follow-up
2026-09-01T09:01:02.000Z,00QP500000tXhWQMA0,BE,0127Q000000eERIQA2,Status,Not reached,Follow-up
2026-09-01T09:00:22.000Z,00QP500000qsAKdMAM,NL,0127Q000000upr9QAA,Status,Follow-up,Appointment
2026-09-01T08:59:32.000Z,00QP500000tv4VRMAY,NL,0127Q000000upr9QAA,Status,New,Appointment
2026-09-01T08:59:01.000Z,00QP500000t8CagMAE,NL,0127Q000000upr9QAA,Status,Follow-up,Mailjourney
2026-09-01T08:58:14.000Z,00QP500000tvNcwMAE,NL,0127Q000000upr9QAA,Status,New,Not Qualified
2026-09-01T08:57:59.000Z,00QP500000t5T4vMAE,NL,0127Q000000upr9QAA,Status,Follow-up,Mailjourney
2026-09-01T08:57:28.000Z,00QP500000tSX7pMAG,BE,0127Q000000eERIQA2,Status,Not reached,Follow-up
2026-09-01T08:56:15.000Z,00QP500000tr59zMAA,BE,0127Q000000eERIQA2,Status,Mailjourney,Not Qualified
2026-09-01T08:56:13.000Z,00QP500000thKWsMAM,NL,0127Q000000upr9QAA,Status,Follow-up,Not Qualified
2026-09-01T08:55:50.000Z,00QP500000tr59zMAA,BE,0127Q000000eERIQA2,Status,Not reached,Mailjourney
2026-09-01T08:55:23.000Z,00QP500000t5K3HMAU,NL,0127Q000000upr9QAA,Status,Follow-up,Mailjourney
2026-09-01T08:54:43.000Z,00QP500000tRVWHMA4,NL,0127Q000000upr9QAA,Status,Follow-up,Mailjourney
2026-09-01T08:53:39.000Z,00QP500000t4xTKMAY,NL,0127Q000000upr9QAA,Status,Follow-up,Mailjourney
2026-09-01T08:52:45.000Z,00QQD00000bSx1V2AS,BE,0127Q000000eERIQA2,Status,Re-entered,Not Qualified
2026-09-01T08:51:08.000Z,00QP500000sj2jMMAQ,NL,0127Q000000upr9QAA,Status,Follow-up,Mailjourney
2026-09-01T08:50:44.000Z,00QP500000tI2ABMA0,NL,0127Q000000upr9QAA,Status,Follow-up,Mailjourney
2026-09-01T08:50:33.000Z,00QP500000tu8L1MAI,NL,0127Q000000upr9QAA,Status,New,Not reached
2026-09-01T08:50:16.000Z,00QP500000t36u4MAA,NL,0127Q000000upr9QAA,Status,Follow-up,Mailjourney
2026-09-01T08:50:14.000Z,00QP500000sgT6YMAU,NL,0127Q000000upr9QAA,Status,Follow-up,Mailjourney
2026-09-01T08:47:33.000Z,00QQD00000AQe862AD,NL,0127Q000000upr9QAA,Status,Re-entered,Not reached
2026-09-01T08:44:38.000Z,00QP500000tuZd4MAE,BE,0127Q000000eERIQA2,Status,New,Not Qualified
2026-09-01T08:44:36.000Z,00QQD00000ZFSt62AH,BE,0127Q000000eERIQA2,Status,Follow-up,Appointment
2026-09-01T08:44:05.000Z,00QP500000sJaGpMAK,NL,0127Q000000upr9QAA,Status,Mailjourney,Appointment
2026-09-01T08:43:00.000Z,00QP500000tGOmgMAG,NL,0127Q000000upr9QAA,Status,Follow-up,Mailjourney
2026-09-01T08:42:24.000Z,00QP500000tuhDuMAI,NL,0127Q000000upr9QAA,Status,New,Brochure
2026-09-01T08:41:11.000Z,00QP500000rP7r4MAC,NL,0127Q000000upr9QAA,Status,Follow-up,Mailjourney
2026-09-01T08:40:19.000Z,00QP500000rIqCyMAK,NL,0127Q000000upr9QAA,Status,Follow-up,Mailjourney
2026-09-01T08:40:14.000Z,00QQD00000dQnLD2A0,NL,0127Q000000upr9QAA,Status,Follow-up,Mailjourney
2026-09-01T08:38:45.000Z,00QP500000tvBblMAE,NL,0127Q000000upr9QAA,Status,New,Not reached
2026-09-01T08:36:53.000Z,00QP500000tqq4UMAQ,NL,0127Q000000upr9QAA,Status,Not reached,Appointment
2026-09-01T08:35:16.000Z,00QP500000tugMfMAI,NL,0127Q000000upr9QAA,Status,New,Mailjourney
2026-09-01T08:34:25.000Z,00QP500000tup8EMAQ,NL,0127Q000000upr9QAA,Status,New,Not reached
2026-09-01T08:33:57.000Z,00QQD00000AQLAV2A5,NL,0127Q000000upr9QAA,Status,Not Qualified,Re-entered
2026-09-01T08:33:13.000Z,00QP500000sym97MAA,NL,0127Q000000upr9QAA,Status,Follow-up,Mailjourney
2026-09-01T08:32:58.000Z,00QP500000tuaVlMAI,NL,0127Q000000upr9QAA,Status,New,Not reached
2026-09-01T08:32:55.000Z,00QP500000teG4sMAE,BE,0127Q000000eERIQA2,Status,Not reached,Appointment
2026-09-01T08:31:15.000Z,00QP500000rNWdNMAW,NL,0127Q000000upr9QAA,Status,Follow-up,Mailjourney
2026-09-01T08:31:04.000Z,00QP500000tuMSnMAM,NL,0127Q000000upr9QAA,Status,New,Not reached
2026-09-01T08:29:43.000Z,00QQD00000LlKVT2A3,NL,0127Q000000upr9QAA,Status,Follow-up,Mailjourney
2026-09-01T08:28:23.000Z,00QP500000sH4piMAC,NL,0127Q000000upr9QAA,Status,Follow-up,Mailjourney
2026-09-01T08:27:03.000Z,00QP500000tvBNFMA2,NL,0127Q000000upr9QAA,Status,New,Appointment
2026-09-01T08:26:47.000Z,00QP500000tDyczMAC,NL,0127Q000000upr9QAA,Status,Follow-up,Mailjourney
2026-09-01T08:26:38.000Z,00QP500000tlcVBMAY,NL,0127Q000000upr9QAA,Status,Not reached,Brochure
2026-09-01T08:26:15.000Z,00QP500000tuV7yMAE,NL,0127Q000000upr9QAA,Status,New,Not reached
2026-09-01T08:25:22.000Z,00QP500000syRKnMAM,NL,0127Q000000upr9QAA,Status,Follow-up,Mailjourney
2026-09-01T08:24:19.000Z,00QP500000tuV34MAE,NL,0127Q000000upr9QAA,Status,New,Follow-up
2026-09-01T08:23:45.000Z,00QP500000qY4GCMA0,NL,0127Q000000upr9QAA,Status,Follow-up,Mailjourney
2026-09-01T08:23:40.000Z,00QP500000tuWdTMAU,NL,0127Q000000upr9QAA,Status,New,Appointment
2026-09-01T08:23:13.000Z,00QQD00000bSx1V2AS,BE,0127Q000000eERIQA2,Status,Not Qualified,Re-entered
2026-09-01T08:22:23.000Z,00QP500000tu2XMMAY,NL,0127Q000000upr9QAA,Status,Not reached,Appointment
2026-09-01T08:21:34.000Z,00QP500000trXuFMAU,NL,0127Q000000upr9QAA,Status,Not reached,Mailjourney
2026-09-01T08:21:07.000Z,00QP500000toGRkMAM,NL,0127Q000000upr9QAA,Status,Not reached,Brochure
2026-09-01T08:19:27.000Z,00QP500000trIQZMA2,BE,0127Q000000eERIQA2,Status,Not reached,Appointment
2026-09-01T08:19:19.000Z,00QQD00000dGC3d2AG,NL,0127Q000000upr9QAA,Status,Follow-up,Lost
2026-09-01T08:16:17.000Z,00QP500000s0fbCMAQ,NL,0127Q000000upr9QAA,Status,Not reached,Mailjourney
2026-09-01T08:12:44.000Z,00QQD00000ZiReg2AF,NL,0127Q000000upr9QAA,Status,Not reached,Appointment
2026-09-01T08:12:29.000Z,00QP500000sn3iQMAQ,BE,0127Q000000eERIQA2,Status,Mailjourney,Appointment
2026-09-01T08:12:24.000Z,00QP500000tuBdqMAE,NL,0127Q000000upr9QAA,Status,New,Not reached
2026-09-01T08:11:54.000Z,00QP500000trOEDMA2,BE,0127Q000000eERIQA2,Status,New,Not reached
2026-09-01T08:11:30.000Z,00QP500000tu1hkMAA,NL,0127Q000000upr9QAA,Status,New,Appointment
2026-09-01T08:11:12.000Z,00QP500000tu2kHMAQ,NL,0127Q000000upr9QAA,Status,New,Follow-up
2026-09-01T08:10:18.000Z,00QP500000trj4AMAQ,BE,0127Q000000eERIQA2,Status,New,Not reached
2026-09-01T08:09:10.000Z,00QP500000tGFEkMAO,NL,0127Q000000upr9QAA,Status,Follow-up,Mailjourney
2026-09-01T08:07:37.000Z,00QQD00000YzgA12AJ,NL,0127Q000000upr9QAA,Status,Follow-up,Mailjourney
2026-09-01T08:06:43.000Z,00QP500000tspU9MAI,NL,0127Q000000upr9QAA,Status,Not reached,Appointment
2026-09-01T08:05:44.000Z,00QQD00000AQ0K12AL,NL,0127Q000000upr9QAA,Status,Follow-up,Mailjourney
2026-09-01T08:03:32.000Z,00QP500000thfRfMAI,BE,0127Q000000eERIQA2,Status,Re-entered - Phone Number Changed,Appointment
2026-09-01T08:02:47.000Z,00QP500000tjRqoMAE,NL,0127Q000000upr9QAA,Status,Not reached,Appointment
2026-09-01T08:02:22.000Z,00QP500000tp7XdMAI,NL,0127Q000000upr9QAA,Status,Not reached,Appointment
2026-09-01T08:01:25.000Z,00QP500000tqhnaMAA,BE,0127Q000000eERIQA2,Status,New,Not reached
2026-09-01T08:00:35.000Z,00QP500000sYkTAMA0,NL,0127Q000000upr9QAA,Status,Follow-up,Mailjourney
2026-09-01T08:00:15.000Z,00QP500000tnEjhMAE,NL,0127Q000000upr9QAA,Status,Not reached,Appointment
2026-09-01T07:59:30.000Z,00QP500000tE1UQMA0,NL,0127Q000000upr9QAA,Status,Follow-up,Mailjourney
2026-09-01T07:58:54.000Z,00QP500000tuQUnMAM,NL,0127Q000000upr9QAA,Status,New,Appointment
2026-09-01T07:57:41.000Z,00QP500000thDwrMAE,NL,0127Q000000upr9QAA,Status,Not reached,Lost
2026-09-01T07:57:36.000Z,00QP500000sRlroMAC,NL,0127Q000000upr9QAA,Status,Follow-up,Mailjourney
2026-09-01T07:57:09.000Z,00QP500000tnOWAMA2,NL,0127Q000000upr9QAA,Status,Not reached,Not Qualified
2026-09-01T07:56:32.000Z,00QP500000tlSfWMAU,NL,0127Q000000upr9QAA,Status,Not reached,Mailjourney
2026-09-01T07:55:09.000Z,00QP500000tntdHMAQ,NL,0127Q000000upr9QAA,Status,Not reached,Follow-up
2026-09-01T07:55:06.000Z,00QP500000tuQY3MAM,BE,0127Q000000eERIQA2,Status,New,Appointment
2026-09-01T07:55:05.000Z,00QP500000thxtBMAQ,NL,0127Q000000upr9QAA,Status,Not reached,Follow-up
2026-09-01T07:54:24.000Z,00QP500000ttTzNMAU,BE,0127Q000000eERIQA2,Status,Not reached,Not Qualified
2026-09-01T07:54:00.000Z,00QP500000tfrYXMAY,NL,0127Q000000upr9QAA,Status,Not reached,Mailjourney
2026-09-01T07:53:19.000Z,00QP500000r8AgSMAU,BE,0127Q000000eERIQA2,Status,Re-entered,Follow-up
2026-09-01T07:53:00.000Z,00QP500000tthB9MAI,NL,0127Q000000upr9QAA,Status,New,Not reached
2026-09-01T07:52:33.000Z,00QP500000tkRKCMA2,NL,0127Q000000upr9QAA,Status,Not reached,Lost
2026-09-01T07:52:15.000Z,00QP500000tgkUzMAI,NL,0127Q000000upr9QAA,Status,Not reached,Mailjourney
2026-09-01T07:52:06.000Z,00QP500000trRlaMAE,BE,0127Q000000eERIQA2,Status,New,Not reached
2026-09-01T07:51:54.000Z,00QP500000tu2XMMAY,NL,0127Q000000upr9QAA,Status,New,Not reached
2026-09-01T07:51:37.000Z,00QP500000tpr5rMAA,NL,0127Q000000upr9QAA,Status,Follow-up,Appointment
2026-09-01T07:51:15.000Z,00QP500000tkrEaMAI,NL,0127Q000000upr9QAA,Status,Not reached,Follow-up
2026-09-01T07:51:04.000Z,00QP500000thIVBMA2,NL,0127Q000000upr9QAA,Status,Not reached,Lost
2026-09-01T07:50:12.000Z,00QP500000ts5JBMAY,BE,0127Q000000eERIQA2,Status,New,Follow-up
2026-09-01T07:50:02.000Z,00QP500000tu1mbMAA,NL,0127Q000000upr9QAA,Status,Not reached,Mailjourney
2026-09-01T07:49:18.000Z,00QP500000tu1mbMAA,NL,0127Q000000upr9QAA,Status,New,Not reached
2026-09-01T07:48:48.000Z,00QP500000tu949MAA,NL,0127Q000000upr9QAA,Status,New,Lost
2026-09-01T07:46:41.000Z,00QP500000ttTzNMAU,BE,0127Q000000eERIQA2,Status,New,Not reached
2026-09-01T07:46:17.000Z,00QP500000tgW0bMAE,NL,0127Q000000upr9QAA,Status,Not reached,Mailjourney
2026-09-01T07:45:39.000Z,00QP500000tuWC4MAM,BE,0127Q000000eERIQA2,Status,New,Appointment
2026-09-01T07:45:19.000Z,00QP500000tk8kWMAQ,NL,0127Q000000upr9QAA,Status,Not reached,Mailjourney
2026-09-01T07:45:14.000Z,00QP500000tZCrTMAW,NL,0127Q000000upr9QAA,Status,Not reached,Mailjourney
2026-09-01T07:44:30.000Z,00QQD00000APx1k2AD,NL,0127Q000000upr9QAA,Status,Not reached,Mailjourney
2026-09-01T07:43:45.000Z,00QP500000tuLmrMAE,BE,0127Q000000eERIQA2,Status,New,Not reached
2026-09-01T07:42:36.000Z,00QP500000t7t6XMAQ,NL,0127Q000000upr9QAA,Status,Re-entered,Not reached
2026-09-01T07:42:04.000Z,00QP500000tqEFOMA2,NL,0127Q000000upr9QAA,Status,New,Appointment
2026-09-01T07:41:28.000Z,00QP500000ttqKrMAI,BE,0127Q000000eERIQA2,Status,New,Follow-up
2026-09-01T07:41:14.000Z,00QP500000tsMwlMAE,NL,0127Q000000upr9QAA,Status,New,Not reached
2026-09-01T07:40:19.000Z,00QQD00000AQHO22AP,NL,0127Q000000upr9QAA,Status,Re-entered,Not reached
2026-09-01T07:40:18.000Z,00QP500000tsEj6MAE,NL,0127Q000000upr9QAA,Status,New,Not reached
2026-09-01T07:39:52.000Z,00QP500000tsSyvMAE,NL,0127Q000000upr9QAA,Status,New,Not reached
2026-09-01T07:39:43.000Z,00QP500000tspU9MAI,NL,0127Q000000upr9QAA,Status,New,Not reached
2026-09-01T07:39:03.000Z,00QP500000tsGxpMAE,NL,0127Q000000upr9QAA,Status,New,Not reached
2026-09-01T07:39:01.000Z,00QP500000tsD0dMAE,NL,0127Q000000upr9QAA,Status,New,Appointment
2026-09-01T07:38:48.000Z,00QP500000tu0aLMAQ,NL,0127Q000000upr9QAA,Status,New,Not reached
2026-09-01T07:38:15.000Z,00QP500000tkE5BMAU,NL,0127Q000000upr9QAA,Status,Not reached,Follow-up
2026-09-01T07:38:09.000Z,00QP500000tsZlvMAE,NL,0127Q000000upr9QAA,Status,New,Not reached
2026-09-01T07:38:04.000Z,00QP500000ttj4rMAA,NL,0127Q000000upr9QAA,Status,New,Not reached
2026-09-01T07:37:30.000Z,00QP500000tioz7MAA,NL,0127Q000000upr9QAA,Status,Re-entered,Not reached
2026-09-01T07:36:01.000Z,00QQD00000R9N5t2AF,NL,0127Q000000upr9QAA,Status,Re-entered,Appointment
2026-09-01T07:35:44.000Z,00QP500000trfv2MAA,NL,0127Q000000upr9QAA,Status,New,Not reached
2026-09-01T07:35:37.000Z,00QP500000trDx7MAE,NL,0127Q000000upr9QAA,Status,New,Not reached
2026-09-01T07:35:24.000Z,00QQD00000a359h2AA,NL,0127Q000000upr9QAA,Status,Re-entered,Not reached
2026-09-01T07:34:21.000Z,00QP500000trV7dMAE,NL,0127Q000000upr9QAA,Status,New,Not reached
2026-09-01T07:34:03.000Z,00QP500000trXuFMAU,NL,0127Q000000upr9QAA,Status,New,Not reached
2026-09-01T07:33:34.000Z,00QP500000trPewMAE,NL,0127Q000000upr9QAA,Status,New,Appointment
2026-09-01T07:31:38.000Z,00QP500000ts0plMAA,NL,0127Q000000upr9QAA,Status,New,Not reached
2026-09-01T07:31:35.000Z,00QP500000tttdhMAA,NL,0127Q000000upr9QAA,Status,New,Not reached
2026-09-01T07:30:11.000Z,00QP500000ttrX3MAI,NL,0127Q000000upr9QAA,Status,New,Not reached
2026-09-01T07:29:17.000Z,00QP500000tubejMAA,BE,0127Q000000eERIQA2,Status,New,Not reached
2026-09-01T07:20:37.000Z,00QP500000tf7NdMAI,BE,0127Q000000eERIQA2,Status,Not reached,Appointment
2026-09-01T07:15:33.000Z,00QQD00000bSx1V2AS,BE,0127Q000000eERIQA2,Status,Re-entered,Not Qualified
2026-09-01T07:13:57.000Z,00QP500000trIQZMA2,BE,0127Q000000eERIQA2,Status,New,Not reached
2026-09-01T07:12:53.000Z,00QP500000tr59zMAA,BE,0127Q000000eERIQA2,Status,New,Not reached
2026-09-01T07:11:33.000Z,00QP500000tqbqGMAQ,BE,0127Q000000eERIQA2,Status,New,Not reached
2026-09-01T07:10:31.000Z,00QP500000ttJ3xMAE,BE,0127Q000000eERIQA2,Status,New,Not reached
2026-09-01T07:09:24.000Z,00QP500000trAMbMAM,BE,0127Q000000eERIQA2,Status,New,Not reached
2026-09-01T07:07:25.000Z,00QP500000tqAV6MAM,BE,0127Q000000eERIQA2,Status,Re-entered - Phone Number Changed,Appointment
2026-09-01T07:06:58.000Z,00QP500000tsEj7MAE,BE,0127Q000000eERIQA2,Status,New,Not reached
2026-09-01T07:05:15.000Z,00QP500000tsUJBMA2,BE,0127Q000000eERIQA2,Status,New,Not reached
2026-09-01T07:02:08.000Z,00QQD00000bSx1V2AS,BE,0127Q000000eERIQA2,Status,Not Qualified,Re-entered
2026-09-01T06:53:13.000Z,00QP500000tp8iEMAQ,BE,0127Q000000eERIQA2,Status,Follow-up,Appointment
2026-09-01T06:43:08.000Z,00QQD00000R9N5t2AF,NL,0127Q000000upr9QAA,Status,Lost,Re-entered
2026-09-01T06:29:36.000Z,00QP500000t5LddMAE,NL,0127Q000000upr9QAA,Status,Follow-up,Lost
2026-09-01T06:10:05.000Z,00QP500000t7t6XMAQ,NL,0127Q000000upr9QAA,Status,Mailjourney,Re-entered
2026-09-01T06:01:48.000Z,00QQD00000ZH1nm2AD,FR,012QD000002ylXZYAY,Status,Mailjourney,Re-entered
2026-09-01T06:01:48.000Z,00QP500000tE3haMAC,FR,012QD000002ylXZYAY,Status,New,Mailjourney
2026-09-01T06:01:48.000Z,00QP500000tE3hZMAS,FR,012QD000002ylXZYAY,Status,New,Mailjourney
2026-09-01T06:01:48.000Z,00QP500000tE3hXMAS,IT,012QD000002ylcPYAQ,Status,New,Lost
2026-09-01T06:01:48.000Z,00QP500000tE3hWMAS,IT,012QD000002ylcPYAQ,Status,New,Not Qualified
2026-09-01T06:00:59.000Z,00QP500000tsEKtMAM,NL,0127Q000000upr9QAA,Status,New,Not Qualified
2026-09-01T06:00:44.000Z,00QP500000tsBEvMAM,NL,0127Q000000upr9QAA,Status,New,Not Qualified
2026-08-31T17:58:03.000Z,00QQD00000AQe862AD,NL,0127Q000000upr9QAA,Status,Converted Old SF,Re-entered
2026-08-31T17:06:10.000Z,00QP500000thfRfMAI,BE,0127Q000000eERIQA2,Status,Mailjourney,Re-entered - Phone Number Changed
2026-08-31T16:15:49.000Z,00QQD00000AQHO22AP,NL,0127Q000000upr9QAA,Status,Mailjourney,Re-entered
2026-08-31T15:32:48.000Z,00QP500000tioz7MAA,NL,0127Q000000upr9QAA,Status,Follow-up,Re-entered
2026-08-31T15:08:24.000Z,00QP500000tr558MAA,BE,0127Q000000eERIQA2,Status,New,Appointment
2026-08-31T15:01:37.000Z,00QP500000tqAV6MAM,BE,0127Q000000eERIQA2,Status,Not reached,Re-entered - Phone Number Changed
2026-08-31T14:59:32.000Z,00QQD00000K3L1B2AV,NL,0127Q000000upr9QAA,Status,Follow-up,Appointment
2026-08-31T14:58:06.000Z,00QP500000tqresMAA,BE,0127Q000000eERIQA2,Status,New,Not reached
2026-08-31T14:57:58.000Z,00QP500000tioz7MAA,NL,0127Q000000upr9QAA,Status,Not reached,Follow-up
2026-08-31T14:56:36.000Z,00QP500000tr92IMAQ,BE,0127Q000000eERIQA2,Status,New,Appointment
2026-08-31T14:55:44.000Z,00QP500000tqq4UMAQ,NL,0127Q000000upr9QAA,Status,New,Not reached
2026-08-31T14:53:22.000Z,00QP500000tqq4VMAQ,NL,0127Q000000upr9QAA,Status,New,Not reached
2026-08-31T14:49:53.000Z,00QP500000tobzBMAQ,NL,0127Q000000upr9QAA,Status,Mailjourney,Appointment
2026-08-31T14:45:56.000Z,00QQD00000a359h2AA,NL,0127Q000000upr9QAA,Status,Mailjourney,Re-entered
2026-08-31T14:44:22.000Z,00QP500000tqP14MAE,NL,0127Q000000upr9QAA,Status,New,Not reached
2026-08-31T14:41:18.000Z,00QP500000tqhnZMAQ,NL,0127Q000000upr9QAA,Status,New,Not Qualified
2026-08-31T14:38:13.000Z,00QP500000tqQbSMAU,NL,0127Q000000upr9QAA,Status,New,Not reached
2026-08-31T14:38:03.000Z,00QP500000tqnkvMAA,NL,0127Q000000upr9QAA,Status,New,Mailjourney
2026-08-31T14:37:55.000Z,00QP500000r8AgSMAU,BE,0127Q000000eERIQA2,Status,Mailjourney,Re-entered
2026-08-31T14:35:18.000Z,00QP500000tqAWhMAM,NL,0127Q000000upr9QAA,Status,New,Follow-up
2026-08-31T14:32:31.000Z,00QP500000tqbgYMAQ,BE,0127Q000000eERIQA2,Status,New,Mailjourney
2026-08-31T14:31:00.000Z,00QP500000tqUwqMAE,NL,0127Q000000upr9QAA,Status,New,Not Qualified
2026-08-31T14:29:56.000Z,00QP500000tpMyAMAU,BE,0127Q000000eERIQA2,Status,New,Follow-up
2026-08-31T14:28:52.000Z,00QP500000tq49aMAA,NL,0127Q000000upr9QAA,Status,New,Not Qualified
2026-08-31T14:25:40.000Z,00QP500000tqeGDMAY,NL,0127Q000000upr9QAA,Status,New,Mailjourney
2026-08-31T14:24:58.000Z,00QP500000tpwlRMAQ,BE,0127Q000000eERIQA2,Status,New,Not reached
2026-08-31T14:24:17.000Z,00QP500000tpa50MAA,NL,0127Q000000upr9QAA,Status,New,Lost
2026-08-31T14:23:31.000Z,00QP500000tp7UQMAY,BE,0127Q000000eERIQA2,Status,New,Follow-up
2026-08-31T14:19:02.000Z,00QQD00000dhT0I2AU,NL,0127Q000000upr9QAA,Status,Follow-up,Lost
2026-08-31T14:17:50.000Z,00QQD00000dKxOr2AK,NL,0127Q000000upr9QAA,Status,Follow-up,Mailjourney
2026-08-31T14:17:04.000Z,00QP500000tda7BMAQ,NL,0127Q000000upr9QAA,Status,Follow-up,Mailjourney
2026-08-31T14:16:09.000Z,00QP500000tqHujMAE,NL,0127Q000000upr9QAA,Status,New,Mailjourney
2026-08-31T14:16:00.000Z,00QP500000tf5yYMAQ,BE,0127Q000000eERIQA2,Status,Not reached,Not Qualified
2026-08-31T14:13:50.000Z,00QP500000t2J2AMAU,NL,0127Q000000upr9QAA,Status,Follow-up,Mailjourney
2026-08-31T14:11:55.000Z,00QP500000tXW33MAG,NL,0127Q000000upr9QAA,Status,Follow-up,Appointment
2026-08-31T14:11:25.000Z,00QP500000szqsDMAQ,NL,0127Q000000upr9QAA,Status,Follow-up,Lost
2026-08-31T14:09:11.000Z,00QP500000tlBV0MAM,NL,0127Q000000upr9QAA,Status,Not reached,Appointment
2026-08-31T14:08:46.000Z,00QP500000tnKp8MAE,NL,0127Q000000upr9QAA,Status,Follow-up,Appointment
2026-08-31T14:05:43.000Z,00QP500000tqU2MMAU,NL,0127Q000000upr9QAA,Status,New,Appointment
2026-08-31T14:03:32.000Z,00QP500000te6iAMAQ,BE,0127Q000000eERIQA2,Status,Follow-up,Mailjourney
2026-08-31T14:00:40.000Z,00QQD00000AQOYl2AP,NL,0127Q000000upr9QAA,Status,Not reached,Appointment
2026-08-31T13:59:53.000Z,00QP500000sBqNdMAK,NL,0127Q000000upr9QAA,Status,Follow-up,Mailjourney
2026-08-31T13:58:53.000Z,00QP500000tipDdMAI,NL,0127Q000000upr9QAA,Status,Not reached,Not Qualified
2026-08-31T13:57:56.000Z,00QP500000tqJtJMAU,NL,0127Q000000upr9QAA,Status,New,Appointment
2026-08-31T13:57:17.000Z,00QP500000tpMy9MAE,NL,0127Q000000upr9QAA,Status,New,Not reached
2026-08-31T13:55:19.000Z,00QP500000tprXGMAY,BE,0127Q000000eERIQA2,Status,Follow-up,Appointment
2026-08-31T13:52:15.000Z,00QP500000th8sJMAQ,NL,0127Q000000upr9QAA,Status,Not reached,Lost
2026-08-31T13:48:28.000Z,00QP500000tfP1BMAU,BE,0127Q000000eERIQA2,Status,Not reached,Appointment
2026-08-31T13:44:02.000Z,00QP500000tS9nAMAS,NL,0127Q000000upr9QAA,Status,Follow-up,Mailjourney
2026-08-31T13:42:52.000Z,00QP500000tdZr5MAE,BE,0127Q000000eERIQA2,Status,Follow-up,Appointment
2026-08-31T13:41:05.000Z,00QP500000swCmTMAU,NL,0127Q000000upr9QAA,Status,Follow-up,Lost
2026-08-31T13:40:12.000Z,00QP500000tpk7cMAA,NL,0127Q000000upr9QAA,Status,Brochure,Follow-up
2026-08-31T13:40:12.000Z,00QP500000tnuSnMAI,NL,0127Q000000upr9QAA,Status,Brochure,Follow-up
2026-08-31T13:40:12.000Z,00QP500000tl4wcMAA,NL,0127Q000000upr9QAA,Status,Brochure,Follow-up
2026-08-31T13:39:40.000Z,00QP500000tab1NMAQ,BE,0127Q000000eERIQA2,Status,Not reached,Not Qualified
2026-08-31T13:38:32.000Z,00QP500000thJhJMAU,NL,0127Q000000upr9QAA,Status,Not reached,Mailjourney
2026-08-31T13:38:06.000Z,00QP500000tYQGiMAO,BE,0127Q000000eERIQA2,Status,Not reached,Mailjourney
2026-08-31T13:38:01.000Z,00QP500000tdVNeMAM,BE,0127Q000000eERIQA2,Status,Not reached,Lost
2026-08-31T13:34:54.000Z,00QP500000tqWwzMAE,NL,0127Q000000upr9QAA,Status,New,Appointment
2026-08-31T13:34:54.000Z,00QP500000tqJYMMA2,NL,0127Q000000upr9QAA,Status,New,Appointment
2026-08-31T13:33:05.000Z,00QQD00000ZH0XF2A1,BE,0127Q000000eERIQA2,Status,Brochure,Mailjourney
2026-08-31T13:32:46.000Z,00QP500000t4AlvMAE,BE,0127Q000000eERIQA2,Status,Brochure,Mailjourney
2026-08-31T13:32:13.000Z,00QP500000sUIoVMAW,BE,0127Q000000eERIQA2,Status,Brochure,Mailjourney
2026-08-31T13:31:52.000Z,00QP500000sM9lVMAS,BE,0127Q000000eERIQA2,Status,Brochure,Mailjourney
2026-08-31T13:30:42.000Z,00QP500000tqGaTMAU,NL,0127Q000000upr9QAA,Status,New,Appointment
2026-08-31T13:30:42.000Z,00QP500000tqAV6MAM,BE,0127Q000000eERIQA2,Status,New,Not reached
2026-08-31T13:30:07.000Z,00QP500000tdJpYMAU,BE,0127Q000000eERIQA2,Status,Not reached,Appointment
2026-08-31T13:28:34.000Z,00QP500000tX0T3MAK,BE,0127Q000000eERIQA2,Status,Lost,Not reached
2026-08-31T13:24:24.000Z,00QP500000thwcDMAQ,BE,0127Q000000eERIQA2,Status,Not reached,Lost
2026-08-31T13:23:15.000Z,00QP500000thfMqMAI,NL,0127Q000000upr9QAA,Status,Not reached,Lost
2026-08-31T13:21:31.000Z,00QP500000tpr5rMAA,NL,0127Q000000upr9QAA,Status,New,Follow-up
2026-08-31T13:19:45.000Z,00QP500000tqA21MAE,BE,0127Q000000eERIQA2,Status,New,Follow-up
2026-08-31T13:17:14.000Z,00QQD00000dqwPd2AI,NL,0127Q000000upr9QAA,Status,Lost,Not Qualified
2026-08-31T13:16:09.000Z,00QP500000tkEYGMA2,NL,0127Q000000upr9QAA,Status,Not reached,Lost
2026-08-31T13:16:09.000Z,00QQD00000EWkxJ2AT,NL,0127Q000000upr9QAA,Status,Mailjourney,Appointment
2026-08-31T13:16:09.000Z,00QQD00000dqwPd2AI,NL,0127Q000000upr9QAA,Status,Mailjourney,Lost
2026-08-31T13:16:06.000Z,00QP500000tppwuMAA,NL,0127Q000000upr9QAA,Status,New,Mailjourney
2026-08-31T13:13:30.000Z,00QP500000tkDInMAM,NL,0127Q000000upr9QAA,Status,Not reached,Appointment
2026-08-31T13:09:29.000Z,00QP500000tk5BXMAY,NL,0127Q000000upr9QAA,Status,Not reached,Appointment
2026-08-31T13:09:01.000Z,00QP500000tiElyMAE,NL,0127Q000000upr9QAA,Status,Not reached,Appointment
2026-08-31T13:04:14.000Z,00QP500000tqIPNMA2,BE,0127Q000000eERIQA2,Status,New,Not reached
2026-08-31T13:02:50.000Z,00QP500000tkNpyMAE,NL,0127Q000000upr9QAA,Status,Not reached,Mailjourney
2026-08-31T13:00:48.000Z,00QP500000tlCXYMA2,NL,0127Q000000upr9QAA,Status,Re-entered - Phone Number Changed,Mailjourney
2026-08-31T12:59:57.000Z,00QP500000tX0T3MAK,BE,0127Q000000eERIQA2,Status,Not reached,Lost
2026-08-31T12:59:32.000Z,00QP500000tl4wcMAA,NL,0127Q000000upr9QAA,Status,Not reached,Brochure
2026-08-31T12:59:26.000Z,00QP500000t7SmKMAU,NL,0127Q000000upr9QAA,Status,Follow-up,Lost
2026-08-31T12:58:38.000Z,00QP500000tkmRoMAI,NL,0127Q000000upr9QAA,Status,Not reached,Follow-up
2026-08-31T12:57:12.000Z,00QQD00000dCNyX2AW,NL,0127Q000000upr9QAA,Status,Mailjourney,Appointment
2026-08-31T12:56:21.000Z,00QP500000thSCgMAM,NL,0127Q000000upr9QAA,Status,Not reached,Follow-up
2026-08-31T12:56:06.000Z,00QP500000totOIMAY,BE,0127Q000000eERIQA2,Status,New,Follow-up
2026-08-31T12:54:37.000Z,00QQD00000ai9MH2AY,BE,0127Q000000eERIQA2,Status,Mailjourney,Appointment
2026-08-31T12:53:22.000Z,00QP500000toi7vMAA,NL,0127Q000000upr9QAA,Status,New,Follow-up
2026-08-31T12:53:21.000Z,00QP500000tobkgMAA,BE,0127Q000000eERIQA2,Status,New,Not Qualified
2026-08-31T12:52:31.000Z,00QP500000tplDJMAY,NL,0127Q000000upr9QAA,Status,New,Mailjourney
2026-08-31T12:51:38.000Z,00QP500000tiGChMAM,NL,0127Q000000upr9QAA,Status,Not reached,Not Qualified
2026-08-31T12:50:47.000Z,00QQD00000AQ0432AD,NL,0127Q000000upr9QAA,Status,Mailjourney,Appointment
2026-08-31T12:49:44.000Z,00QP500000tprXGMAY,BE,0127Q000000eERIQA2,Status,New,Follow-up
2026-08-31T12:49:02.000Z,00QQD00000Yn8Id2AJ,NL,0127Q000000upr9QAA,Status,Re-entered,Appointment
2026-08-31T12:48:55.000Z,00QP500000tnYiUMAU,BE,0127Q000000eERIQA2,Status,New,Not reached
2026-08-31T12:48:27.000Z,00QP500000tlCXYMA2,NL,0127Q000000upr9QAA,Status,Mailjourney,Re-entered - Phone Number Changed
2026-08-31T12:48:04.000Z,00QP500000tk5q0MAA,NL,0127Q000000upr9QAA,Status,Not reached,Follow-up
2026-08-31T12:44:31.000Z,00QP500000sRSCPMA4,NL,0127Q000000upr9QAA,Status,Follow-up,Appointment
2026-08-31T12:43:45.000Z,00QQD00000ai9MH2AY,BE,0127Q000000eERIQA2,Status,Not reached,Mailjourney
2026-08-31T12:43:07.000Z,00QP500000sSQbkMAG,NL,0127Q000000upr9QAA,Status,Follow-up,Appointment
2026-08-31T12:42:44.000Z,00QQD00000ZFSt62AH,BE,0127Q000000eERIQA2,Status,Re-entered,Follow-up
2026-08-31T12:40:28.000Z,00QP500000tq8mcMAA,BE,0127Q000000eERIQA2,Status,New,Appointment
2026-08-31T12:37:01.000Z,00QP500000tZCrTMAW,NL,0127Q000000upr9QAA,Status,Re-entered,Not reached
2026-08-31T12:36:35.000Z,00QP500000tpfELMAY,NL,0127Q000000upr9QAA,Status,New,Not Qualified
2026-08-31T12:36:18.000Z,00QP500000toTqNMAU,NL,0127Q000000upr9QAA,Status,New,Lost
2026-08-31T12:36:17.000Z,00QP500000tpk7cMAA,NL,0127Q000000upr9QAA,Status,New,Brochure
2026-08-31T12:35:17.000Z,00QP500000tpX2IMAU,NL,0127Q000000upr9QAA,Status,New,Not reached
2026-08-31T12:34:26.000Z,00QP500000tlKoPMAU,BE,0127Q000000eERIQA2,Status,Re-entered,Not reached
2026-08-31T12:33:15.000Z,00QP500000tmwd7MAA,BE,0127Q000000eERIQA2,Status,Not reached,Not Qualified
2026-08-31T12:31:56.000Z,00QP500000tplDKMAY,NL,0127Q000000upr9QAA,Status,New,Not reached
2026-08-31T12:31:16.000Z,00QP500000tTZKUMA4,BE,0127Q000000eERIQA2,Status,Re-entered,Mailjourney
2026-08-31T12:30:39.000Z,00QP500000tppnCMAQ,BE,0127Q000000eERIQA2,Status,New,Appointment
2026-08-31T12:30:25.000Z,00QP500000tiJIbMAM,NL,0127Q000000upr9QAA,Status,Not reached,Follow-up
2026-08-31T12:28:56.000Z,00QP500000s0fbCMAQ,NL,0127Q000000upr9QAA,Status,Mailjourney,Not reached
2026-08-31T12:28:38.000Z,00QP500000s0fbCMAQ,NL,0127Q000000upr9QAA,Status,Not reached,Mailjourney
2026-08-31T12:27:57.000Z,00QP500000tk3ZWMAY,BE,0127Q000000eERIQA2,Status,Re-entered,Appointment
2026-08-31T12:27:33.000Z,00QP500000toKvCMAU,NL,0127Q000000upr9QAA,Status,New,Appointment
2026-08-31T12:21:48.000Z,00QP500000r7z6hMAA,NL,0127Q000000upr9QAA,Status,Not reached,Follow-up
2026-08-31T12:21:24.000Z,00QP500000tkWJvMAM,NL,0127Q000000upr9QAA,Status,Not reached,Follow-up
2026-08-31T12:20:48.000Z,00QP500000tnmdTMAQ,NL,0127Q000000upr9QAA,Status,New,Lost
2026-08-31T12:20:07.000Z,00QP500000tnfojMAA,NL,0127Q000000upr9QAA,Status,New,Not reached
2026-08-31T12:18:14.000Z,00QP500000tmny2MAA,NL,0127Q000000upr9QAA,Status,New,Not reached
2026-08-31T12:17:10.000Z,00QP500000tp3M0MAI,NL,0127Q000000upr9QAA,Status,New,Not reached
2026-08-31T12:16:42.000Z,00QP500000tnzsIMAQ,NL,0127Q000000upr9QAA,Status,New,Not reached
2026-08-31T12:15:41.000Z,00QP500000tp7XdMAI,NL,0127Q000000upr9QAA,Status,New,Not reached
2026-08-31T12:15:24.000Z,00QP500000tnKp7MAE,NL,0127Q000000upr9QAA,Status,New,Follow-up
2026-08-31T12:14:02.000Z,00QP500000toQxLMAU,NL,0127Q000000upr9QAA,Status,New,Appointment
2026-08-31T12:12:46.000Z,00QP500000tmzRJMAY,NL,0127Q000000upr9QAA,Status,New,Not reached
2026-08-31T12:12:32.000Z,00QP500000tJ34EMAS,NL,0127Q000000upr9QAA,Status,Follow-up,Lost
2026-08-31T12:11:55.000Z,00QP500000tobzBMAQ,NL,0127Q000000upr9QAA,Status,New,Mailjourney
2026-08-31T12:08:28.000Z,00QP500000tnCekMAE,NL,0127Q000000upr9QAA,Status,New,Follow-up
2026-08-31T12:07:30.000Z,00QP500000torW7MAI,NL,0127Q000000upr9QAA,Status,New,Not reached
2026-08-31T12:06:52.000Z,00QP500000tmlmXMAQ,NL,0127Q000000upr9QAA,Status,New,Appointment
2026-08-31T12:05:55.000Z,00QP500000tawp0MAA,NL,0127Q000000upr9QAA,Status,Mailjourney,Lost
2026-08-31T12:05:43.000Z,00QP500000tkFKXMA2,NL,0127Q000000upr9QAA,Status,Re-entered - Phone Number Changed,Appointment
2026-08-31T12:04:36.000Z,00QQD00000FCV0z2AH,NL,0127Q000000upr9QAA,Status,Re-entered,Not Qualified
2026-08-31T12:00:38.000Z,00QP500000tod3PMAQ,NL,0127Q000000upr9QAA,Status,Not reached,Appointment
2026-08-31T11:56:47.000Z,00QQD00000APw0S2AT,NL,0127Q000000upr9QAA,Status,Re-entered,Mailjourney
2026-08-31T11:56:27.000Z,00QP500000tfRFtMAM,BE,0127Q000000eERIQA2,Status,Follow-up,Appointment
2026-08-31T11:54:51.000Z,00QP500000tpFOjMAM,NL,0127Q000000upr9QAA,Status,New,Appointment
2026-08-31T11:54:11.000Z,00QP500000toGRkMAM,NL,0127Q000000upr9QAA,Status,New,Not reached
2026-08-31T11:53:00.000Z,00QQD00000AQOng2AH,NL,0127Q000000upr9QAA,Status,Re-entered,Not Qualified
2026-08-31T11:52:09.000Z,00QP500000tod3PMAQ,NL,0127Q000000upr9QAA,Status,New,Not reached
2026-08-31T11:51:39.000Z,00QP500000tpe6zMAA,NL,0127Q000000upr9QAA,Status,New,Not Qualified
2026-08-31T11:50:50.000Z,00QP500000toP0NMAU,NL,0127Q000000upr9QAA,Status,New,Appointment
2026-08-31T11:48:09.000Z,00QQD00000Yn8Id2AJ,NL,0127Q000000upr9QAA,Status,Mailjourney,Re-entered
2026-08-31T11:46:04.000Z,00QP500000thyVxMAI,BE,0127Q000000eERIQA2,Status,Not reached,Follow-up
2026-08-31T11:42:15.000Z,00QP500000toSrEMAU,NL,0127Q000000upr9QAA,Status,New,Appointment
2026-08-31T11:30:42.000Z,00QP500000thftBMAQ,BE,0127Q000000eERIQA2,Status,Follow-up,Appointment
2026-08-31T11:25:25.000Z,00QP500000tiHjrMAE,NL,0127Q000000upr9QAA,Status,Follow-up,Appointment
2026-08-31T11:24:02.000Z,00QP500000tlKoPMAU,BE,0127Q000000eERIQA2,Status,Not reached,Re-entered
2026-08-31T11:20:28.000Z,00QP500000tpPPhMAM,BE,0127Q000000eERIQA2,Status,Not reached,Follow-up
2026-08-31T11:19:46.000Z,00QP500000tkFKXMA2,NL,0127Q000000upr9QAA,Status,Not reached,Re-entered - Phone Number Changed
2026-08-31T11:18:58.000Z,00QP500000tkRNUMA2,BE,0127Q000000eERIQA2,Status,Not reached,Not Qualified
2026-08-31T11:17:43.000Z,00QP500000rZqv1MAC,NL,0127Q000000upr9QAA,Status,New,Lost
2026-08-31T11:15:43.000Z,00QP500000tnuSnMAI,NL,0127Q000000upr9QAA,Status,New,Brochure
2026-08-31T11:15:14.000Z,00QP500000tpPPhMAM,BE,0127Q000000eERIQA2,Status,New,Not reached
2026-08-31T11:14:14.000Z,00QP500000th0zbMAA,BE,0127Q000000eERIQA2,Status,Follow-up,Not Qualified
2026-08-31T11:10:05.000Z,00QQD00000dsLXF2A2,NL,0127Q000000upr9QAA,Status,Mailjourney,Appointment
2026-08-31T11:08:11.000Z,00QP500000tp8iEMAQ,BE,0127Q000000eERIQA2,Status,New,Follow-up
2026-08-31T11:05:11.000Z,00QP500000tp88jMAA,NL,0127Q000000upr9QAA,Status,New,Not Qualified
2026-08-31T11:03:17.000Z,00QQD00000d9omZ2AQ,NL,0127Q000000upr9QAA,Status,Lost,Follow-up
2026-08-31T10:58:59.000Z,00QP500000tn41DMAQ,BE,0127Q000000eERIQA2,Status,New,Appointment
2026-08-31T10:58:17.000Z,00QQD00000AQMmb2AH,NL,0127Q000000upr9QAA,Status,Re-entered,Mailjourney
2026-08-31T10:51:09.000Z,00QP500000tTr1JMAS,NL,0127Q000000upr9QAA,Status,Follow-up,Lost
2026-08-31T10:50:02.000Z,00QP500000to5OEMAY,NL,0127Q000000upr9QAA,Status,New,Not Qualified
2026-08-31T10:48:46.000Z,00QQD00000AQFOf2AP,NL,0127Q000000upr9QAA,Status,Lost,Mailjourney
2026-08-31T10:48:26.000Z,00QP500000teQ7PMAU,NL,0127Q000000upr9QAA,Status,Not reached,Appointment
2026-08-31T10:40:25.000Z,00QP500000tnEjhMAE,NL,0127Q000000upr9QAA,Status,New,Not reached
2026-08-31T10:40:21.000Z,00QP500000tk3ZWMAY,BE,0127Q000000eERIQA2,Status,Mailjourney,Re-entered
2026-08-31T10:39:06.000Z,00QP500000tnCelMAE,NL,0127Q000000upr9QAA,Status,New,Appointment
2026-08-31T10:38:35.000Z,00QP500000tkRNUMA2,BE,0127Q000000eERIQA2,Status,New,Not reached
2026-08-31T10:38:33.000Z,00QQD00000dqzdh2AA,BE,0127Q000000eERIQA2,Status,Re-entered,Not Qualified
2026-08-31T10:38:16.000Z,00QP500000tmjMaMAI,NL,0127Q000000upr9QAA,Status,New,Appointment
2026-08-31T10:37:08.000Z,00QP500000thgIxMAI,BE,0127Q000000eERIQA2,Status,Not reached,Follow-up
2026-08-31T10:36:02.000Z,00QQD00000ZGpHS2A1,BE,0127Q000000eERIQA2,Status,Re-entered,Not reached
2026-08-31T10:34:30.000Z,00QP500000tmn6oMAA,NL,0127Q000000upr9QAA,Status,New,Appointment
2026-08-31T10:32:44.000Z,00QP500000tmwd7MAA,BE,0127Q000000eERIQA2,Status,New,Not reached
2026-08-31T10:31:43.000Z,00QP500000pkSf3MAE,BE,0127Q000000eERIQA2,Status,Re-entered,Not Qualified
2026-08-31T10:31:15.000Z,00QP500000tomUnMAI,NL,0127Q000000upr9QAA,Status,New,Mailjourney
2026-08-31T10:30:12.000Z,00QQD00000ZGDxd2AH,BE,0127Q000000eERIQA2,Status,Re-entered,Follow-up
2026-08-31T10:28:40.000Z,00QP500000tnOWAMA2,NL,0127Q000000upr9QAA,Status,New,Not reached
2026-08-31T10:28:35.000Z,00QP500000tp7SoMAI,NL,0127Q000000upr9QAA,Status,New,Appointment
2026-08-31T10:27:29.000Z,00QP500000toyUMMAY,NL,0127Q000000upr9QAA,Status,New,Appointment
2026-08-31T10:26:55.000Z,00QP500000tntdHMAQ,NL,0127Q000000upr9QAA,Status,New,Not reached
2026-08-31T10:26:06.000Z,00QP500000tn2FWMAY,NL,0127Q000000upr9QAA,Status,New,Follow-up
2026-08-31T10:23:27.000Z,00QP500000tornpMAA,NL,0127Q000000upr9QAA,Status,New,Appointment
2026-08-31T10:21:38.000Z,00QQD00000AQd6Z2AT,NL,0127Q000000upr9QAA,Status,Re-entered,Not Qualified
2026-08-31T10:21:09.000Z,00QP500000tZUV0MAO,BE,0127Q000000eERIQA2,Status,Not reached,Follow-up
2026-08-31T10:20:51.000Z,00QP500000rLwDmMAK,NL,0127Q000000upr9QAA,Status,Mailjourney,Appointment
2026-08-31T10:20:48.000Z,00QP500000swTgtMAE,BE,0127Q000000eERIQA2,Status,Re-entered,Mailjourney
2026-08-31T10:20:00.000Z,00QP500000to5o4MAA,BE,0127Q000000eERIQA2,Status,New,Appointment
2026-08-31T10:19:20.000Z,00QP500000tnztuMAA,NL,0127Q000000upr9QAA,Status,New,Appointment
2026-08-31T10:19:16.000Z,00QP500000te6iAMAQ,BE,0127Q000000eERIQA2,Status,New,Follow-up
2026-08-31T10:18:36.000Z,00QQD00000AQYPM2A5,NL,0127Q000000upr9QAA,Status,Re-entered,Not Qualified
2026-08-31T10:16:43.000Z,00QQD00000ZGl4I2AT,BE,0127Q000000eERIQA2,Status,Re-entered,Not reached
2026-08-31T10:15:18.000Z,00QQD00000FCV0z2AH,NL,0127Q000000upr9QAA,Status,Not Qualified,Re-entered
2026-08-31T10:15:01.000Z,00QP500000tnxnJMAQ,BE,0127Q000000eERIQA2,Status,New,Appointment
2026-08-31T10:14:27.000Z,00QP500000totRRMAY,NL,0127Q000000upr9QAA,Status,New,Appointment
2026-08-31T10:13:28.000Z,00QP500000tmZdNMAU,NL,0127Q000000upr9QAA,Status,New,Not reached
2026-08-31T10:13:02.000Z,00QP500000s4SzZMAU,NL,0127Q000000upr9QAA,Status,Follow-up,Mailjourney
2026-08-31T10:12:07.000Z,00QQD00000bSx1V2AS,BE,0127Q000000eERIQA2,Status,Re-entered,Not Qualified
2026-08-31T10:11:21.000Z,00QP500000tQtAsMAK,NL,0127Q000000upr9QAA,Status,Follow-up,Mailjourney
2026-08-31T10:10:15.000Z,00QQD00000dwS5V2AU,NL,0127Q000000upr9QAA,Status,Follow-up,Mailjourney
2026-08-31T10:10:09.000Z,00QP500000tndGfMAI,NL,0127Q000000upr9QAA,Status,New,Not Qualified
2026-08-31T10:09:02.000Z,00QP500000tkTkEMAU,BE,0127Q000000eERIQA2,Status,New,Not reached
2026-08-31T10:06:41.000Z,00QP500000tilwSMAQ,BE,0127Q000000eERIQA2,Status,New,Not reached
2026-08-31T10:05:50.000Z,00QP500000tnnmOMAQ,BE,0127Q000000eERIQA2,Status,New,Not reached
2026-08-31T10:04:59.000Z,00QP500000thuqTMAQ,NL,0127Q000000upr9QAA,Status,Brochure,Not Qualified
2026-08-31T10:04:10.000Z,00QP500000tdFfWMAU,BE,0127Q000000eERIQA2,Status,New,Follow-up
2026-08-31T10:03:52.000Z,00QP500000tlDQNMA2,NL,0127Q000000upr9QAA,Status,Brochure,Follow-up
2026-08-31T10:03:52.000Z,00QP500000tkcXGMAY,NL,0127Q000000upr9QAA,Status,Brochure,Follow-up
2026-08-31T10:03:52.000Z,00QP500000tiHjrMAE,NL,0127Q000000upr9QAA,Status,Brochure,Follow-up
2026-08-31T10:03:52.000Z,00QQD00000K3L1B2AV,NL,0127Q000000upr9QAA,Status,Brochure,Follow-up
2026-08-31T10:03:52.000Z,00QP500000tXAljMAG,NL,0127Q000000upr9QAA,Status,Brochure,Follow-up
2026-08-31T10:03:52.000Z,00QP500000tc5gZMAQ,NL,0127Q000000upr9QAA,Status,Brochure,Follow-up
2026-08-31T10:03:52.000Z,00QP500000td7BfMAI,NL,0127Q000000upr9QAA,Status,Brochure,Follow-up
2026-08-31T10:03:52.000Z,00QQD00000cy8b72AA,NL,0127Q000000upr9QAA,Status,Brochure,Follow-up
2026-08-31T10:03:52.000Z,00QP500000tkBH0MAM,NL,0127Q000000upr9QAA,Status,Brochure,Follow-up
2026-08-31T10:03:52.000Z,00QP500000thZJ2MAM,NL,0127Q000000upr9QAA,Status,Brochure,Follow-up
2026-08-31T10:03:52.000Z,00QP500000tdeAuMAI,NL,0127Q000000upr9QAA,Status,Brochure,Follow-up
2026-08-31T10:03:41.000Z,00QP500000tkLbJMAU,BE,0127Q000000eERIQA2,Status,Not reached,Appointment
2026-08-31T10:03:31.000Z,00QP500000tidu2MAA,BE,0127Q000000eERIQA2,Status,New,Lost
2026-08-31T10:00:40.000Z,00QP500000tlMgcMAE,BE,0127Q000000eERIQA2,Status,New,Appointment
2026-08-31T10:00:21.000Z,00QQD00000dMqpV2AS,NL,0127Q000000upr9QAA,Status,Re-entered,Not reached
2026-08-31T09:58:04.000Z,00QP500000tZCrTMAW,NL,0127Q000000upr9QAA,Status,Follow-up,Re-entered
2026-08-31T09:56:27.000Z,00QP500000s0fbCMAQ,NL,0127Q000000upr9QAA,Status,Re-entered,Not reached
2026-08-31T09:56:19.000Z,00QQD00000Tcm1L2AR,NL,0127Q000000upr9QAA,Status,Re-entered,Lost
2026-08-31T09:55:35.000Z,00QQD00000ZWRSM2A5,NL,0127Q000000upr9QAA,Status,Re-entered,Follow-up
2026-08-31T09:53:43.000Z,00QQD00000ZiReg2AF,NL,0127Q000000upr9QAA,Status,Re-entered,Not reached
2026-08-31T09:53:19.000Z,00QP500000tlKoPMAU,BE,0127Q000000eERIQA2,Status,New,Not reached
2026-08-31T09:51:48.000Z,00QP500000tguNvMAI,BE,0127Q000000eERIQA2,Status,New,Not reached
2026-08-31T09:51:35.000Z,00QQD00000K3L1B2AV,NL,0127Q000000upr9QAA,Status,Re-entered,Brochure
2026-08-31T09:51:16.000Z,00QP500000tmPHOMA2,NL,0127Q000000upr9QAA,Status,New,Not reached
2026-08-31T09:50:38.000Z,00QP500000tawp0MAA,NL,0127Q000000upr9QAA,Status,Follow-up,Mailjourney
2026-08-31T09:49:44.000Z,00QP500000tkLbJMAU,BE,0127Q000000eERIQA2,Status,New,Not reached
2026-08-31T09:49:23.000Z,00QP500000tkaldMAA,NL,0127Q000000upr9QAA,Status,New,Not reached
2026-08-31T09:49:22.000Z,00QP500000tki1bMAA,BE,0127Q000000eERIQA2,Status,New,Appointment
2026-08-31T09:48:54.000Z,00QP500000tjKuqMAE,BE,0127Q000000eERIQA2,Status,New,Not reached
2026-08-31T09:48:46.000Z,00QP500000tiD5AMAU,NL,0127Q000000upr9QAA,Status,New,Follow-up
2026-08-31T09:48:31.000Z,00QP500000tl5fjMAA,NL,0127Q000000upr9QAA,Status,New,Mailjourney
2026-08-31T09:47:51.000Z,00QP500000th4iLMAQ,BE,0127Q000000eERIQA2,Status,Not reached,Not Qualified
2026-08-31T09:47:18.000Z,00QQD00000AQB8e2AH,NL,0127Q000000upr9QAA,Status,Follow-up,Appointment
2026-08-31T09:46:32.000Z,00QQD00000Z33gL2AR,NL,0127Q000000upr9QAA,Status,Re-entered,Mailjourney
2026-08-31T09:46:30.000Z,00QQD00000AQYPG2A5,NL,0127Q000000upr9QAA,Status,Re-entered,Not Qualified
2026-08-31T09:45:52.000Z,00QP500000tkcXGMAY,NL,0127Q000000upr9QAA,Status,New,Brochure
2026-08-31T09:45:10.000Z,00QP500000tjvnFMAQ,NL,0127Q000000upr9QAA,Status,New,Appointment
2026-08-31T09:44:42.000Z,00QP500000tlPRWMA2,BE,0127Q000000eERIQA2,Status,New,Not reached
2026-08-31T09:44:37.000Z,00QQD00000AQXtY2AX,NL,0127Q000000upr9QAA,Status,Re-entered,Follow-up
2026-08-31T09:42:46.000Z,00QP500000th4iLMAQ,BE,0127Q000000eERIQA2,Status,New,Not reached
2026-08-31T09:41:10.000Z,00QP500000tnKp8MAE,NL,0127Q000000upr9QAA,Status,New,Follow-up
2026-08-31T09:41:08.000Z,00QP500000tf5yYMAQ,BE,0127Q000000eERIQA2,Status,New,Not reached
2026-08-31T09:40:49.000Z,00QQD00000AQ86Y2AT,NL,0127Q000000upr9QAA,Status,Re-entered,Mailjourney
2026-08-31T09:40:27.000Z,00QP500000toYzjMAE,BE,0127Q000000eERIQA2,Status,New,Appointment
2026-08-31T09:39:53.000Z,00QP500000tnqkDMAQ,BE,0127Q000000eERIQA2,Status,New,Appointment
2026-08-31T09:39:08.000Z,00QP500000tl0uZMAQ,NL,0127Q000000upr9QAA,Status,Not reached,Appointment
2026-08-31T09:38:47.000Z,00QP500000tipDdMAI,NL,0127Q000000upr9QAA,Status,New,Not reached
2026-08-31T09:38:26.000Z,00QP500000texXzMAI,BE,0127Q000000eERIQA2,Status,New,Not reached
2026-08-31T09:37:12.000Z,00QP500000tguEGMAY,BE,0127Q000000eERIQA2,Status,New,Not reached
2026-08-31T09:36:56.000Z,00QP500000tjok9MAA,NL,0127Q000000upr9QAA,Status,New,Follow-up
2026-08-31T09:35:58.000Z,00QP500000tgcpBMAQ,BE,0127Q000000eERIQA2,Status,New,Not Qualified
2026-08-31T09:32:51.000Z,00QP500000tlBefMAE,BE,0127Q000000eERIQA2,Status,New,Appointment
2026-08-31T09:32:49.000Z,00QQD00000AQcAl2AL,NL,0127Q000000upr9QAA,Status,Converted Old SF,Not Qualified
2026-08-31T09:31:54.000Z,00QP500000tg2sCMAQ,NL,0127Q000000upr9QAA,Status,New,Not Qualified
2026-08-31T09:29:30.000Z,00QP500000tl4wcMAA,NL,0127Q000000upr9QAA,Status,New,Not reached
2026-08-31T09:28:43.000Z,00QP500000th8sIMAQ,NL,0127Q000000upr9QAA,Status,New,Mailjourney
2026-08-31T09:27:44.000Z,00QP500000tfrYXMAY,NL,0127Q000000upr9QAA,Status,New,Not reached
2026-08-31T09:27:24.000Z,00QP500000tjibWMAQ,BE,0127Q000000eERIQA2,Status,New,Appointment
2026-08-31T09:26:59.000Z,00QP500000tiMMvMAM,NL,0127Q000000upr9QAA,Status,New,Not reached
2026-08-31T09:26:27.000Z,00QP500000tgW0bMAE,NL,0127Q000000upr9QAA,Status,New,Not reached
2026-08-31T09:25:48.000Z,00QP500000tgUN2MAM,NL,0127Q000000upr9QAA,Status,New,Mailjourney
2026-08-31T09:25:42.000Z,00QP500000tlVGnMAM,NL,0127Q000000upr9QAA,Status,New,Appointment
2026-08-31T09:25:28.000Z,00QP500000tkvQDMAY,NL,0127Q000000upr9QAA,Status,New,Not reached
2026-08-31T09:25:27.000Z,00QP500000tl5ZKMAY,BE,0127Q000000eERIQA2,Status,New,Not reached
2026-08-31T09:24:20.000Z,00QP500000tlBegMAE,BE,0127Q000000eERIQA2,Status,New,Follow-up
2026-08-31T09:23:57.000Z,00QP500000tgY0pMAE,NL,0127Q000000upr9QAA,Status,New,Not Qualified
2026-08-31T09:23:49.000Z,00QP500000tghgpMAA,NL,0127Q000000upr9QAA,Status,New,Appointment
2026-08-31T09:23:21.000Z,00QQD00000ZH0gP2AT,BE,0127Q000000eERIQA2,Status,Not reached,Appointment
2026-08-31T09:20:42.000Z,00QP500000thbHcMAI,NL,0127Q000000upr9QAA,Status,New,Mailjourney
2026-08-31T09:19:45.000Z,00QP500000tiEKaMAM,NL,0127Q000000upr9QAA,Status,New,Not reached
2026-08-31T09:18:43.000Z,00QP500000ti3DqMAI,NL,0127Q000000upr9QAA,Status,New,Mailjourney
2026-08-31T09:18:02.000Z,00QQD00000AQ4ER2A1,NL,0127Q000000upr9QAA,Status,Re-entered,Not Qualified
2026-08-31T09:18:02.000Z,00QP500000thDYiMAM,NL,0127Q000000upr9QAA,Status,New,Not reached
2026-08-31T09:17:24.000Z,00QP500000thgQwMAI,NL,0127Q000000upr9QAA,Status,New,Not Qualified
2026-08-31T09:16:55.000Z,00QP500000swTgtMAE,BE,0127Q000000eERIQA2,Status,Mailjourney,Re-entered
2026-08-31T09:16:32.000Z,00QP500000thTDfMAM,NL,0127Q000000upr9QAA,Status,New,Appointment
2026-08-31T09:15:35.000Z,00QP500000tl1AgMAI,NL,0127Q000000upr9QAA,Status,New,Appointment
2026-08-31T09:14:52.000Z,00QP500000thSCfMAM,BE,0127Q000000eERIQA2,Status,New,Appointment
2026-08-31T09:14:43.000Z,00QP500000tlcVBMAY,NL,0127Q000000upr9QAA,Status,New,Not reached
2026-08-31T09:13:37.000Z,00QP500000thbHdMAI,NL,0127Q000000upr9QAA,Status,New,Mailjourney
2026-08-31T09:13:28.000Z,00QP500000tgkUzMAI,NL,0127Q000000upr9QAA,Status,New,Not reached
2026-08-31T09:13:25.000Z,00QP500000tkfq7MAA,BE,0127Q000000eERIQA2,Status,Not reached,Appointment
2026-08-31T09:12:39.000Z,00QP500000th8sJMAQ,NL,0127Q000000upr9QAA,Status,New,Not reached
2026-08-31T09:11:40.000Z,00QP500000tgy0FMAQ,NL,0127Q000000upr9QAA,Status,New,Not Qualified
2026-08-31T09:11:15.000Z,00QP500000thIVBMA2,NL,0127Q000000upr9QAA,Status,New,Not reached
2026-08-31T09:11:12.000Z,00QP500000thKWsMAM,NL,0127Q000000upr9QAA,Status,New,Follow-up
2026-08-31T09:10:48.000Z,00QP500000tjARqMAM,BE,0127Q000000eERIQA2,Status,New,Not Qualified
2026-08-31T09:10:25.000Z,00QP500000tkxv4MAA,NL,0127Q000000upr9QAA,Status,New,Not Qualified
2026-08-31T09:09:31.000Z,00QP500000tIp9FMAS,NL,0127Q000000upr9QAA,Status,Follow-up,Appointment
2026-08-31T09:08:52.000Z,00QP500000tkC6dMAE,NL,0127Q000000upr9QAA,Status,New,Mailjourney
2026-08-31T09:08:13.000Z,00QP500000tiH0fMAE,BE,0127Q000000eERIQA2,Status,New,Follow-up
2026-08-31T09:07:43.000Z,00QP500000th0QCMAY,NL,0127Q000000upr9QAA,Status,New,Not reached
2026-08-31T09:07:25.000Z,00QP500000thfRfMAI,BE,0127Q000000eERIQA2,Status,New,Mailjourney
2026-08-31T09:07:23.000Z,00QP500000tkLUnMAM,NL,0127Q000000upr9QAA,Status,New,Mailjourney
2026-08-31T09:07:07.000Z,00QP500000tg27NMAQ,NL,0127Q000000upr9QAA,Status,Not reached,Not Qualified
2026-08-31T09:07:00.000Z,00QP500000tkuluMAA,NL,0127Q000000upr9QAA,Status,New,Lost
2026-08-31T09:06:38.000Z,00QP500000tg27NMAQ,NL,0127Q000000upr9QAA,Status,New,Not reached
2026-08-31T09:04:57.000Z,00QP500000tla1xMAA,NL,0127Q000000upr9QAA,Status,New,Appointment
2026-08-31T09:04:57.000Z,00QP500000thyVxMAI,BE,0127Q000000eERIQA2,Status,New,Not reached
2026-08-31T09:04:12.000Z,00QP500000t5b0sMAA,BE,0127Q000000eERIQA2,Status,Follow-up,Mailjourney
2026-08-31T09:04:09.000Z,00QQD00000AQOYl2AP,NL,0127Q000000upr9QAA,Status,Converted Old SF,Not reached
2026-08-31T09:03:55.000Z,00QP500000tjRqoMAE,NL,0127Q000000upr9QAA,Status,New,Not reached
2026-08-31T09:03:42.000Z,00QP500000tkN23MAE,NL,0127Q000000upr9QAA,Status,New,Appointment
2026-08-31T09:03:30.000Z,00QP500000thwcDMAQ,BE,0127Q000000eERIQA2,Status,New,Not reached
2026-08-31T09:02:03.000Z,00QP500000tgof3MAA,BE,0127Q000000eERIQA2,Status,New,Not reached
2026-08-31T09:01:43.000Z,00QP500000tkfq7MAA,BE,0127Q000000eERIQA2,Status,New,Not reached
2026-08-31T09:01:27.000Z,00QP500000tlSfWMAU,NL,0127Q000000upr9QAA,Status,New,Not reached
2026-08-31T09:01:16.000Z,00QP500000thRtOMAU,NL,0127Q000000upr9QAA,Status,New,Not Qualified
2026-08-31T09:00:30.000Z,00QP500000tiBHqMAM,NL,0127Q000000upr9QAA,Status,Not reached,Follow-up
2026-08-31T09:00:11.000Z,00QP500000thnH8MAI,NL,0127Q000000upr9QAA,Status,New,Appointment
2026-08-31T08:59:51.000Z,00QP500000tkV4LMAU,BE,0127Q000000eERIQA2,Status,New,Follow-up
2026-08-31T08:59:02.000Z,00QP500000tkdMvMAI,NL,0127Q000000upr9QAA,Status,New,Appointment
2026-08-31T08:57:28.000Z,00QP500000thlDjMAI,BE,0127Q000000eERIQA2,Status,Not reached,Appointment
2026-08-31T08:57:25.000Z,00QP500000thfMqMAI,NL,0127Q000000upr9QAA,Status,New,Not reached
2026-08-31T08:56:37.000Z,00QP500000tkmRoMAI,NL,0127Q000000upr9QAA,Status,New,Not reached
2026-08-31T08:56:36.000Z,00QP500000thxtBMAQ,NL,0127Q000000upr9QAA,Status,New,Not reached
2026-08-31T08:56:11.000Z,00QP500000tiBHqMAM,NL,0127Q000000upr9QAA,Status,New,Not reached
2026-08-31T08:55:32.000Z,00QP500000tkgxRMAQ,NL,0127Q000000upr9QAA,Status,New,Not reached
2026-08-31T08:55:17.000Z,00QP500000tlUJ7MAM,NL,0127Q000000upr9QAA,Status,New,Not reached
2026-08-31T08:54:56.000Z,00QP500000tkEYGMA2,NL,0127Q000000upr9QAA,Status,New,Not reached
2026-08-31T08:54:37.000Z,00QP500000tiElyMAE,NL,0127Q000000upr9QAA,Status,New,Not reached
2026-08-31T08:54:26.000Z,00QP500000tl1x7MAA,NL,0127Q000000upr9QAA,Status,Not reached,Mailjourney
2026-08-31T08:54:05.000Z,00QP500000tlBV0MAM,NL,0127Q000000upr9QAA,Status,New,Not reached
2026-08-31T08:54:03.000Z,00QP500000tkGyAMAU,BE,0127Q000000eERIQA2,Status,New,Appointment
2026-08-31T08:53:47.000Z,00QP500000tl1x7MAA,NL,0127Q000000upr9QAA,Status,New,Not reached
2026-08-31T08:53:21.000Z,00QP500000tXjEoMAK,NL,0127Q000000upr9QAA,Status,Not Qualified,Mailjourney
2026-08-31T08:53:11.000Z,00QP500000tlCkQMAU,NL,0127Q000000upr9QAA,Status,New,Follow-up
2026-08-31T08:53:06.000Z,00QP500000tkE5BMAU,NL,0127Q000000upr9QAA,Status,New,Not reached
2026-08-31T08:52:50.000Z,00QP500000tiGChMAM,NL,0127Q000000upr9QAA,Status,New,Not reached
2026-08-31T08:52:46.000Z,00QP500000tiJIbMAM,NL,0127Q000000upr9QAA,Status,New,Not reached
2026-08-31T08:52:10.000Z,00QQD00000ZGs4n2AD,BE,0127Q000000eERIQA2,Status,Re-entered,Not Qualified
2026-08-31T08:51:48.000Z,00QP500000titFdMAI,NL,0127Q000000upr9QAA,Status,New,Follow-up
2026-08-31T08:51:24.000Z,00QP500000tioz7MAA,NL,0127Q000000upr9QAA,Status,New,Not reached
2026-08-31T08:51:11.000Z,00QP500000tkEZpMAM,BE,0127Q000000eERIQA2,Status,New,Follow-up
2026-08-31T08:49:43.000Z,00QP500000tlCXYMA2,NL,0127Q000000upr9QAA,Status,New,Mailjourney
2026-08-31T08:49:31.000Z,00QP500000tkDInMAM,NL,0127Q000000upr9QAA,Status,New,Not reached
2026-08-31T08:49:25.000Z,00QP500000tiHjrMAE,NL,0127Q000000upr9QAA,Status,New,Brochure
2026-08-31T08:48:22.000Z,00QP500000thDwrMAE,NL,0127Q000000upr9QAA,Status,New,Not reached
2026-08-31T08:48:01.000Z,00QP500000tjygKMAQ,NL,0127Q000000upr9QAA,Status,New,Not Qualified
2026-08-31T08:46:47.000Z,00QP500000tjmjzMAA,NL,0127Q000000upr9QAA,Status,New,Appointment
2026-08-31T08:46:41.000Z,00QP500000tk8kWMAQ,NL,0127Q000000upr9QAA,Status,New,Not reached
2026-08-31T08:46:32.000Z,00QP500000thlDjMAI,BE,0127Q000000eERIQA2,Status,New,Not reached
2026-08-31T08:46:27.000Z,00QP500000tk3ZWMAY,BE,0127Q000000eERIQA2,Status,New,Mailjourney
2026-08-31T08:46:16.000Z,00QP500000tjresMAA,BE,0127Q000000eERIQA2,Status,New,Not reached
2026-08-31T08:45:18.000Z,00QP500000thgIxMAI,BE,0127Q000000eERIQA2,Status,New,Not reached
2026-08-31T08:45:09.000Z,00QP500000tiATpMAM,BE,0127Q000000eERIQA2,Status,New,Not reached
2026-08-31T08:45:05.000Z,00QP500000tk5pzMAA,NL,0127Q000000upr9QAA,Status,New,Mailjourney
2026-08-31T08:44:54.000Z,00QP500000tgzQzMAI,BE,0127Q000000eERIQA2,Status,New,Not reached
2026-08-31T08:44:03.000Z,00QP500000tiS5nMAE,NL,0127Q000000upr9QAA,Status,New,Appointment
2026-08-31T08:43:14.000Z,00QP500000thlDkMAI,BE,0127Q000000eERIQA2,Status,New,Appointment
2026-08-31T08:42:47.000Z,00QP500000tiIBHMA2,BE,0127Q000000eERIQA2,Status,New,Follow-up
2026-08-31T08:41:25.000Z,00QP500000tnP8vMAE,NL,0127Q000000upr9QAA,Status,New,Appointment
2026-08-31T08:41:17.000Z,00QP500000tk5q0MAA,NL,0127Q000000upr9QAA,Status,New,Not reached
2026-08-31T08:40:23.000Z,00QQD00000cdpJJ2AY,NL,0127Q000000upr9QAA,Status,Re-entered,Follow-up
2026-08-31T08:40:05.000Z,00QP500000thP8RMAU,NL,0127Q000000upr9QAA,Status,New,Appointment
2026-08-31T08:38:41.000Z,00QP500000thkERMAY,NL,0127Q000000upr9QAA,Status,New,Mailjourney
2026-08-31T08:37:25.000Z,00QP500000tkNpyMAE,NL,0127Q000000upr9QAA,Status,New,Not reached
2026-08-31T08:36:32.000Z,00QP500000thVc0MAE,NL,0127Q000000upr9QAA,Status,New,Lost
2026-08-31T08:36:08.000Z,00QP500000tiVV4MAM,NL,0127Q000000upr9QAA,Status,New,Follow-up
2026-08-31T08:34:50.000Z,00QP500000thgQxMAI,BE,0127Q000000eERIQA2,Status,Not reached,Follow-up
2026-08-31T08:34:44.000Z,00QP500000tkRKCMA2,NL,0127Q000000upr9QAA,Status,New,Not reached
2026-08-31T08:33:39.000Z,00QP500000th8sNMAQ,NL,0127Q000000upr9QAA,Status,New,Not reached
2026-08-31T08:33:07.000Z,00QP500000tgzx7MAA,NL,0127Q000000upr9QAA,Status,New,Appointment
2026-08-31T08:32:41.000Z,00QP500000tiyYgMAI,NL,0127Q000000upr9QAA,Status,New,Not reached
2026-08-31T08:32:21.000Z,00QP500000tjvtlMAA,NL,0127Q000000upr9QAA,Status,New,Appointment
2026-08-31T08:32:03.000Z,00QP500000th1sQMAQ,NL,0127Q000000upr9QAA,Status,New,Not Qualified
2026-08-31T08:31:45.000Z,00QP500000tcbEzMAI,BE,0127Q000000eERIQA2,Status,Follow-up,Appointment
2026-08-31T08:30:33.000Z,00QQD00000AQbgr2AD,NL,0127Q000000upr9QAA,Status,Re-entered,Appointment
2026-08-31T08:30:00.000Z,00QP500000thLrJMAU,BE,0127Q000000eERIQA2,Status,New,Not reached
2026-08-31T08:28:00.000Z,00QQD00000TN4lO2AT,NL,0127Q000000upr9QAA,Status,Not Qualified,Mailjourney
2026-08-31T08:26:32.000Z,00QP500000tfxyvMAA,NL,0127Q000000upr9QAA,Status,New,Mailjourney
2026-08-31T08:25:48.000Z,00QP500000thgQxMAI,BE,0127Q000000eERIQA2,Status,New,Not reached
2026-08-31T08:22:17.000Z,00QQD00000AQc8R2AT,NL,0127Q000000upr9QAA,Status,Converted Old SF,Not Qualified
2026-08-31T08:22:13.000Z,00QP500000tiMWcMAM,NL,0127Q000000upr9QAA,Status,Not reached,Not Qualified
2026-08-31T08:22:01.000Z,00QP500000tiVV3MAM,NL,0127Q000000upr9QAA,Status,New,Appointment
2026-08-31T08:21:58.000Z,00QP500000tiMWcMAM,NL,0127Q000000upr9QAA,Status,New,Not reached
2026-08-31T08:21:32.000Z,00QP500000tkDp4MAE,NL,0127Q000000upr9QAA,Status,New,Appointment
2026-08-31T08:21:00.000Z,00QP500000tgJMpMAM,NL,0127Q000000upr9QAA,Status,New,Appointment
2026-08-31T08:20:47.000Z,00QP500000tipAQMAY,NL,0127Q000000upr9QAA,Status,New,Not Qualified
2026-08-31T08:20:04.000Z,00QP500000ti7ChMAI,NL,0127Q000000upr9QAA,Status,New,Appointment
2026-08-31T08:19:49.000Z,00QP500000th1qqMAA,NL,0127Q000000upr9QAA,Status,New,Appointment
2026-08-31T08:19:31.000Z,00QP500000th0zbMAA,BE,0127Q000000eERIQA2,Status,New,Follow-up
2026-08-31T08:19:28.000Z,00QP500000qZ1uXMAS,NL,0127Q000000upr9QAA,Status,Lost,Appointment
2026-08-31T08:19:15.000Z,00QP500000tdVNeMAM,BE,0127Q000000eERIQA2,Status,New,Not reached
2026-08-31T08:18:43.000Z,00QP500000thErJMAU,BE,0127Q000000eERIQA2,Status,New,Follow-up
2026-08-31T08:17:51.000Z,00QQD00000ai9MH2AY,BE,0127Q000000eERIQA2,Status,Mailjourney,Not reached
2026-08-31T08:17:49.000Z,00QP500000thftBMAQ,BE,0127Q000000eERIQA2,Status,New,Follow-up
2026-08-31T08:15:52.000Z,00QQD00000ai9MH2AY,BE,0127Q000000eERIQA2,Status,Brochure,Mailjourney
2026-08-31T08:15:31.000Z,00QP500000tk5BXMAY,NL,0127Q000000upr9QAA,Status,New,Not reached
2026-08-31T08:15:02.000Z,00QQD00000ai9MH2AY,BE,0127Q000000eERIQA2,Status,Mailjourney,Brochure
2026-08-31T08:14:56.000Z,00QP500000tfGHLMA2,NL,0127Q000000upr9QAA,Status,New,Not Qualified
2026-08-31T08:14:20.000Z,00QP500000tkrEaMAI,NL,0127Q000000upr9QAA,Status,New,Not reached
2026-08-31T08:14:03.000Z,00QP500000tfBHcMAM,NL,0127Q000000upr9QAA,Status,New,Appointment
2026-08-31T08:14:01.000Z,00QP500000tkFKXMA2,NL,0127Q000000upr9QAA,Status,New,Not reached
2026-08-31T08:13:37.000Z,00QP500000th5mRMAQ,BE,0127Q000000eERIQA2,Status,New,Not reached
2026-08-31T08:13:04.000Z,00QP500000sas9GMAQ,BE,0127Q000000eERIQA2,Status,Re-entered,Not Qualified
2026-08-31T08:12:16.000Z,00QP500000thgAxMAI,NL,0127Q000000upr9QAA,Status,New,Appointment
2026-08-31T08:12:04.000Z,00QP500000tkLptMAE,NL,0127Q000000upr9QAA,Status,New,Lost
2026-08-31T08:11:34.000Z,00QP500000tfRFtMAM,BE,0127Q000000eERIQA2,Status,New,Follow-up
2026-08-31T08:10:49.000Z,00QP500000tfP1BMAU,BE,0127Q000000eERIQA2,Status,New,Not reached
2026-08-31T08:09:51.000Z,00QP500000tgrEnMAI,BE,0127Q000000eERIQA2,Status,New,Lost
2026-08-31T08:08:49.000Z,00QP500000thHqjMAE,NL,0127Q000000upr9QAA,Status,New,Appointment
2026-08-31T08:07:09.000Z,00QP500000teoXtMAI,BE,0127Q000000eERIQA2,Status,New,Appointment
2026-08-31T08:06:35.000Z,00QP500000tkh5ZMAQ,NL,0127Q000000upr9QAA,Status,New,Appointment
2026-08-31T08:06:29.000Z,00QP500000tneJBMAY,BE,0127Q000000eERIQA2,Status,New,Appointment
2026-08-31T08:06:01.000Z,00QQD00000APyPF2A1,NL,0127Q000000upr9QAA,Status,Mailjourney,Appointment
2026-08-31T08:05:49.000Z,00QP500000tgncaMAA,BE,0127Q000000eERIQA2,Status,New,Mailjourney
2026-08-31T08:02:28.000Z,00QP500000thJhJMAU,NL,0127Q000000upr9QAA,Status,New,Not reached
2026-08-31T08:01:50.000Z,00QP500000tl0uZMAQ,NL,0127Q000000upr9QAA,Status,New,Not reached
2026-08-31T08:01:45.000Z,00QP500000ti9RJMAY,NL,0127Q000000upr9QAA,Status,New,Mailjourney
2026-08-31T08:01:19.000Z,00QP500000thuqTMAQ,NL,0127Q000000upr9QAA,Status,New,Brochure
2026-08-31T08:00:16.000Z,00QP500000tkX6GMAU,NL,0127Q000000upr9QAA,Status,New,Appointment
2026-08-31T08:00:14.000Z,00QP500000tkvoTMAQ,NL,0127Q000000upr9QAA,Status,New,Lost
2026-08-31T08:00:02.000Z,00QP500000tiSiUMAU,NL,0127Q000000upr9QAA,Status,New,Appointment
2026-08-31T07:59:48.000Z,00QP500000tnJl0MAE,NL,0127Q000000upr9QAA,Status,New,Appointment
2026-08-31T07:59:04.000Z,00QP500000tePCwMAM,BE,0127Q000000eERIQA2,Status,New,Follow-up
2026-08-31T07:57:36.000Z,00QP500000tkBH0MAM,NL,0127Q000000upr9QAA,Status,New,Brochure
2026-08-31T07:55:52.000Z,00QQD00000cdpJJ2AY,NL,0127Q000000upr9QAA,Status,Follow-up,Re-entered
2026-08-31T07:55:18.000Z,00QP500000tlDQNMA2,NL,0127Q000000upr9QAA,Status,New,Brochure
2026-08-31T07:54:22.000Z,00QP500000tgfBzMAI,BE,0127Q000000eERIQA2,Status,New,Appointment
2026-08-31T07:54:19.000Z,00QP500000thZJ2MAM,NL,0127Q000000upr9QAA,Status,New,Brochure
2026-08-31T07:53:12.000Z,00QP500000tdeAuMAI,NL,0127Q000000upr9QAA,Status,New,Brochure
2026-08-31T07:52:27.000Z,00QP500000tgi6dMAA,NL,0127Q000000upr9QAA,Status,New,Appointment
2026-08-31T07:51:57.000Z,00QP500000teG4sMAE,BE,0127Q000000eERIQA2,Status,New,Not reached
2026-08-31T07:50:35.000Z,00QQD00000APx1k2AD,NL,0127Q000000upr9QAA,Status,Re-entered,Not reached
2026-08-31T07:49:13.000Z,00QP500000tkWJvMAM,NL,0127Q000000upr9QAA,Status,New,Not reached
2026-08-31T07:48:16.000Z,00QP500000thkPhMAI,NL,0127Q000000upr9QAA,Status,Not reached,Not Qualified
2026-08-31T07:47:52.000Z,00QP500000sYbcMMAS,NL,0127Q000000upr9QAA,Status,Follow-up,Appointment
2026-08-31T07:47:07.000Z,00QP500000tf0UDMAY,BE,0127Q000000eERIQA2,Status,New,Not reached
2026-08-31T07:46:04.000Z,00QP500000s9YrQMAU,NL,0127Q000000upr9QAA,Status,Re-entered,Lost
2026-08-31T07:44:06.000Z,00QP500000tl0svMAA,BE,0127Q000000eERIQA2,Status,New,Lost
2026-08-31T07:43:27.000Z,00QP500000thkPhMAI,NL,0127Q000000upr9QAA,Status,New,Not reached
2026-08-31T07:42:54.000Z,00QP500000teQ7PMAU,NL,0127Q000000upr9QAA,Status,New,Not reached
2026-08-31T07:42:00.000Z,00QP500000thSCgMAM,NL,0127Q000000upr9QAA,Status,New,Not reached
2026-08-31T07:41:42.000Z,00QQD00000APvTc2AL,NL,0127Q000000upr9QAA,Status,Re-entered,Appointment
2026-08-31T07:40:41.000Z,00QP500000tgj17MAA,NL,0127Q000000upr9QAA,Status,New,Appointment
2026-08-31T07:39:54.000Z,00QP500000tgGv5MAE,BE,0127Q000000eERIQA2,Status,New,Follow-up
2026-08-31T07:36:12.000Z,00QQD00000AQLeW2AX,NL,0127Q000000upr9QAA,Status,Re-entered,Not Qualified
2026-08-31T07:35:32.000Z,00QP500000t51wnMAA,NL,0127Q000000upr9QAA,Status,Re-entered,Appointment
2026-08-31T07:35:05.000Z,00QP500000tl1AfMAI,BE,0127Q000000eERIQA2,Status,New,Not reached
2026-08-31T07:34:44.000Z,00QP500000tgzXFMAY,NL,0127Q000000upr9QAA,Status,New,Follow-up
2026-08-31T07:34:40.000Z,00QP500000tfI2xMAE,BE,0127Q000000eERIQA2,Status,New,Not reached
2026-08-31T07:33:08.000Z,00QP500000tf7NdMAI,BE,0127Q000000eERIQA2,Status,New,Not reached
2026-08-31T07:32:32.000Z,00QP500000tdfA7MAI,BE,0127Q000000eERIQA2,Status,New,Appointment
2026-08-31T07:32:09.000Z,00QP500000tkA4kMAE,BE,0127Q000000eERIQA2,Status,New,Not Qualified
2026-08-31T07:31:37.000Z,00QQD00000AQXq62AH,NL,0127Q000000upr9QAA,Status,Follow-up,Not Qualified
2026-08-31T07:30:55.000Z,00QP500000tfBHdMAM,NL,0127Q000000upr9QAA,Status,New,Not reached
2026-08-31T07:29:41.000Z,00QP500000tev4jMAA,BE,0127Q000000eERIQA2,Status,New,Mailjourney
2026-08-31T07:28:45.000Z,00QP500000r7z6hMAA,NL,0127Q000000upr9QAA,Status,Re-entered,Not reached
2026-08-31T07:28:19.000Z,00QP500000spJxbMAE,NL,0127Q000000upr9QAA,Status,Follow-up,Not Qualified
2026-08-31T07:27:33.000Z,00QP500000thr1OMAQ,NL,0127Q000000upr9QAA,Status,New,Lost
2026-08-31T07:26:41.000Z,00QQD00000ZH2492AD,BE,0127Q000000eERIQA2,Status,Re-entered,Appointment
2026-08-31T07:26:06.000Z,00QP500000tnKM6MAM,BE,0127Q000000eERIQA2,Status,New,Appointment
2026-08-31T07:23:18.000Z,00QQD00000AQXq62AH,NL,0127Q000000upr9QAA,Status,Converted Old SF,Follow-up
2026-08-31T07:17:53.000Z,00QQD00000ZH2492AD,BE,0127Q000000eERIQA2,Status,Mailjourney,Re-entered
2026-08-31T07:15:53.000Z,00QP500000tkR8pMAE,BE,0127Q000000eERIQA2,Status,New,Not reached
2026-08-31T07:15:46.000Z,00QP500000teEnlMAE,BE,0127Q000000eERIQA2,Status,New,Not reached
2026-08-31T07:13:07.000Z,00QP500000tdHhHMAU,BE,0127Q000000eERIQA2,Status,New,Not Qualified
2026-08-31T07:11:09.000Z,00QP500000r5tnVMAQ,BE,0127Q000000eERIQA2,Status,Re-entered,Follow-up
2026-08-31T07:08:42.000Z,00QP500000tdwVtMAI,BE,0127Q000000eERIQA2,Status,New,Appointment
2026-08-31T07:08:17.000Z,00QP500000tj78vMAA,BE,0127Q000000eERIQA2,Status,New,Not reached
2026-08-31T07:06:06.000Z,00QP500000tdq78MAA,BE,0127Q000000eERIQA2,Status,New,Appointment
2026-08-31T06:59:55.000Z,00QP500000td2NIMAY,BE,0127Q000000eERIQA2,Status,New,Appointment
2026-08-31T06:36:35.000Z,00QP500000tl3pBMAQ,BE,0127Q000000eERIQA2,Status,New,Mailjourney
2026-08-31T06:01:49.000Z,00QP500000t7GObMAM,FR,012QD000002ylXZYAY,Status,New,Follow-up
2026-08-31T06:01:49.000Z,00QP500000t7GOaMAM,IT,012QD000002ylcPYAQ,Status,New,Not Qualified
2026-08-31T05:56:16.000Z,00QP500000tioI4MAI,NL,0127Q000000upr9QAA,Status,New,Not Qualified
2026-08-31T05:53:55.000Z,00QP500000tXAljMAG,NL,0127Q000000upr9QAA,Status,Not Qualified,Brochure
2026-08-31T04:43:56.000Z,00QP500000tk6vfMAA,NL,0127Q000000upr9QAA,Status,New,Mailjourney
2026-08-31T04:43:19.000Z,00QP500000tioz8MAA,NL,0127Q000000upr9QAA,Status,New,Not Qualified
2026-08-31T04:42:25.000Z,00QP500000thbSyMAI,NL,0127Q000000upr9QAA,Status,New,Not Qualified
2026-08-31T04:42:01.000Z,00QP500000thC1XMAU,NL,0127Q000000upr9QAA,Status,New,Not Qualified
2026-08-31T04:41:27.000Z,00QP500000thDC1MAM,NL,0127Q000000upr9QAA,Status,New,Not Qualified
2026-08-31T04:40:46.000Z,00QP500000tetnkMAA,NL,0127Q000000upr9QAA,Status,New,Mailjourney
2026-08-31T04:37:58.000Z,00QQD00000dqzdh2AA,BE,0127Q000000eERIQA2,Status,Not Qualified,Re-entered
2026-08-30T22:36:09.000Z,00QQD00000AQOng2AH,NL,0127Q000000upr9QAA,Status,Follow-up,Re-entered
2026-08-30T21:04:00.000Z,00QQD00000ZGl4I2AT,BE,0127Q000000eERIQA2,Status,Mailjourney,Re-entered
2026-08-30T19:45:09.000Z,00QP500000tTZKUMA4,BE,0127Q000000eERIQA2,Status,Follow-up,Re-entered
2026-08-30T18:31:19.000Z,00QQD00000bSx1V2AS,BE,0127Q000000eERIQA2,Status,Not Qualified,Re-entered
2026-08-30T18:17:13.000Z,00QQD00000ZWRSM2A5,NL,0127Q000000upr9QAA,Status,Mailjourney,Re-entered
2026-08-30T15:37:53.000Z,00QQD00000APvTc2AL,NL,0127Q000000upr9QAA,Status,Mailjourney,Re-entered
2026-08-30T15:07:06.000Z,00QQD00000ZGs4n2AD,BE,0127Q000000eERIQA2,Status,Mailjourney,Re-entered
2026-08-30T15:01:55.000Z,00QQD00000ZGu0x2AD,FR,012QD000002ylXZYAY,Status,Not Qualified,Re-entered
2026-08-30T14:50:06.000Z,00QQD00000dMqpV2AS,NL,0127Q000000upr9QAA,Status,Mailjourney,Re-entered
2026-08-30T11:58:18.000Z,00QQD00000ZiReg2AF,NL,0127Q000000upr9QAA,Status,Mailjourney,Re-entered
2026-08-30T10:59:49.000Z,00QQD00000AQ86Y2AT,NL,0127Q000000upr9QAA,Status,Follow-up,Re-entered
2026-08-30T10:09:21.000Z,00QQD00000AQXtY2AX,NL,0127Q000000upr9QAA,Status,Converted Old SF,Re-entered
2026-08-30T08:57:07.000Z,00QQD00000bSx1V2AS,BE,0127Q000000eERIQA2,Status,Re-entered,Not Qualified
2026-08-30T07:55:09.000Z,00QQD00000Tcm1L2AR,NL,0127Q000000upr9QAA,Status,Lost,Re-entered
2026-08-30T07:35:12.000Z,00QQD00000AQYPG2A5,NL,0127Q000000upr9QAA,Status,Converted Old SF,Re-entered
2026-08-30T06:02:00.000Z,00QP500000t4Lz5MAE,IT,012QD000002ylcPYAQ,Status,New,Not reached
2026-08-30T06:02:00.000Z,00QP500000t4Lz4MAE,FR,012QD000002ylXZYAY,Status,New,Not Qualified
2026-08-30T06:02:00.000Z,00QP500000t4Lz7MAE,IT,012QD000002ylcPYAQ,Status,New,Not Qualified
2026-08-30T06:02:00.000Z,00QP500000t4Lz6MAE,FR,012QD000002ylXZYAY,Status,New,Mailjourney
2026-08-29T22:48:09.000Z,00QP500000r5tnVMAQ,BE,0127Q000000eERIQA2,Status,Mailjourney,Re-entered
2026-08-29T22:23:10.000Z,00QP500000sas9GMAQ,BE,0127Q000000eERIQA2,Status,Not Qualified,Re-entered
2026-08-29T20:43:55.000Z,00QQD00000APw0S2AT,NL,0127Q000000upr9QAA,Status,Mailjourney,Re-entered
2026-08-29T20:35:54.000Z,00QP500000s9YrQMAU,NL,0127Q000000upr9QAA,Status,Mailjourney,Re-entered
2026-08-29T18:30:09.000Z,00QQD00000AQd6Z2AT,NL,0127Q000000upr9QAA,Status,Converted Old SF,Re-entered
2026-08-29T18:07:02.000Z,00QQD00000ZFSt62AH,BE,0127Q000000eERIQA2,Status,Mailjourney,Re-entered
2026-08-29T17:58:50.000Z,00QQD00000AQbgr2AD,NL,0127Q000000upr9QAA,Status,Converted Old SF,Re-entered
2026-08-29T16:22:54.000Z,00QQD00000AQMmb2AH,NL,0127Q000000upr9QAA,Status,Mailjourney,Re-entered
2026-08-29T15:54:04.000Z,00QQD00000Z33gL2AR,NL,0127Q000000upr9QAA,Status,Mailjourney,Re-entered
2026-08-29T13:41:11.000Z,00QP500000s0fbCMAQ,NL,0127Q000000upr9QAA,Status,Lost,Re-entered
2026-08-29T13:07:55.000Z,00QQD00000K3L1B2AV,NL,0127Q000000upr9QAA,Status,Mailjourney,Re-entered
2026-08-29T11:10:59.000Z,00QP500000r7z6hMAA,NL,0127Q000000upr9QAA,Status,Mailjourney,Re-entered
2026-08-29T08:50:52.000Z,00QQD00000AQ4ER2A1,NL,0127Q000000upr9QAA,Status,Not Qualified,Re-entered
2026-08-29T08:41:03.000Z,00QP500000pkSf3MAE,BE,0127Q000000eERIQA2,Status,Not Qualified,Re-entered
2026-08-29T08:38:04.000Z,00QQD00000AQLeW2AX,NL,0127Q000000upr9QAA,Status,Mailjourney,Re-entered
2026-08-29T06:01:55.000Z,00QP500000t0lAfMAI,IT,012QD000002ylcPYAQ,Status,New,Not reached
2026-08-29T06:01:55.000Z,00QQD00000ZGz1C2AT,IT,012QD000002ylcPYAQ,Status,Mailjourney,Re-entered
2026-08-29T06:01:55.000Z,00QP500000t0lAdMAI,FR,012QD000002ylXZYAY,Status,New,Mailjourney
2026-08-28T20:22:53.000Z,00QQD00000APx1k2AD,NL,0127Q000000upr9QAA,Status,Follow-up,Re-entered
2026-08-28T17:26:58.000Z,00QQD00000ZGpHS2A1,BE,0127Q000000eERIQA2,Status,Mailjourney,Re-entered
2026-08-28T17:00:18.000Z,00QQD00000bSx1V2AS,BE,0127Q000000eERIQA2,Status,Not Qualified,Re-entered
2026-08-28T16:00:11.000Z,00QQD00000AQYPM2A5,NL,0127Q000000upr9QAA,Status,Converted Old SF,Re-entered
2026-08-28T15:56:55.000Z,00QP500000t51wnMAA,NL,0127Q000000upr9QAA,Status,Follow-up,Re-entered
2026-08-28T15:56:55.000Z,00QQD00000ZGDxd2AH,BE,0127Q000000eERIQA2,Status,Converted Old SF,Re-entered
2026-08-28T14:54:38.000Z,00QP500000tdU0BMAU,NL,0127Q000000upr9QAA,Status,New,Mailjourney
2026-08-28T14:51:17.000Z,00QP500000tdrKwMAI,NL,0127Q000000upr9QAA,Status,Not reached,Follow-up
2026-08-28T14:50:10.000Z,00QP500000tdrKwMAI,NL,0127Q000000upr9QAA,Status,New,Not reached
2026-08-28T14:12:45.000Z,00QP500000sZjo7MAC,NL,0127Q000000upr9QAA,Status,Re-entered,Not Qualified
2026-08-28T14:09:38.000Z,00QP500000tdZr5MAE,BE,0127Q000000eERIQA2,Status,New,Follow-up
2026-08-28T14:08:05.000Z,00QP500000tc5gZMAQ,NL,0127Q000000upr9QAA,Status,Not reached,Brochure
2026-08-28T14:05:10.000Z,00QP500000tdJpYMAU,BE,0127Q000000eERIQA2,Status,New,Not reached
2026-08-28T14:04:22.000Z,00QP500000tbzcpMAA,BE,0127Q000000eERIQA2,Status,New,Not reached
2026-08-28T14:02:01.000Z,00QP500000sHj6WMAS,BE,0127Q000000eERIQA2,Status,Mailjourney,Appointment
2026-08-28T13:59:14.000Z,00QQD00000AQB8e2AH,NL,0127Q000000upr9QAA,Status,Not reached,Follow-up
2026-08-28T13:58:34.000Z,00QQD00000cy8b72AA,NL,0127Q000000upr9QAA,Status,Not reached,Brochure
2026-08-28T13:57:01.000Z,00QP500000tdJWDMA2,NL,0127Q000000upr9QAA,Status,New,Appointment
2026-08-28T13:51:10.000Z,00QP500000tXjEoMAK,NL,0127Q000000upr9QAA,Status,Not reached,Not Qualified
2026-08-28T13:41:53.000Z,00QQD00000cWp1V2AS,NL,0127Q000000upr9QAA,Status,Lost,Appointment
2026-08-28T13:41:21.000Z,00QP500000tdMSRMA2,NL,0127Q000000upr9QAA,Status,New,Appointment
2026-08-28T13:41:14.000Z,00QQD00000ZH0gP2AT,BE,0127Q000000eERIQA2,Status,Re-entered,Not reached
2026-08-28T13:40:36.000Z,00QP500000tXvfpMAC,NL,0127Q000000upr9QAA,Status,Not reached,Appointment
2026-08-28T13:39:30.000Z,00QP500000tdZcXMAU,BE,0127Q000000eERIQA2,Status,New,Not reached
2026-08-28T13:33:43.000Z,00QP500000sxmw0MAA,NL,0127Q000000upr9QAA,Status,Not reached,Follow-up
2026-08-28T13:32:55.000Z,00QP500000tda7BMAQ,NL,0127Q000000upr9QAA,Status,Not reached,Follow-up
2026-08-28T13:32:15.000Z,00QP500000sxmw0MAA,NL,0127Q000000upr9QAA,Status,Follow-up,Not reached
2026-08-28T13:32:05.000Z,00QP500000tTdSwMAK,NL,0127Q000000upr9QAA,Status,Not reached,Lost
2026-08-28T13:31:19.000Z,00QP500000tda7BMAQ,NL,0127Q000000upr9QAA,Status,New,Not reached
2026-08-28T13:30:37.000Z,00QP500000tS7LTMA0,NL,0127Q000000upr9QAA,Status,Not reached,Lost
2026-08-28T13:30:00.000Z,00QP500000tRx19MAC,NL,0127Q000000upr9QAA,Status,Not reached,Follow-up
2026-08-28T13:29:52.000Z,00QQD00000S6lvN2AR,NL,0127Q000000upr9QAA,Status,Mailjourney,Appointment
2026-08-28T13:29:40.000Z,00QP500000tXXyRMAW,NL,0127Q000000upr9QAA,Status,Not reached,Follow-up
2026-08-28T13:27:49.000Z,00QP500000sZjo7MAC,NL,0127Q000000upr9QAA,Status,Not Qualified,Re-entered
2026-08-28T13:25:44.000Z,00QP500000tcqypMAA,NL,0127Q000000upr9QAA,Status,New,Appointment
2026-08-28T13:23:59.000Z,00QP500000tdenWMAQ,NL,0127Q000000upr9QAA,Status,New,Appointment
2026-08-28T13:20:21.000Z,00QP500000tUBBIMA4,NL,0127Q000000upr9QAA,Status,Follow-up,Appointment
2026-08-28T13:18:23.000Z,00QQD00000APzTY2A1,NL,0127Q000000upr9QAA,Status,Mailjourney,Not Qualified
2026-08-28T13:15:44.000Z,00QP500000tNTpgMAG,BE,0127Q000000eERIQA2,Status,Follow-up,Appointment
2026-08-28T13:14:49.000Z,00QP500000tXAljMAG,NL,0127Q000000upr9QAA,Status,Not reached,Not Qualified
2026-08-28T13:14:14.000Z,00QP500000tTaRqMAK,NL,0127Q000000upr9QAA,Status,Not reached,Not Qualified
2026-08-28T13:09:08.000Z,00QP500000tdV97MAE,BE,0127Q000000eERIQA2,Status,New,Not reached
2026-08-28T13:07:51.000Z,00QP500000tcTUQMA2,NL,0127Q000000upr9QAA,Status,Not reached,Follow-up
2026-08-28T13:06:48.000Z,00QP500000tcTUQMA2,NL,0127Q000000upr9QAA,Status,New,Not reached
2026-08-28T13:05:54.000Z,00QP500000td7BfMAI,NL,0127Q000000upr9QAA,Status,New,Brochure
2026-08-28T13:05:30.000Z,00QP500000tdGZtMAM,BE,0127Q000000eERIQA2,Status,New,Not reached
2026-08-28T13:04:06.000Z,00QP500000tcdANMAY,NL,0127Q000000upr9QAA,Status,New,Appointment
2026-08-28T13:03:37.000Z,00QP500000tdRwkMAE,NL,0127Q000000upr9QAA,Status,New,Not Qualified
2026-08-28T13:02:47.000Z,00QP500000tRVWHMA4,NL,0127Q000000upr9QAA,Status,Not reached,Follow-up
2026-08-28T13:01:51.000Z,00QP500000tdCHlMAM,BE,0127Q000000eERIQA2,Status,New,Not reached
2026-08-28T13:01:16.000Z,00QP500000tVNruMAG,NL,0127Q000000upr9QAA,Status,Not reached,Mailjourney
2026-08-28T12:53:45.000Z,00QP500000tawp0MAA,NL,0127Q000000upr9QAA,Status,Not reached,Follow-up
2026-08-28T12:53:14.000Z,00QQD00000PlksE2AR,NL,0127Q000000upr9QAA,Status,Not reached,Follow-up
2026-08-28T12:50:58.000Z,00QQD00000PlksE2AR,NL,0127Q000000upr9QAA,Status,Re-entered,Not reached
2026-08-28T12:48:01.000Z,00QP500000tdLT7MAM,BE,0127Q000000eERIQA2,Status,New,Appointment
2026-08-28T12:41:24.000Z,00QP500000tc5gYMAQ,NL,0127Q000000upr9QAA,Status,Not reached,Lost
2026-08-28T12:38:57.000Z,00QP500000tQtAsMAK,NL,0127Q000000upr9QAA,Status,Not reached,Follow-up
2026-08-28T12:35:37.000Z,00QP500000tXnn8MAC,NL,0127Q000000upr9QAA,Status,Brochure,Mailjourney
2026-08-28T12:35:02.000Z,00QP500000tXWcXMAW,NL,0127Q000000upr9QAA,Status,Brochure,Follow-up
2026-08-28T12:35:02.000Z,00QP500000tXHNOMA4,NL,0127Q000000upr9QAA,Status,Brochure,Follow-up
2026-08-28T12:35:02.000Z,00QP500000tUjMbMAK,NL,0127Q000000upr9QAA,Status,Brochure,Follow-up
2026-08-28T12:35:02.000Z,00QP500000tZCrTMAW,NL,0127Q000000upr9QAA,Status,Brochure,Follow-up
2026-08-28T12:35:02.000Z,00QQD00000AQ8DN2A1,NL,0127Q000000upr9QAA,Status,Brochure,Follow-up
2026-08-28T12:35:02.000Z,00QQD00000Fvoib2AB,NL,0127Q000000upr9QAA,Status,Brochure,Follow-up
2026-08-28T12:32:31.000Z,00QP500000tYfCSMA0,NL,0127Q000000upr9QAA,Status,Not reached,Follow-up
2026-08-28T12:32:28.000Z,00QP500000tX6zpMAC,NL,0127Q000000upr9QAA,Status,Not reached,Lost
2026-08-28T12:31:35.000Z,00QP500000tc5gZMAQ,NL,0127Q000000upr9QAA,Status,New,Not reached
2026-08-28T12:30:38.000Z,00QP500000tS9nAMAS,NL,0127Q000000upr9QAA,Status,Not reached,Follow-up
2026-08-28T12:29:36.000Z,00QQD00000ZGaVx2AL,BE,0127Q000000eERIQA2,Status,Mailjourney,Follow-up
2026-08-28T12:29:31.000Z,00QP500000tRSuzMAG,NL,0127Q000000upr9QAA,Status,Not reached,Lost
2026-08-28T12:27:36.000Z,00QP500000tcenyMAA,NL,0127Q000000upr9QAA,Status,New,Not Qualified
2026-08-28T12:25:13.000Z,00QP500000tN7qjMAC,NL,0127Q000000upr9QAA,Status,Follow-up,Mailjourney
2026-08-28T12:25:11.000Z,00QP500000tc2xBMAQ,NL,0127Q000000upr9QAA,Status,New,Mailjourney
2026-08-28T12:19:20.000Z,00QP500000sdQd6MAE,NL,0127Q000000upr9QAA,Status,Follow-up,Appointment
2026-08-28T12:17:16.000Z,00QP500000tanSOMAY,NL,0127Q000000upr9QAA,Status,New,Appointment
2026-08-28T12:16:03.000Z,00QP500000tXuGfMAK,BE,0127Q000000eERIQA2,Status,Not reached,Appointment
2026-08-28T12:07:57.000Z,00QP500000tclxVMAQ,NL,0127Q000000upr9QAA,Status,New,Lost
2026-08-28T12:00:46.000Z,00QP500000tc5gYMAQ,NL,0127Q000000upr9QAA,Status,New,Not reached
2026-08-28T11:58:50.000Z,00QP500000tc217MAA,NL,0127Q000000upr9QAA,Status,New,Appointment
2026-08-28T11:57:09.000Z,00QP500000tbRCsMAM,NL,0127Q000000upr9QAA,Status,New,Appointment
2026-08-28T11:54:11.000Z,00QQD00000d34DW2AY,BE,0127Q000000eERIQA2,Status,Follow-up,Appointment
2026-08-28T11:48:07.000Z,00QP500000tc75dMAA,NL,0127Q000000upr9QAA,Status,New,Mailjourney
2026-08-28T11:46:09.000Z,00QP500000tbH8gMAE,NL,0127Q000000upr9QAA,Status,New,Appointment
2026-08-28T11:39:33.000Z,00QQD00000ZGMJl2AP,BE,0127Q000000eERIQA2,Status,Re-entered,Not Qualified
2026-08-28T11:37:42.000Z,00QP500000tc1UsMAI,BE,0127Q000000eERIQA2,Status,New,Not reached
2026-08-28T11:36:37.000Z,00QP500000tbU14MAE,BE,0127Q000000eERIQA2,Status,New,Follow-up
2026-08-28T11:36:26.000Z,00QP500000tbkltMAA,NL,0127Q000000upr9QAA,Status,New,Appointment
2026-08-28T11:35:31.000Z,00QQD00000bkSdW2AU,NL,0127Q000000upr9QAA,Status,Not reached,Mailjourney
2026-08-28T11:35:08.000Z,00QQD00000bkSdW2AU,NL,0127Q000000upr9QAA,Status,Re-entered,Not reached
2026-08-28T11:34:59.000Z,00QP500000tchVhMAI,BE,0127Q000000eERIQA2,Status,New,Follow-up
2026-08-28T11:25:20.000Z,00QQD00000ZFSji2AH,BE,0127Q000000eERIQA2,Status,Re-entered,Follow-up
2026-08-28T11:23:50.000Z,00QQD00000ZH0gP2AT,BE,0127Q000000eERIQA2,Status,Mailjourney,Re-entered
2026-08-28T11:20:11.000Z,00QQD00000PlksE2AR,NL,0127Q000000upr9QAA,Status,Mailjourney,Re-entered
2026-08-28T11:17:44.000Z,00QP500000tcbEzMAI,BE,0127Q000000eERIQA2,Status,New,Follow-up
2026-08-28T11:15:28.000Z,00QP500000tbumjMAA,NL,0127Q000000upr9QAA,Status,New,Not Qualified
2026-08-28T11:12:13.000Z,00QP500000tbkiaMAA,NL,0127Q000000upr9QAA,Status,New,Appointment
2026-08-28T11:11:40.000Z,00QP500000tTOCAMA4,NL,0127Q000000upr9QAA,Status,Mailjourney,Appointment
2026-08-28T11:06:16.000Z,00QQD00000aJs6P2AS,NL,0127Q000000upr9QAA,Status,Not reached,Mailjourney
2026-08-28T11:04:01.000Z,00QQD00000AQ8DN2A1,NL,0127Q000000upr9QAA,Status,Follow-up,Brochure
2026-08-28T10:50:12.000Z,00QQD00000ZFSji2AH,BE,0127Q000000eERIQA2,Status,Mailjourney,Re-entered
2026-08-28T10:40:10.000Z,00QP500000tbijzMAA,NL,0127Q000000upr9QAA,Status,New,Not Qualified
2026-08-28T10:37:40.000Z,00QP500000sxpfKMAQ,NL,0127Q000000upr9QAA,Status,Mailjourney,Lost
2026-08-28T10:14:22.000Z,00QP500000tbJNQMA2,NL,0127Q000000upr9QAA,Status,New,Appointment
2026-08-28T10:11:59.000Z,00QP500000tbWNsMAM,BE,0127Q000000eERIQA2,Status,New,Appointment
2026-08-28T10:07:07.000Z,00QP500000tbgobMAA,NL,0127Q000000upr9QAA,Status,New,Appointment
2026-08-28T09:59:42.000Z,00QP500000tWCpbMAG,BE,0127Q000000eERIQA2,Status,Follow-up,Appointment
2026-08-28T09:58:10.000Z,00QP500000tHluBMAS,NL,0127Q000000upr9QAA,Status,Follow-up,Mailjourney
2026-08-28T09:57:29.000Z,00QP500000tb2uTMAQ,NL,0127Q000000upr9QAA,Status,New,Appointment
2026-08-28T09:51:50.000Z,00QP500000tG2MLMA0,BE,0127Q000000eERIQA2,Status,Follow-up,Mailjourney
2026-08-28T09:51:19.000Z,00QP500000stKtSMAU,NL,0127Q000000upr9QAA,Status,Follow-up,Lost
2026-08-28T09:50:26.000Z,00QQD00000do03C2AQ,BE,0127Q000000eERIQA2,Status,Follow-up,Appointment
2026-08-28T09:50:00.000Z,00QP500000tC8dHMAS,BE,0127Q000000eERIQA2,Status,Follow-up,Mailjourney
2026-08-28T09:49:38.000Z,00QP500000t54D7MAI,BE,0127Q000000eERIQA2,Status,Follow-up,Mailjourney
2026-08-28T09:49:10.000Z,00QP500000syZgZMAU,NL,0127Q000000upr9QAA,Status,Follow-up,Mailjourney
2026-08-28T09:48:14.000Z,00QQD00000ZGMJl2AP,BE,0127Q000000eERIQA2,Status,Converted Old SF,Re-entered
2026-08-28T09:46:54.000Z,00QP500000shRDCMA2,NL,0127Q000000upr9QAA,Status,Follow-up,Mailjourney
2026-08-28T09:46:48.000Z,00QP500000sEXl2MAG,NL,0127Q000000upr9QAA,Status,Follow-up,Mailjourney
2026-08-28T09:45:33.000Z,00QQD00000daU5y2AE,NL,0127Q000000upr9QAA,Status,Follow-up,Mailjourney
2026-08-28T09:45:15.000Z,00QP500000sxpfKMAQ,NL,0127Q000000upr9QAA,Status,Follow-up,Mailjourney
2026-08-28T09:43:50.000Z,00QP500000tauaIMAQ,NL,0127Q000000upr9QAA,Status,New,Appointment
2026-08-28T09:42:26.000Z,00QP500000sWMfpMAG,NL,0127Q000000upr9QAA,Status,Follow-up,Mailjourney
2026-08-28T09:40:17.000Z,00QP500000sHJITMA4,BE,0127Q000000eERIQA2,Status,Follow-up,Lost
2026-08-28T09:35:43.000Z,00QP500000sFw54MAC,BE,0127Q000000eERIQA2,Status,Follow-up,Mailjourney
2026-08-28T09:33:14.000Z,00QQD00000cy8b72AA,NL,0127Q000000upr9QAA,Status,Re-entered,Not reached
2026-08-28T09:30:30.000Z,00QP500000tbH74MAE,NL,0127Q000000upr9QAA,Status,New,Appointment
2026-08-28T09:15:51.000Z,00QP500000stNphMAE,NL,0127Q000000upr9QAA,Status,Follow-up,Mailjourney
2026-08-28T09:11:23.000Z,00QQD00000Fvoib2AB,NL,0127Q000000upr9QAA,Status,Not reached,Brochure
2026-08-28T09:11:15.000Z,00QQD00000cy8b72AA,NL,0127Q000000upr9QAA,Status,Mailjourney,Re-entered
2026-08-28T09:05:08.000Z,00QP500000tQLfXMAW,BE,0127Q000000eERIQA2,Status,Not reached,Follow-up
2026-08-28T09:04:06.000Z,00QP500000tWDsBMAW,BE,0127Q000000eERIQA2,Status,Not reached,Mailjourney
2026-08-28T09:03:57.000Z,00QP500000tK3WnMAK,NL,0127Q000000upr9QAA,Status,Follow-up,Appointment
2026-08-28T09:02:06.000Z,00QP500000tWCpbMAG,BE,0127Q000000eERIQA2,Status,Not reached,Follow-up
2026-08-28T08:59:39.000Z,00QP500000tXN2zMAG,NL,0127Q000000upr9QAA,Status,Not reached,Mailjourney
2026-08-28T08:59:07.000Z,00QP500000tZRKEMA4,BE,0127Q000000eERIQA2,Status,Follow-up,Lost
2026-08-28T08:54:58.000Z,00QP500000tYbyWMAS,BE,0127Q000000eERIQA2,Status,New,Not Qualified
2026-08-28T08:54:52.000Z,00QQD00000AQai42AD,NL,0127Q000000upr9QAA,Status,Follow-up,Mailjourney
2026-08-28T08:53:15.000Z,00QP500000rwMJOMA2,BE,0127Q000000eERIQA2,Status,Follow-up,Mailjourney
2026-08-28T08:52:13.000Z,00QP500000tCscyMAC,NL,0127Q000000upr9QAA,Status,Follow-up,Mailjourney
2026-08-28T08:50:43.000Z,00QP500000swDSRMA2,NL,0127Q000000upr9QAA,Status,Follow-up,Mailjourney
2026-08-28T08:50:43.000Z,00QP500000rINhFMAW,BE,0127Q000000eERIQA2,Status,Follow-up,Mailjourney
2026-08-28T08:48:06.000Z,00QP500000sa07KMAQ,NL,0127Q000000upr9QAA,Status,Follow-up,Mailjourney
2026-08-28T08:47:53.000Z,00QP500000stT8jMAE,BE,0127Q000000eERIQA2,Status,Follow-up,Mailjourney
2026-08-28T08:45:33.000Z,00QP500000sLMG9MAO,NL,0127Q000000upr9QAA,Status,Follow-up,Mailjourney
2026-08-28T08:45:18.000Z,00QQD00000ahASS2A2,BE,0127Q000000eERIQA2,Status,Follow-up,Mailjourney
2026-08-28T08:38:58.000Z,00QP500000svRCTMA2,BE,0127Q000000eERIQA2,Status,Follow-up,Appointment
2026-08-28T08:37:28.000Z,00QP500000tXnn8MAC,NL,0127Q000000upr9QAA,Status,Not reached,Brochure
2026-08-28T08:33:35.000Z,00QP500000t5jb8MAA,BE,0127Q000000eERIQA2,Status,Follow-up,Mailjourney
2026-08-28T08:32:50.000Z,00QP500000swTgtMAE,BE,0127Q000000eERIQA2,Status,Follow-up,Mailjourney
2026-08-28T08:29:05.000Z,00QP500000tMSijMAG,BE,0127Q000000eERIQA2,Status,Mailjourney,Follow-up
2026-08-28T08:28:21.000Z,00QP500000tXzjQMAS,NL,0127Q000000upr9QAA,Status,New,Follow-up
2026-08-28T08:24:11.000Z,00QP500000tFb61MAC,BE,0127Q000000eERIQA2,Status,Follow-up,Mailjourney
2026-08-28T08:24:02.000Z,00QP500000rzbAbMAI,BE,0127Q000000eERIQA2,Status,Follow-up,Lost
2026-08-28T08:22:41.000Z,00QP500000t2MZWMA2,BE,0127Q000000eERIQA2,Status,Brochure,Follow-up
2026-08-28T08:22:34.000Z,00QP500000t2MZWMA2,BE,0127Q000000eERIQA2,Status,Follow-up,Brochure
2026-08-28T08:22:20.000Z,00QP500000tbFRqMAM,NL,0127Q000000upr9QAA,Status,New,Appointment
2026-08-28T08:22:14.000Z,00QP500000tXPxeMAG,NL,0127Q000000upr9QAA,Status,Follow-up,Appointment
2026-08-28T08:19:32.000Z,00QP500000tX6QNMA0,BE,0127Q000000eERIQA2,Status,New,Appointment
2026-08-28T08:18:15.000Z,00QP500000rhDujMAE,BE,0127Q000000eERIQA2,Status,Follow-up,Lost
2026-08-28T08:15:02.000Z,00QP500000tawp0MAA,NL,0127Q000000upr9QAA,Status,New,Not reached
2026-08-28T08:14:28.000Z,00QP500000rXrINMA0,BE,0127Q000000eERIQA2,Status,Follow-up,Mailjourney
2026-08-28T08:13:56.000Z,00QP500000sz2LxMAI,BE,0127Q000000eERIQA2,Status,Brochure,Follow-up
2026-08-28T08:13:12.000Z,00QP500000sz2LxMAI,BE,0127Q000000eERIQA2,Status,Follow-up,Brochure
2026-08-28T08:13:12.000Z,00QQD00000H3uK22AJ,NL,0127Q000000upr9QAA,Status,Not reached,Mailjourney
2026-08-28T08:12:29.000Z,00QP500000sUntpMAC,BE,0127Q000000eERIQA2,Status,Follow-up,Mailjourney
2026-08-28T08:10:58.000Z,00QP500000sMbpxMAC,BE,0127Q000000eERIQA2,Status,Follow-up,Lost
2026-08-28T08:10:16.000Z,00QP500000tXAljMAG,NL,0127Q000000upr9QAA,Status,New,Not reached
2026-08-28T08:09:18.000Z,00QP500000tYjZKMA0,BE,0127Q000000eERIQA2,Status,Mailjourney,Follow-up
2026-08-28T08:09:15.000Z,00QP500000taKbfMAE,BE,0127Q000000eERIQA2,Status,New,Not reached
2026-08-28T08:08:48.000Z,00QQD00000ZGwJr2AL,BE,0127Q000000eERIQA2,Status,Not reached,Mailjourney
2026-08-28T08:08:41.000Z,00QP500000tYjZKMA0,BE,0127Q000000eERIQA2,Status,New,Mailjourney
2026-08-28T08:07:02.000Z,00QP500000tVNrwMAG,NL,0127Q000000upr9QAA,Status,Not reached,Appointment
2026-08-28T08:07:02.000Z,00QP500000tB95BMAS,BE,0127Q000000eERIQA2,Status,Not reached,Mailjourney
2026-08-28T08:06:52.000Z,00QP500000tY3QQMA0,NL,0127Q000000upr9QAA,Status,New,Mailjourney
2026-08-28T08:06:01.000Z,00QP500000tYCS6MAO,NL,0127Q000000upr9QAA,Status,New,Mailjourney
2026-08-28T08:05:20.000Z,00QP500000tVG0oMAG,BE,0127Q000000eERIQA2,Status,Not reached,Appointment
2026-08-28T08:00:56.000Z,00QP500000tTZKUMA4,BE,0127Q000000eERIQA2,Status,Not reached,Follow-up
2026-08-28T07:59:27.000Z,00QP500000tYfCSMA0,NL,0127Q000000upr9QAA,Status,New,Not reached
2026-08-28T07:58:57.000Z,00QP500000tZRKEMA4,BE,0127Q000000eERIQA2,Status,New,Follow-up
2026-08-28T07:57:33.000Z,00QP500000tZCrTMAW,NL,0127Q000000upr9QAA,Status,New,Brochure
2026-08-28T07:55:56.000Z,00QP500000tXnn8MAC,NL,0127Q000000upr9QAA,Status,New,Not reached
2026-08-28T07:55:38.000Z,00QP500000sk377MAA,BE,0127Q000000eERIQA2,Status,Not reached,Mailjourney
2026-08-28T07:55:06.000Z,00QP500000tXjEoMAK,NL,0127Q000000upr9QAA,Status,New,Not reached
2026-08-28T07:54:42.000Z,00QQD00000Fvoib2AB,NL,0127Q000000upr9QAA,Status,Re-entered,Not reached
2026-08-28T07:53:21.000Z,00QP500000tYcXpMAK,NL,0127Q000000upr9QAA,Status,New,Appointment
2026-08-28T07:53:19.000Z,00QQD00000APx1P2AT,NL,0127Q000000upr9QAA,Status,Re-entered - Phone Number Changed,Appointment
2026-08-28T07:51:26.000Z,00QQD00000bSx1V2AS,BE,0127Q000000eERIQA2,Status,Re-entered,Not Qualified
2026-08-28T07:50:43.000Z,00QP500000tOC5CMAW,BE,0127Q000000eERIQA2,Status,Not reached,Follow-up
2026-08-28T07:49:28.000Z,00QP500000tXtPTMA0,NL,0127Q000000upr9QAA,Status,New,Mailjourney
2026-08-28T07:49:13.000Z,00QP500000tMSijMAG,BE,0127Q000000eERIQA2,Status,Not reached,Mailjourney
2026-08-28T07:48:12.000Z,00QQD00000bSx1V2AS,BE,0127Q000000eERIQA2,Status,Not Qualified,Re-entered
2026-08-28T07:46:53.000Z,00QP500000tZ4aXMAS,BE,0127Q000000eERIQA2,Status,New,Mailjourney
2026-08-28T07:46:02.000Z,00QP500000tXvfpMAC,NL,0127Q000000upr9QAA,Status,New,Not reached
2026-08-28T07:45:55.000Z,00QP500000tYh2sMAC,NL,0127Q000000upr9QAA,Status,New,Not Qualified
2026-08-28T07:44:48.000Z,00QQD00000bSx1V2AS,BE,0127Q000000eERIQA2,Status,Re-entered,Not Qualified
2026-08-28T07:44:25.000Z,00QP500000tab1NMAQ,BE,0127Q000000eERIQA2,Status,New,Not reached
2026-08-28T07:44:09.000Z,00QP500000tXXyRMAW,NL,0127Q000000upr9QAA,Status,New,Not reached
2026-08-28T07:42:21.000Z,00QP500000tYapNMAS,NL,0127Q000000upr9QAA,Status,Not reached,Appointment
2026-08-28T07:41:23.000Z,00QP500000tYZOfMAO,NL,0127Q000000upr9QAA,Status,New,Appointment
2026-08-28T07:40:23.000Z,00QP500000tYfAlMAK,BE,0127Q000000eERIQA2,Status,Not reached,Follow-up
2026-08-28T07:39:43.000Z,00QP500000tYVRZMA4,BE,0127Q000000eERIQA2,Status,New,Appointment
2026-08-28T07:39:43.000Z,00QP500000tYfAlMAK,BE,0127Q000000eERIQA2,Status,New,Not reached
2026-08-28T07:39:33.000Z,00QP500000tNqW9MAK,NL,0127Q000000upr9QAA,Status,Re-entered,Follow-up
2026-08-28T07:38:00.000Z,00QQD00000bSx1V2AS,BE,0127Q000000eERIQA2,Status,Not Qualified,Re-entered
2026-08-28T07:34:50.000Z,00QQD00000aJs6P2AS,NL,0127Q000000upr9QAA,Status,Re-entered,Not reached
2026-08-28T07:33:52.000Z,00QP500000tYapNMAS,NL,0127Q000000upr9QAA,Status,New,Not reached
2026-08-28T07:32:42.000Z,00QP500000tYS75MAG,NL,0127Q000000upr9QAA,Status,New,Appointment
2026-08-28T07:32:39.000Z,00QP500000tZeNtMAK,BE,0127Q000000eERIQA2,Status,New,Not reached
2026-08-28T07:32:31.000Z,00QP500000tZFVxMAO,NL,0127Q000000upr9QAA,Status,New,Lost
2026-08-28T07:32:12.000Z,00QP500000tYbf0MAC,BE,0127Q000000eERIQA2,Status,New,Follow-up
2026-08-28T07:29:56.000Z,00QP500000tZUV0MAO,BE,0127Q000000eERIQA2,Status,New,Not reached
2026-08-28T07:28:52.000Z,00QP500000tYXujMAG,BE,0127Q000000eERIQA2,Status,New,Not reached
2026-08-28T07:27:53.000Z,00QQD00000bkSdW2AU,NL,0127Q000000upr9QAA,Status,Not Qualified,Re-entered
2026-08-28T07:25:35.000Z,00QQD00000AQB8e2AH,NL,0127Q000000upr9QAA,Status,Re-entered,Not reached
2026-08-28T07:23:33.000Z,00QP500000tY8czMAC,BE,0127Q000000eERIQA2,Status,New,Follow-up
2026-08-28T07:22:56.000Z,00QP500000tYMPqMAO,BE,0127Q000000eERIQA2,Status,New,Not reached
2026-08-28T07:21:18.000Z,00QP500000tXhWQMA0,BE,0127Q000000eERIQA2,Status,New,Not reached
2026-08-28T07:21:00.000Z,00QP500000tYX3WMAW,BE,0127Q000000eERIQA2,Status,New,Not reached
2026-08-28T07:20:04.000Z,00QP500000tYQGiMAO,BE,0127Q000000eERIQA2,Status,New,Not reached
2026-08-28T07:19:34.000Z,00QQD00000dBeen2AC,NL,0127Q000000upr9QAA,Status,New,Not Qualified
2026-08-28T07:19:19.000Z,00QP500000tXdSmMAK,BE,0127Q000000eERIQA2,Status,New,Not reached
2026-08-28T07:12:45.000Z,00QP500000tXuGfMAK,BE,0127Q000000eERIQA2,Status,New,Not reached
2026-08-28T07:09:59.000Z,00QP500000tXMq6MAG,BE,0127Q000000eERIQA2,Status,New,Not reached
2026-08-28T07:09:19.000Z,00QP500000tX0T3MAK,BE,0127Q000000eERIQA2,Status,New,Not reached
2026-08-28T07:03:41.000Z,00QP500000sggBpMAI,BE,0127Q000000eERIQA2,Status,Mailjourney,Lost
2026-08-28T06:53:55.000Z,00QP500000tZVm1MAG,BE,0127Q000000eERIQA2,Status,New,Not Qualified
2026-08-28T06:02:04.000Z,00QP500000suluqMAA,IT,012QD000002ylcPYAQ,Status,New,Follow-up
2026-08-28T05:26:00.000Z,00QQD00000Fvoib2AB,NL,0127Q000000upr9QAA,Status,Mailjourney,Re-entered
2026-08-27T18:32:59.000Z,00QQD00000aJs6P2AS,NL,0127Q000000upr9QAA,Status,Not Qualified,Re-entered
2026-08-27T17:21:57.000Z,00QP500000tNqW9MAK,NL,0127Q000000upr9QAA,Status,Follow-up,Re-entered
2026-08-27T15:00:53.000Z,00QQD00000AQB8e2AH,NL,0127Q000000upr9QAA,Status,Mailjourney,Re-entered
2026-08-27T14:55:04.000Z,00QQD00000APx1P2AT,NL,0127Q000000upr9QAA,Status,Mailjourney,Re-entered - Phone Number Changed
2026-08-27T14:54:36.000Z,00QQD00000dqzgr2AA,BE,0127Q000000eERIQA2,Status,Follow-up,Mailjourney
2026-08-27T14:54:00.000Z,00QQD00000dqzgr2AA,BE,0127Q000000eERIQA2,Status,Brochure,Follow-up
2026-08-27T14:52:27.000Z,00QP500000tXW33MAG,NL,0127Q000000upr9QAA,Status,New,Follow-up
2026-08-27T14:47:15.000Z,00QP500000tXPxeMAG,NL,0127Q000000upr9QAA,Status,New,Follow-up
2026-08-27T14:47:01.000Z,00QP500000tXHNOMA4,NL,0127Q000000upr9QAA,Status,New,Brochure
2026-08-27T14:45:48.000Z,00QQD00000ZGkGS2A1,BE,0127Q000000eERIQA2,Status,Brochure,Follow-up
2026-08-27T14:40:58.000Z,00QQD00000GpCQw2AN,NL,0127Q000000upr9QAA,Status,Re-entered,Mailjourney
2026-08-27T14:40:32.000Z,00QP500000tBZUEMA4,BE,0127Q000000eERIQA2,Status,Brochure,Follow-up
2026-08-27T14:39:08.000Z,00QP500000t2gbPMAQ,BE,0127Q000000eERIQA2,Status,Brochure,Follow-up
2026-08-27T14:36:43.000Z,00QP500000t2MZWMA2,BE,0127Q000000eERIQA2,Status,Brochure,Follow-up
2026-08-27T14:35:31.000Z,00QP500000t2MZWMA2,BE,0127Q000000eERIQA2,Status,Follow-up,Brochure
2026-08-27T14:35:17.000Z,00QP500000t2MZWMA2,BE,0127Q000000eERIQA2,Status,Brochure,Follow-up
2026-08-27T14:34:20.000Z,00QP500000t2E7HMAU,BE,0127Q000000eERIQA2,Status,Brochure,Follow-up
2026-08-27T14:32:08.000Z,00QP500000sz2LxMAI,BE,0127Q000000eERIQA2,Status,Brochure,Follow-up
2026-08-27T14:32:02.000Z,00QP500000tXWcXMAW,NL,0127Q000000upr9QAA,Status,New,Brochure
2026-08-27T14:28:56.000Z,00QP500000sggBpMAI,BE,0127Q000000eERIQA2,Status,Brochure,Mailjourney
2026-08-27T14:25:46.000Z,00QP500000tXN2zMAG,NL,0127Q000000upr9QAA,Status,New,Not reached
2026-08-27T14:25:09.000Z,00QP500000sUntpMAC,BE,0127Q000000eERIQA2,Status,Brochure,Follow-up
2026-08-27T14:23:25.000Z,00QP500000sMbpxMAC,BE,0127Q000000eERIQA2,Status,Brochure,Follow-up
2026-08-27T14:20:33.000Z,00QP500000sGRJjMAO,BE,0127Q000000eERIQA2,Status,Brochure,Mailjourney
2026-08-27T14:18:10.000Z,00QP500000tX2RZMA0,NL,0127Q000000upr9QAA,Status,New,Not Qualified
2026-08-27T14:17:59.000Z,00QP500000tX0UdMAK,NL,0127Q000000upr9QAA,Status,New,Appointment
2026-08-27T14:16:11.000Z,00QP500000sEEbvMAG,BE,0127Q000000eERIQA2,Status,Brochure,Follow-up
2026-08-27T14:14:04.000Z,00QP500000rjWd9MAE,BE,0127Q000000eERIQA2,Status,Brochure,Follow-up
2026-08-27T14:10:11.000Z,00QQD00000GpCQw2AN,NL,0127Q000000upr9QAA,Status,Mailjourney,Re-entered
2026-08-27T14:01:39.000Z,00QP500000tUjMbMAK,NL,0127Q000000upr9QAA,Status,Not reached,Brochure
2026-08-27T13:55:59.000Z,00QQD00000AQai42AD,NL,0127Q000000upr9QAA,Status,Not reached,Follow-up
2026-08-27T13:55:40.000Z,00QP500000tWuSPMA0,NL,0127Q000000upr9QAA,Status,New,Lost
2026-08-27T13:53:44.000Z,00QQD00000AQ1xm2AD,NL,0127Q000000upr9QAA,Status,Not reached,Mailjourney
2026-08-27T13:48:12.000Z,00QP500000tX6zpMAC,NL,0127Q000000upr9QAA,Status,New,Not reached
2026-08-27T13:47:52.000Z,00QP500000tRpq2MAC,NL,0127Q000000upr9QAA,Status,Not reached,Follow-up
2026-08-27T13:46:22.000Z,00QP500000tW0BkMAK,BE,0127Q000000eERIQA2,Status,Not reached,Follow-up
2026-08-27T13:40:54.000Z,00QP500000tQeLVMA0,NL,0127Q000000upr9QAA,Status,Not reached,Lost
2026-08-27T13:33:55.000Z,00QP500000tWTbuMAG,BE,0127Q000000eERIQA2,Status,New,Appointment
2026-08-27T13:22:11.000Z,00QP500000tVTXYMA4,NL,0127Q000000upr9QAA,Status,Brochure,Follow-up
2026-08-27T13:21:45.000Z,00QP500000tNXN0MAO,NL,0127Q000000upr9QAA,Status,Brochure,Follow-up
2026-08-27T13:21:14.000Z,00QP500000tWFdlMAG,BE,0127Q000000eERIQA2,Status,New,Mailjourney
2026-08-27T13:20:44.000Z,00QP500000pkSf3MAE,BE,0127Q000000eERIQA2,Status,Re-entered,Not Qualified
2026-08-27T13:20:37.000Z,00QP500000tWrHdMAK,BE,0127Q000000eERIQA2,Status,New,Not Qualified
2026-08-27T13:18:04.000Z,00QQD00000ZGwJr2AL,BE,0127Q000000eERIQA2,Status,Re-entered,Not reached
2026-08-27T13:16:58.000Z,00QP500000tWDsBMAW,BE,0127Q000000eERIQA2,Status,New,Not reached
2026-08-27T13:14:31.000Z,00QP500000tWCpbMAG,BE,0127Q000000eERIQA2,Status,New,Not reached
2026-08-27T13:12:31.000Z,00QP500000tIgIuMAK,NL,0127Q000000upr9QAA,Status,Follow-up,Appointment
2026-08-27T13:12:30.000Z,00QP500000tW0BkMAK,BE,0127Q000000eERIQA2,Status,New,Not reached
2026-08-27T13:11:42.000Z,00QP500000tVNrvMAG,BE,0127Q000000eERIQA2,Status,New,Not Qualified
2026-08-27T13:07:21.000Z,00QP500000tWX4SMAW,NL,0127Q000000upr9QAA,Status,New,Lost
2026-08-27T13:04:45.000Z,00QP500000tVoSJMA0,BE,0127Q000000eERIQA2,Status,New,Not Qualified
2026-08-27T13:03:07.000Z,00QP500000tKw4zMAC,NL,0127Q000000upr9QAA,Status,Not reached,Follow-up
2026-08-27T13:01:32.000Z,00QQD00000ZH2RZ2A1,BE,0127Q000000eERIQA2,Status,Follow-up,Mailjourney
2026-08-27T12:59:03.000Z,00QQD00000ZH0a12AD,BE,0127Q000000eERIQA2,Status,Follow-up,Not Qualified
2026-08-27T12:52:20.000Z,00QP500000tKw4zMAC,NL,0127Q000000upr9QAA,Status,Re-entered - Phone Number Changed,Not reached
2026-08-27T12:51:10.000Z,00QQD00000ZH0TS2A1,BE,0127Q000000eERIQA2,Status,Brochure,Lost
2026-08-27T12:51:05.000Z,00QP500000tWUT9MAO,NL,0127Q000000upr9QAA,Status,New,Not Qualified
2026-08-27T12:49:28.000Z,00QQD00000ZH0TS2A1,BE,0127Q000000eERIQA2,Status,Follow-up,Brochure
2026-08-27T12:45:35.000Z,00QQD00000drgQr2AI,NL,0127Q000000upr9QAA,Status,Follow-up,Mailjourney
2026-08-27T12:44:43.000Z,00QP500000tIkj5MAC,BE,0127Q000000eERIQA2,Status,Not reached,Mailjourney
2026-08-27T12:42:26.000Z,00QP500000tQ5lzMAC,NL,0127Q000000upr9QAA,Status,Not reached,Mailjourney
2026-08-27T12:41:11.000Z,00QQD00000Xsrp72AB,NL,0127Q000000upr9QAA,Status,Follow-up,Mailjourney
2026-08-27T12:39:12.000Z,00QP500000sn3iQMAQ,BE,0127Q000000eERIQA2,Status,Follow-up,Mailjourney
2026-08-27T12:38:32.000Z,00QP500000tVbBjMAK,NL,0127Q000000upr9QAA,Status,New,Lost
2026-08-27T12:36:46.000Z,00QP500000shNSAMA2,BE,0127Q000000eERIQA2,Status,Mailjourney,Follow-up
2026-08-27T12:35:52.000Z,00QP500000tJ34EMAS,NL,0127Q000000upr9QAA,Status,Not reached,Follow-up
2026-08-27T12:33:42.000Z,00QP500000tWJshMAG,NL,0127Q000000upr9QAA,Status,New,Appointment
2026-08-27T12:29:23.000Z,00QP500000shNSAMA2,BE,0127Q000000eERIQA2,Status,Follow-up,Mailjourney
2026-08-27T12:29:03.000Z,00QP500000sJCROMA4,BE,0127Q000000eERIQA2,Status,Follow-up,Mailjourney
2026-08-27T12:28:16.000Z,00QP500000r8MrFMAU,BE,0127Q000000eERIQA2,Status,Follow-up,Lost
2026-08-27T12:27:53.000Z,00QP500000tTr1JMAS,NL,0127Q000000upr9QAA,Status,Not reached,Follow-up
2026-08-27T12:24:53.000Z,00QP500000qbKt3MAE,BE,0127Q000000eERIQA2,Status,Follow-up,Mailjourney
2026-08-27T12:24:37.000Z,00QP500000tMEizMAG,NL,0127Q000000upr9QAA,Status,Not reached,Follow-up
2026-08-27T12:24:36.000Z,00QP500000tViOVMA0,NL,0127Q000000upr9QAA,Status,New,Not Qualified
2026-08-27T12:22:24.000Z,00QQD00000ZTXNp2AP,NL,0127Q000000upr9QAA,Status,Not reached,Appointment
2026-08-27T12:20:02.000Z,00QP500000psNwkMAE,BE,0127Q000000eERIQA2,Status,Follow-up,Lost
2026-08-27T12:19:48.000Z,00QP500000qPs45MAC,NL,0127Q000000upr9QAA,Status,Not reached,Follow-up
2026-08-27T12:19:12.000Z,00QP500000tNpYPMA0,NL,0127Q000000upr9QAA,Status,Not reached,Follow-up
2026-08-27T12:13:57.000Z,00QP500000tVTXYMA4,NL,0127Q000000upr9QAA,Status,New,Brochure
2026-08-27T12:11:44.000Z,00QP500000tKw4zMAC,NL,0127Q000000upr9QAA,Status,Mailjourney,Re-entered - Phone Number Changed
2026-08-27T12:09:27.000Z,00QP500000tPV2XMAW,BE,0127Q000000eERIQA2,Status,Not reached,Mailjourney
2026-08-27T12:07:33.000Z,00QP500000tNXN0MAO,NL,0127Q000000upr9QAA,Status,Not reached,Brochure
2026-08-27T12:06:12.000Z,00QP500000tLSBLMA4,NL,0127Q000000upr9QAA,Status,Not reached,Follow-up
2026-08-27T12:06:01.000Z,00QP500000tMADxMAO,NL,0127Q000000upr9QAA,Status,Not reached,Follow-up
2026-08-27T12:05:47.000Z,00QP500000qPs45MAC,NL,0127Q000000upr9QAA,Status,Re-entered,Not reached
2026-08-27T12:05:11.000Z,00QP500000qKF1lMAG,BE,0127Q000000eERIQA2,Status,Not reached,Lost
2026-08-27T12:02:59.000Z,00QP500000qPs45MAC,NL,0127Q000000upr9QAA,Status,Mailjourney,Re-entered
2026-08-27T12:02:41.000Z,00QQD00000dO2Td2AK,NL,0127Q000000upr9QAA,Status,Follow-up,Lost
2026-08-27T12:01:59.000Z,00QQD00000ZTXNp2AP,NL,0127Q000000upr9QAA,Status,Re-entered,Not reached
2026-08-27T12:00:58.000Z,00QP500000tK3WnMAK,NL,0127Q000000upr9QAA,Status,Not reached,Follow-up
2026-08-27T12:00:15.000Z,00QP500000qKF1lMAG,BE,0127Q000000eERIQA2,Status,Follow-up,Not reached
2026-08-27T11:57:05.000Z,00QP500000tVxP7MAK,NL,0127Q000000upr9QAA,Status,New,Follow-up
2026-08-27T11:55:51.000Z,00QP500000tVG0oMAG,BE,0127Q000000eERIQA2,Status,New,Not reached
2026-08-27T11:51:56.000Z,00QP500000tMLyzMAG,BE,0127Q000000eERIQA2,Status,Not reached,Mailjourney
2026-08-27T11:51:18.000Z,00QP500000tO7lTMAS,BE,0127Q000000eERIQA2,Status,Not reached,Follow-up
2026-08-27T11:49:32.000Z,00QQD00000e1BAT2A2,BE,0127Q000000eERIQA2,Status,Not reached,Mailjourney
2026-08-27T11:49:09.000Z,00QP500000tUXAAMA4,BE,0127Q000000eERIQA2,Status,New,Not Qualified
2026-08-27T11:48:56.000Z,00QQD00000e1BAT2A2,BE,0127Q000000eERIQA2,Status,Re-entered,Not reached
2026-08-27T11:46:02.000Z,00QP500000tPSj0MAG,NL,0127Q000000upr9QAA,Status,Not reached,Lost
2026-08-27T11:45:58.000Z,00QQD00000ZTXNp2AP,NL,0127Q000000upr9QAA,Status,Not reached,Re-entered
2026-08-27T11:45:47.000Z,00QP500000tPqBpMAK,NL,0127Q000000upr9QAA,Status,Not reached,Follow-up
2026-08-27T11:45:11.000Z,00QQD00000ZTXNp2AP,NL,0127Q000000upr9QAA,Status,Re-entered,Not reached
2026-08-27T11:44:03.000Z,00QQD00000ZTXNp2AP,NL,0127Q000000upr9QAA,Status,Mailjourney,Re-entered
2026-08-27T11:41:18.000Z,00QQD00000H3uK22AJ,NL,0127Q000000upr9QAA,Status,Re-entered,Not reached
2026-08-27T11:38:55.000Z,00QP500000tVNrwMAG,NL,0127Q000000upr9QAA,Status,New,Not reached
2026-08-27T11:30:26.000Z,00QP500000tV6uLMAS,BE,0127Q000000eERIQA2,Status,New,Appointment
2026-08-27T11:22:06.000Z,00QP500000tVNruMAG,NL,0127Q000000upr9QAA,Status,New,Not reached
2026-08-27T11:21:47.000Z,00QP500000tViwWMAS,BE,0127Q000000eERIQA2,Status,New,Not Qualified
2026-08-27T11:20:32.000Z,00QP500000tTqq3MAC,NL,0127Q000000upr9QAA,Status,New,Follow-up
2026-08-27T11:18:22.000Z,00QP500000tVzSXMA0,NL,0127Q000000upr9QAA,Status,New,Not Qualified
2026-08-27T11:16:35.000Z,00QQD00000AQah42AD,NL,0127Q000000upr9QAA,Status,New,Appointment
2026-08-27T11:14:51.000Z,00QQD00000AQah42AD,NL,0127Q000000upr9QAA,Status,Converted Old SF,New
2026-08-27T11:14:44.000Z,00QP500000tVEiCMAW,NL,0127Q000000upr9QAA,Status,New,Not Qualified
2026-08-27T11:07:55.000Z,00QP500000pkSf3MAE,BE,0127Q000000eERIQA2,Status,Not Qualified,Re-entered
2026-08-27T10:47:12.000Z,00QQD00000H3uK22AJ,NL,0127Q000000upr9QAA,Status,Mailjourney,Re-entered
2026-08-27T10:34:41.000Z,00QP500000tUdNgMAK,BE,0127Q000000eERIQA2,Status,New,Appointment
2026-08-27T10:23:29.000Z,00QP500000tV4J0MAK,NL,0127Q000000upr9QAA,Status,New,Appointment
2026-08-27T10:18:02.000Z,00QP500000tVGX4MAO,NL,0127Q000000upr9QAA,Status,New,Appointment
2026-08-27T10:08:39.000Z,00QQD00000a3f572AA,NL,0127Q000000upr9QAA,Status,Follow-up,Appointment
2026-08-27T10:08:10.000Z,00QP500000tTr1JMAS,NL,0127Q000000upr9QAA,Status,New,Not reached
2026-08-27T10:07:57.000Z,00QQD00000dxlsU2AQ,NL,0127Q000000upr9QAA,Status,Follow-up,Lost
2026-08-27T10:03:28.000Z,00QP500000tTKFCMA4,BE,0127Q000000eERIQA2,Status,New,Appointment
2026-08-27T10:02:28.000Z,00QQD00000dz3H52AI,NL,0127Q000000upr9QAA,Status,Follow-up,Mailjourney
2026-08-27T09:59:21.000Z,00QQD00000FWcXl2AL,NL,0127Q000000upr9QAA,Status,Follow-up,Mailjourney
2026-08-27T09:57:41.000Z,00QP500000swScjMAE,NL,0127Q000000upr9QAA,Status,Follow-up,Mailjourney
2026-08-27T09:55:20.000Z,00QQD00000AQhia2AD,NL,0127Q000000upr9QAA,Status,Follow-up,Mailjourney
2026-08-27T09:52:10.000Z,00QQD00000ZGkvw2AD,BE,0127Q000000eERIQA2,Status,Follow-up,Appointment
2026-08-27T09:51:53.000Z,00QP500000tV4IzMAK,NL,0127Q000000upr9QAA,Status,New,Lost
2026-08-27T09:49:12.000Z,00QQD00000ZGyNe2AL,BE,0127Q000000eERIQA2,Status,Follow-up,Appointment
2026-08-27T09:39:30.000Z,00QQD00000cxsBN2AY,BE,0127Q000000eERIQA2,Status,Follow-up,Mailjourney
2026-08-27T09:37:54.000Z,00QP500000rFzb4MAC,BE,0127Q000000eERIQA2,Status,Follow-up,Mailjourney
2026-08-27T09:36:20.000Z,00QP500000sv6zKMAQ,NL,0127Q000000upr9QAA,Status,Follow-up,Mailjourney
2026-08-27T09:32:36.000Z,00QP500000suqWHMAY,NL,0127Q000000upr9QAA,Status,Follow-up,Mailjourney
2026-08-27T09:31:16.000Z,00QP500000skXebMAE,NL,0127Q000000upr9QAA,Status,Follow-up,Mailjourney
2026-08-27T09:30:00.000Z,00QP500000s8EYCMA2,NL,0127Q000000upr9QAA,Status,Follow-up,Mailjourney
2026-08-27T09:28:48.000Z,00QP500000tJLXKMA4,NL,0127Q000000upr9QAA,Status,Brochure,Mailjourney
2026-08-27T09:28:47.000Z,00QP500000pozpJMAQ,NL,0127Q000000upr9QAA,Status,Follow-up,Mailjourney
2026-08-27T09:28:24.000Z,00QP500000tQJPBMA4,NL,0127Q000000upr9QAA,Status,Brochure,Follow-up
2026-08-27T09:28:24.000Z,00QP500000tUBBIMA4,NL,0127Q000000upr9QAA,Status,Brochure,Follow-up
2026-08-27T09:28:24.000Z,00QP500000tPZz0MAG,NL,0127Q000000upr9QAA,Status,Brochure,Follow-up
2026-08-27T09:28:24.000Z,00QP500000tIxunMAC,NL,0127Q000000upr9QAA,Status,Brochure,Follow-up
2026-08-27T09:28:24.000Z,00QP500000tQEAvMAO,NL,0127Q000000upr9QAA,Status,Brochure,Follow-up
2026-08-27T09:25:11.000Z,00QQD00000ZGwJr2AL,BE,0127Q000000eERIQA2,Status,Not Qualified,Re-entered
2026-08-27T09:23:47.000Z,00QP500000tTxUsMAK,BE,0127Q000000eERIQA2,Status,New,Lost
2026-08-27T09:22:45.000Z,00QP500000sAo7jMAC,NL,0127Q000000upr9QAA,Status,Follow-up,Appointment
2026-08-27T09:22:12.000Z,00QP500000tNMeVMAW,BE,0127Q000000eERIQA2,Status,Not reached,Follow-up
2026-08-27T09:21:55.000Z,00QP500000tUBBIMA4,NL,0127Q000000upr9QAA,Status,New,Brochure
2026-08-27T09:20:47.000Z,00QP500000tUjMbMAK,NL,0127Q000000upr9QAA,Status,New,Not reached
2026-08-27T09:17:26.000Z,00QP500000sPLerMAG,NL,0127Q000000upr9QAA,Status,Re-entered,Not Qualified
2026-08-27T09:11:42.000Z,00QP500000tUqeDMAS,NL,0127Q000000upr9QAA,Status,New,Appointment
2026-08-27T09:08:10.000Z,00QP500000sbDVVMA2,NL,0127Q000000upr9QAA,Status,Follow-up,Mailjourney
2026-08-27T09:06:45.000Z,00QP500000tUirzMAC,NL,0127Q000000upr9QAA,Status,New,Lost
2026-08-27T09:05:49.000Z,00QP500000rwbOxMAI,NL,0127Q000000upr9QAA,Status,Follow-up,Lost
2026-08-27T09:05:06.000Z,00QP500000tUZIPMA4,BE,0127Q000000eERIQA2,Status,New,Appointment
2026-08-27T08:58:31.000Z,00QP500000tTqq4MAC,NL,0127Q000000upr9QAA,Status,New,Not Qualified
2026-08-27T08:55:36.000Z,00QP500000tUleYMAS,BE,0127Q000000eERIQA2,Status,New,Appointment
2026-08-27T08:54:29.000Z,00QQD00000dOUF62AO,NL,0127Q000000upr9QAA,Status,Follow-up,Mailjourney
2026-08-27T08:52:58.000Z,00QP500000tTdSwMAK,NL,0127Q000000upr9QAA,Status,New,Not reached
2026-08-27T08:51:07.000Z,00QP500000rpFjLMAU,NL,0127Q000000upr9QAA,Status,Follow-up,Mailjourney
2026-08-27T08:50:56.000Z,00QP500000tMi7eMAC,BE,0127Q000000eERIQA2,Status,Not reached,Mailjourney
2026-08-27T08:50:39.000Z,00QP500000rGx8tMAC,NL,0127Q000000upr9QAA,Status,Follow-up,Mailjourney
2026-08-27T08:48:48.000Z,00QP500000qLvdFMAS,NL,0127Q000000upr9QAA,Status,Follow-up,Mailjourney
2026-08-27T08:47:09.000Z,00QP500000sPLerMAG,NL,0127Q000000upr9QAA,Status,Mailjourney,Re-entered
2026-08-27T08:45:04.000Z,00QQD00000e1BAT2A2,BE,0127Q000000eERIQA2,Status,Follow-up,Re-entered
2026-08-27T08:42:20.000Z,00QP500000tTZKTMA4,NL,0127Q000000upr9QAA,Status,Not reached,Follow-up
2026-08-27T08:40:15.000Z,00QP500000sT7S2MAK,NL,0127Q000000upr9QAA,Status,Follow-up,Lost
2026-08-27T08:40:00.000Z,00QP500000qduZ3MAI,NL,0127Q000000upr9QAA,Status,Follow-up,Lost
2026-08-27T08:39:42.000Z,00QP500000rsJDeMAM,BE,0127Q000000eERIQA2,Status,Follow-up,Lost
2026-08-27T08:36:43.000Z,00QP500000qkRH3MAM,BE,0127Q000000eERIQA2,Status,Follow-up,Mailjourney
2026-08-27T08:35:35.000Z,00QP500000tTYPaMAO,NL,0127Q000000upr9QAA,Status,New,Not Qualified
2026-08-27T08:31:40.000Z,00QP500000tDyczMAC,NL,0127Q000000upr9QAA,Status,Not reached,Follow-up
2026-08-27T08:30:08.000Z,00QP500000tTZKTMA4,NL,0127Q000000upr9QAA,Status,New,Not reached
2026-08-27T08:29:14.000Z,00QP500000t4bAzMAI,NL,0127Q000000upr9QAA,Status,Re-entered,Follow-up
2026-08-27T08:26:32.000Z,00QP500000sk377MAA,BE,0127Q000000eERIQA2,Status,Follow-up,Not reached
2026-08-27T08:25:03.000Z,00QP500000shiWbMAI,NL,0127Q000000upr9QAA,Status,Follow-up,Mailjourney
2026-08-27T08:21:14.000Z,00QP500000tTOCAMA4,NL,0127Q000000upr9QAA,Status,Not reached,Mailjourney
2026-08-27T08:20:46.000Z,00QP500000tQJPBMA4,NL,0127Q000000upr9QAA,Status,New,Brochure
2026-08-27T08:20:18.000Z,00QP500000tTaRqMAK,NL,0127Q000000upr9QAA,Status,New,Not reached
2026-08-27T08:19:22.000Z,00QP500000tTOCAMA4,NL,0127Q000000upr9QAA,Status,New,Not reached
2026-08-27T08:19:03.000Z,00QP500000tTfo5MAC,BE,0127Q000000eERIQA2,Status,Not reached,Mailjourney
2026-08-27T08:18:48.000Z,00QP500000tTfo5MAC,BE,0127Q000000eERIQA2,Status,New,Not reached
2026-08-27T08:16:00.000Z,00QQD00000cWbmX2AS,NL,0127Q000000upr9QAA,Status,Follow-up,Lost
2026-08-27T08:13:31.000Z,00QP500000tIxunMAC,NL,0127Q000000upr9QAA,Status,Not reached,Brochure
2026-08-27T08:13:15.000Z,00QP500000rOk9jMAC,NL,0127Q000000upr9QAA,Status,Follow-up,Mailjourney
2026-08-27T08:12:02.000Z,00QP500000tU7NlMAK,BE,0127Q000000eERIQA2,Status,New,Appointment
2026-08-27T08:11:50.000Z,00QP500000tQffmMAC,BE,0127Q000000eERIQA2,Status,New,Follow-up
2026-08-27T08:09:50.000Z,00QP500000tTV8vMAG,NL,0127Q000000upr9QAA,Status,New,Mailjourney
2026-08-27T08:08:56.000Z,00QQD00000AQRjZ2AX,NL,0127Q000000upr9QAA,Status,Follow-up,Lost
2026-08-27T08:06:15.000Z,00QP500000tPIjdMAG,NL,0127Q000000upr9QAA,Status,Not reached,Follow-up
2026-08-27T08:05:38.000Z,00QP500000qduZ3MAI,NL,0127Q000000upr9QAA,Status,Not reached,Follow-up
2026-08-27T08:05:25.000Z,00QP500000szweJMAQ,NL,0127Q000000upr9QAA,Status,Mailjourney,Appointment
2026-08-27T08:05:20.000Z,00QP500000qduZ3MAI,NL,0127Q000000upr9QAA,Status,Follow-up,Not reached
2026-08-27T08:04:54.000Z,00QP500000tCnjdMAC,NL,0127Q000000upr9QAA,Status,Not reached,Lost
2026-08-27T08:04:52.000Z,00QP500000smoeXMAQ,NL,0127Q000000upr9QAA,Status,Follow-up,Mailjourney
2026-08-27T08:04:04.000Z,00QP500000tOimiMAC,NL,0127Q000000upr9QAA,Status,Lost,Not Qualified
2026-08-27T08:03:11.000Z,00QP500000tOimiMAC,NL,0127Q000000upr9QAA,Status,Not reached,Lost
2026-08-27T08:03:03.000Z,00QP500000tRb0cMAC,NL,0127Q000000upr9QAA,Status,Not reached,Appointment
2026-08-27T08:01:55.000Z,00QQD00000duYyF2AU,NL,0127Q000000upr9QAA,Status,Re-entered,Appointment
2026-08-27T08:01:55.000Z,00QQD00000AQZ5x2AH,NL,0127Q000000upr9QAA,Status,Not reached,Mailjourney
2026-08-27T08:01:37.000Z,00QQD00000AQZ5x2AH,NL,0127Q000000upr9QAA,Status,Converted Old SF,Not reached
2026-08-27T08:00:52.000Z,00QP500000tRx19MAC,NL,0127Q000000upr9QAA,Status,New,Not reached
2026-08-27T08:00:38.000Z,00QP500000tJLXKMA4,NL,0127Q000000upr9QAA,Status,Not reached,Brochure
2026-08-27T08:00:07.000Z,00QP500000tRUX6MAO,BE,0127Q000000eERIQA2,Status,New,Not reached
2026-08-27T07:59:18.000Z,00QP500000tTIgDMAW,NL,0127Q000000upr9QAA,Status,New,Mailjourney
2026-08-27T07:59:07.000Z,00QP500000sSXbTMAW,NL,0127Q000000upr9QAA,Status,Follow-up,Not Qualified
2026-08-27T07:58:53.000Z,00QP500000tRSuzMAG,NL,0127Q000000upr9QAA,Status,New,Not reached
2026-08-27T07:57:53.000Z,00QP500000tTEzCMAW,BE,0127Q000000eERIQA2,Status,New,Appointment
2026-08-27T07:57:16.000Z,00QP500000tQLfWMAW,NL,0127Q000000upr9QAA,Status,New,Not Qualified
2026-08-27T07:54:54.000Z,00QP500000qYIhlMAG,BE,0127Q000000eERIQA2,Status,Follow-up,Not Qualified
2026-08-27T07:52:55.000Z,00QP500000tQFweMAG,NL,0127Q000000upr9QAA,Status,New,Appointment
2026-08-27T07:51:55.000Z,00QP500000tRb0cMAC,NL,0127Q000000upr9QAA,Status,New,Not reached
2026-08-27T07:50:53.000Z,00QP500000tS7LTMA0,NL,0127Q000000upr9QAA,Status,New,Not reached
2026-08-27T07:49:47.000Z,00QQD00000APyCZ2A1,NL,0127Q000000upr9QAA,Status,Not reached,Appointment
2026-08-27T07:48:57.000Z,00QP500000tRU5bMAG,NL,0127Q000000upr9QAA,Status,New,Follow-up
2026-08-27T07:47:06.000Z,00QP500000tRpQAMA0,NL,0127Q000000upr9QAA,Status,New,Appointment
2026-08-27T07:46:56.000Z,00QP500000tSGADMA4,NL,0127Q000000upr9QAA,Status,New,Mailjourney
2026-08-27T07:45:20.000Z,00QP500000tQtAsMAK,NL,0127Q000000upr9QAA,Status,New,Not reached
2026-08-27T07:45:20.000Z,00QP500000tRVWHMA4,NL,0127Q000000upr9QAA,Status,New,Not reached
2026-08-27T07:45:01.000Z,00QP500000tRVWKMA4,BE,0127Q000000eERIQA2,Status,New,Appointment
2026-08-27T07:44:54.000Z,00QQD00000AQPmf2AH,NL,0127Q000000upr9QAA,Status,Mailjourney,Appointment
2026-08-27T07:44:13.000Z,00QP500000tREtgMAG,NL,0127Q000000upr9QAA,Status,New,Not Qualified
2026-08-27T07:44:07.000Z,00QP500000tS9nAMAS,NL,0127Q000000upr9QAA,Status,New,Not reached
2026-08-27T07:42:56.000Z,00QP500000rPJP7MAO,NL,0127Q000000upr9QAA,Status,Mailjourney,Not Qualified
2026-08-27T07:41:36.000Z,00QQD00000APzUL2A1,NL,0127Q000000upr9QAA,Status,Follow-up,Lost
2026-08-27T07:39:28.000Z,00QP500000tROzUMAW,BE,0127Q000000eERIQA2,Status,New,Appointment
2026-08-27T07:39:18.000Z,00QQD00000AQ9W72AL,NL,0127Q000000upr9QAA,Status,Re-entered,Appointment
2026-08-27T07:38:29.000Z,00QP500000svNiLMAU,NL,0127Q000000upr9QAA,Status,Lost,Not Qualified
2026-08-27T07:37:51.000Z,00QP500000tRM9fMAG,NL,0127Q000000upr9QAA,Status,New,Lost
2026-08-27T07:35:34.000Z,00QP500000svNiLMAU,NL,0127Q000000upr9QAA,Status,Follow-up,Lost
2026-08-27T07:34:09.000Z,00QP500000tBiiqMAC,BE,0127Q000000eERIQA2,Status,Follow-up,Mailjourney
2026-08-27T07:33:51.000Z,00QP500000tRfU2MAK,BE,0127Q000000eERIQA2,Status,New,Follow-up
2026-08-27T07:30:29.000Z,00QP500000tR69jMAC,BE,0127Q000000eERIQA2,Status,New,Follow-up
2026-08-27T07:29:27.000Z,00QQD00000APx1P2AT,NL,0127Q000000upr9QAA,Status,Not reached,Mailjourney
2026-08-27T07:29:21.000Z,00QP500000tQX1aMAG,BE,0127Q000000eERIQA2,Status,New,Appointment
2026-08-27T07:29:05.000Z,00QP500000tFp0wMAC,BE,0127Q000000eERIQA2,Status,Not reached,Follow-up
2026-08-27T07:26:10.000Z,00QP500000tRpq2MAC,NL,0127Q000000upr9QAA,Status,New,Not reached
2026-08-27T07:24:43.000Z,00QP500000tQzucMAC,BE,0127Q000000eERIQA2,Status,Not reached,Follow-up
2026-08-27T07:24:23.000Z,00QP500000tTZKUMA4,BE,0127Q000000eERIQA2,Status,New,Not reached
2026-08-27T07:23:37.000Z,00QP500000tQeLVMA0,NL,0127Q000000upr9QAA,Status,New,Not reached
2026-08-27T07:21:09.000Z,00QP500000tTEntMAG,BE,0127Q000000eERIQA2,Status,New,Follow-up
2026-08-27T07:19:27.000Z,00QP500000tQzucMAC,BE,0127Q000000eERIQA2,Status,New,Not reached
2026-08-27T07:16:35.000Z,00QP500000tQLfXMAW,BE,0127Q000000eERIQA2,Status,New,Not reached
2026-08-27T07:16:21.000Z,00QP500000tSu63MAC,BE,0127Q000000eERIQA2,Status,Not reached,Not Qualified
2026-08-27T07:13:16.000Z,00QP500000tSu63MAC,BE,0127Q000000eERIQA2,Status,New,Not reached
2026-08-27T07:11:42.000Z,00QP500000tSX7pMAG,BE,0127Q000000eERIQA2,Status,New,Not reached
2026-08-27T07:06:48.000Z,00QP500000tRPkGMAW,BE,0127Q000000eERIQA2,Status,New,Appointment
2026-08-27T06:43:00.000Z,00QQD00000bSx1V2AS,BE,0127Q000000eERIQA2,Status,Re-entered,Not Qualified
2026-08-27T06:40:54.000Z,00QP500000skNvNMAU,NL,0127Q000000upr9QAA,Status,Follow-up,Appointment
2026-08-27T06:30:42.000Z,00QP500000tRLyTMAW,NL,0127Q000000upr9QAA,Status,New,Not Qualified
2026-08-27T06:30:04.000Z,00QP500000tTajZMAS,BE,0127Q000000eERIQA2,Status,New,Appointment
2026-08-27T06:01:54.000Z,00QP500000sn7yxMAA,IT,012QD000002ylcPYAQ,Status,New,Not Qualified
2026-08-27T06:01:54.000Z,00QQD00000ZGxeG2AT,FR,012QD000002ylXZYAY,Status,Mailjourney,Re-entered
2026-08-27T06:01:54.000Z,00QQD00000ZFZrm2AH,FR,012QD000002ylXZYAY,Status,Lost,Re-entered
2026-08-27T06:01:54.000Z,00QP500000sn7yvMAA,IT,012QD000002ylcPYAQ,Status,New,Not Qualified
2026-08-27T06:01:54.000Z,00QP500000sn7yzMAA,FR,012QD000002ylXZYAY,Status,New,Converted Old SF
2026-08-27T06:01:54.000Z,00QP500000sn7z1MAA,FR,012QD000002ylXZYAY,Status,New,Mailjourney
2026-08-27T06:01:54.000Z,00QP500000sn7z3MAA,IT,012QD000002ylcPYAQ,Status,New,Follow-up
2026-08-27T05:49:57.000Z,00QP500000tRqPSMA0,NL,0127Q000000upr9QAA,Status,New,Not Qualified
2026-08-27T05:49:36.000Z,00QP500000tRHd3MAG,NL,0127Q000000upr9QAA,Status,New,Mailjourney
2026-08-27T05:48:54.000Z,00QP500000tQ9b5MAC,NL,0127Q000000upr9QAA,Status,New,Mailjourney
2026-08-27T05:47:18.000Z,00QP500000tRyRuMAK,NL,0127Q000000upr9QAA,Status,New,Not Qualified
2026-08-27T03:32:10.000Z,00QP500000t4bAzMAI,NL,0127Q000000upr9QAA,Status,Follow-up,Re-entered
2026-08-26T22:56:07.000Z,00QQD00000duYyF2AU,NL,0127Q000000upr9QAA,Status,Follow-up,Re-entered
2026-08-26T18:48:59.000Z,00QQD00000AQ9W72AL,NL,0127Q000000upr9QAA,Status,Follow-up,Re-entered
2026-08-26T18:03:13.000Z,00QQD00000bSx1V2AS,BE,0127Q000000eERIQA2,Status,Not Qualified,Re-entered
2026-08-26T15:07:13.000Z,00QQD00000bVMqB2AW,BE,0127Q000000eERIQA2,Status,Mailjourney,Follow-up
2026-08-26T15:05:18.000Z,00QQD00000bVMqB2AW,BE,0127Q000000eERIQA2,Status,Follow-up,Mailjourney
2026-08-26T15:04:46.000Z,00QQD00000ZH0XF2A1,BE,0127Q000000eERIQA2,Status,Follow-up,Brochure
2026-08-26T15:03:38.000Z,00QP500000spBvEMAU,BE,0127Q000000eERIQA2,Status,Follow-up,Mailjourney
2026-08-26T15:02:19.000Z,00QP500000shT67MAE,BE,0127Q000000eERIQA2,Status,Follow-up,Mailjourney
2026-08-26T14:58:33.000Z,00QP500000sbrsfMAA,BE,0127Q000000eERIQA2,Status,Follow-up,Mailjourney
2026-08-26T14:54:59.000Z,00QP500000tQMZtMAO,BE,0127Q000000eERIQA2,Status,New,Not Qualified
2026-08-26T14:50:03.000Z,00QP500000tGkIZMA0,BE,0127Q000000eERIQA2,Status,Not reached,Mailjourney
2026-08-26T14:49:59.000Z,00QP500000tQEAvMAO,NL,0127Q000000upr9QAA,Status,New,Brochure
2026-08-26T14:49:36.000Z,00QP500000tEqezMAC,BE,0127Q000000eERIQA2,Status,Not reached,Follow-up
2026-08-26T14:47:32.000Z,00QP500000tC8dHMAS,BE,0127Q000000eERIQA2,Status,Not reached,Follow-up
2026-08-26T14:47:04.000Z,00QP500000tQ5lzMAC,NL,0127Q000000upr9QAA,Status,New,Not reached
2026-08-26T14:46:24.000Z,00QP500000tQ5m0MAC,NL,0127Q000000upr9QAA,Status,New,Follow-up
2026-08-26T14:45:39.000Z,00QQD00000ZGLuE2AX,BE,0127Q000000eERIQA2,Status,Mailjourney,Follow-up
2026-08-26T14:34:59.000Z,00QP500000t6IaTMAU,NL,0127Q000000upr9QAA,Status,Follow-up,Appointment
2026-08-26T14:34:53.000Z,00QP500000tHTqjMAG,NL,0127Q000000upr9QAA,Status,Re-entered - Phone Number Changed,Appointment
2026-08-26T14:30:55.000Z,00QQD00000ZGLuE2AX,BE,0127Q000000eERIQA2,Status,Not reached,Mailjourney
2026-08-26T14:25:35.000Z,00QP500000tHTqjMAG,NL,0127Q000000upr9QAA,Status,Mailjourney,Re-entered - Phone Number Changed
2026-08-26T14:22:41.000Z,00QP500000tLxv3MAC,BE,0127Q000000eERIQA2,Status,Not reached,Follow-up
2026-08-26T14:18:08.000Z,00QP500000tKT9VMAW,BE,0127Q000000eERIQA2,Status,Not reached,Appointment
2026-08-26T14:12:28.000Z,00QP500000tPm6bMAC,NL,0127Q000000upr9QAA,Status,New,Appointment
2026-08-26T14:11:00.000Z,00QP500000tOimiMAC,NL,0127Q000000upr9QAA,Status,New,Not reached
2026-08-26T14:01:42.000Z,00QP500000tPV2XMAW,BE,0127Q000000eERIQA2,Status,New,Not reached
2026-08-26T13:58:46.000Z,00QP500000tOfYfMAK,BE,0127Q000000eERIQA2,Status,New,Appointment
2026-08-26T13:55:26.000Z,00QP500000tPKIRMA4,BE,0127Q000000eERIQA2,Status,New,Appointment
2026-08-26T13:51:42.000Z,00QP500000tPqBpMAK,NL,0127Q000000upr9QAA,Status,New,Not reached
2026-08-26T13:51:15.000Z,00QP500000tPZz0MAG,NL,0127Q000000upr9QAA,Status,New,Brochure
2026-08-26T13:46:05.000Z,00QQD00000APpjv2AD,NL,0127Q000000upr9QAA,Status,Re-entered,Not Qualified
2026-08-26T13:45:25.000Z,00QQD00000S31fO2AR,NL,0127Q000000upr9QAA,Status,Follow-up,Lost
2026-08-26T13:43:14.000Z,00QP500000tPSj0MAG,NL,0127Q000000upr9QAA,Status,New,Not reached
2026-08-26T13:42:18.000Z,00QQD00000R4tzF2AR,NL,0127Q000000upr9QAA,Status,Follow-up,Lost
2026-08-26T13:40:18.000Z,00QP500000tIJSjMAO,NL,0127Q000000upr9QAA,Status,Not reached,Follow-up
2026-08-26T13:37:41.000Z,00QP500000sor8TMAQ,NL,0127Q000000upr9QAA,Status,Follow-up,Lost
2026-08-26T13:36:53.000Z,00QQD00000APpjv2AD,NL,0127Q000000upr9QAA,Status,Not Qualified,Re-entered
2026-08-26T13:34:46.000Z,00QP500000tPfBZMA0,NL,0127Q000000upr9QAA,Status,Brochure,Follow-up
2026-08-26T13:34:46.000Z,00QP500000tM7G8MAK,NL,0127Q000000upr9QAA,Status,Brochure,Follow-up
2026-08-26T13:33:28.000Z,00QQD00000dfMZB2A2,BE,0127Q000000eERIQA2,Status,Follow-up,Mailjourney
2026-08-26T13:31:02.000Z,00QP500000saQeSMAU,NL,0127Q000000upr9QAA,Status,Re-entered,Appointment
2026-08-26T13:21:48.000Z,00QP500000tPdPtMAK,BE,0127Q000000eERIQA2,Status,New,Appointment
2026-08-26T13:20:44.000Z,00QP500000qQ1FXMA0,NL,0127Q000000upr9QAA,Status,Follow-up,Mailjourney
2026-08-26T13:20:03.000Z,00QP500000tPIjdMAG,NL,0127Q000000upr9QAA,Status,New,Not reached
2026-08-26T13:18:55.000Z,00QP500000tPfBZMA0,NL,0127Q000000upr9QAA,Status,New,Brochure
2026-08-26T13:17:58.000Z,00QQD00000APx1P2AT,NL,0127Q000000upr9QAA,Status,Re-entered,Not reached
2026-08-26T13:10:56.000Z,00QP500000saQeSMAU,NL,0127Q000000upr9QAA,Status,Mailjourney,Re-entered
2026-08-26T13:03:56.000Z,00QQD00000APx1P2AT,NL,0127Q000000upr9QAA,Status,Mailjourney,Re-entered
2026-08-26T12:55:25.000Z,00QP500000tEfQHMA0,NL,0127Q000000upr9QAA,Status,Follow-up,Appointment
2026-08-26T12:48:14.000Z,00QP500000tOJ53MAG,BE,0127Q000000eERIQA2,Status,Not reached,Appointment
2026-08-26T12:43:29.000Z,00QP500000tEfQHMA0,NL,0127Q000000upr9QAA,Status,Not reached,Follow-up
2026-08-26T12:42:32.000Z,00QQD00000Iycpd2AB,NL,0127Q000000upr9QAA,Status,Mailjourney,Appointment
2026-08-26T12:40:42.000Z,00QP500000skNvNMAU,NL,0127Q000000upr9QAA,Status,Mailjourney,Follow-up
2026-08-26T12:40:25.000Z,00QP500000tOaPJMA0,NL,0127Q000000upr9QAA,Status,New,Not Qualified
2026-08-26T12:40:11.000Z,00QP500000tNkKHMA0,BE,0127Q000000eERIQA2,Status,New,Not Qualified
2026-08-26T12:34:44.000Z,00QP500000tP9GXMA0,BE,0127Q000000eERIQA2,Status,New,Appointment
2026-08-26T12:31:10.000Z,00QQD00000DzzDZ2AZ,NL,0127Q000000upr9QAA,Status,Not reached,Mailjourney
2026-08-26T12:28:55.000Z,00QP500000tKI9CMAW,NL,0127Q000000upr9QAA,Status,Not reached,Follow-up
2026-08-26T12:27:24.000Z,00QP500000tOzKQMA0,BE,0127Q000000eERIQA2,Status,New,Appointment
2026-08-26T12:25:34.000Z,00QQD00000MyRlR2AV,NL,0127Q000000upr9QAA,Status,Re-entered,Lost
2026-08-26T12:24:32.000Z,00QP500000tNw5FMAS,NL,0127Q000000upr9QAA,Status,New,Appointment
2026-08-26T12:23:08.000Z,00QP500000tOxFOMA0,NL,0127Q000000upr9QAA,Status,New,Mailjourney
2026-08-26T12:22:13.000Z,00QP500000tNqW9MAK,NL,0127Q000000upr9QAA,Status,New,Follow-up
2026-08-26T12:22:09.000Z,00QQD00000V8eBJ2AZ,NL,0127Q000000upr9QAA,Status,Not reached,Follow-up
2026-08-26T12:20:18.000Z,00QP500000tOeayMAC,BE,0127Q000000eERIQA2,Status,New,Appointment
2026-08-26T12:10:37.000Z,00QQD00000AQ1xm2AD,NL,0127Q000000upr9QAA,Status,Re-entered,Not reached
2026-08-26T12:09:45.000Z,00QP500000tGxKeMAK,NL,0127Q000000upr9QAA,Status,Not reached,Appointment
2026-08-26T12:09:37.000Z,00QP500000tM7G8MAK,NL,0127Q000000upr9QAA,Status,Follow-up,Brochure
2026-08-26T12:04:57.000Z,00QP500000tOLmtMAG,NL,0127Q000000upr9QAA,Status,New,Mailjourney
2026-08-26T12:03:10.000Z,00QQD00000BHqtY2AT,NL,0127Q000000upr9QAA,Status,Mailjourney,Not Qualified
2026-08-26T11:59:24.000Z,00QP500000tNXN0MAO,NL,0127Q000000upr9QAA,Status,New,Not reached
2026-08-26T11:48:42.000Z,00QQD00000cZKAs2AO,BE,0127Q000000eERIQA2,Status,Follow-up,Mailjourney
2026-08-26T11:42:30.000Z,00QQD00000ZGyex2AD,BE,0127Q000000eERIQA2,Status,Follow-up,Mailjourney
2026-08-26T11:41:26.000Z,00QP500000tJgdSMAS,NL,0127Q000000upr9QAA,Status,Not reached,Mailjourney
2026-08-26T11:34:41.000Z,00QP500000sjM0UMAU,BE,0127Q000000eERIQA2,Status,Follow-up,Mailjourney
2026-08-26T11:32:30.000Z,00QP500000t2M9pMAE,BE,0127Q000000eERIQA2,Status,Not reached,Follow-up
2026-08-26T11:32:16.000Z,00QP500000t2M9pMAE,BE,0127Q000000eERIQA2,Status,Follow-up,Not reached
2026-08-26T11:29:15.000Z,00QP500000t9XUwMAM,BE,0127Q000000eERIQA2,Status,Not reached,Mailjourney
2026-08-26T11:28:26.000Z,00QP500000t9XUwMAM,BE,0127Q000000eERIQA2,Status,Mailjourney,Not reached
2026-08-26T11:26:05.000Z,00QP500000tMuwpMAC,NL,0127Q000000upr9QAA,Status,New,Appointment
2026-08-26T11:24:35.000Z,00QP500000tNMD4MAO,NL,0127Q000000upr9QAA,Status,New,Appointment
2026-08-26T11:19:57.000Z,00QP500000tJHzxMAG,BE,0127Q000000eERIQA2,Status,Follow-up,Appointment
2026-08-26T11:16:57.000Z,00QP500000saM2yMAE,BE,0127Q000000eERIQA2,Status,Follow-up,Mailjourney
2026-08-26T11:14:19.000Z,00QQD00000DwdzB2AR,NL,0127Q000000upr9QAA,Status,Mailjourney,Appointment
2026-08-26T11:14:16.000Z,00QP500000sGy5xMAC,BE,0127Q000000eERIQA2,Status,Follow-up,Lost
2026-08-26T11:11:53.000Z,00QQD00000ZFGn12AH,BE,0127Q000000eERIQA2,Status,Not reached,Mailjourney
2026-08-26T11:08:46.000Z,00QP500000tNydNMAS,NL,0127Q000000upr9QAA,Status,New,Follow-up
2026-08-26T11:06:29.000Z,00QP500000tOC5CMAW,BE,0127Q000000eERIQA2,Status,New,Not reached
2026-08-26T11:05:13.000Z,00QQD00000AQ1xm2AD,NL,0127Q000000upr9QAA,Status,Mailjourney,Re-entered
2026-08-26T11:03:44.000Z,00QP500000tNTpgMAG,BE,0127Q000000eERIQA2,Status,New,Follow-up
2026-08-26T11:03:16.000Z,00QP500000tNx9OMAS,NL,0127Q000000upr9QAA,Status,Not reached,Follow-up
2026-08-26T10:57:16.000Z,00QP500000tO7lTMAS,BE,0127Q000000eERIQA2,Status,New,Not reached
2026-08-26T10:55:45.000Z,00QP500000tMi7eMAC,BE,0127Q000000eERIQA2,Status,New,Not reached
2026-08-26T10:36:29.000Z,00QP500000tO7IQMA0,NL,0127Q000000upr9QAA,Status,New,Mailjourney
2026-08-26T10:33:40.000Z,00QP500000tNx9OMAS,NL,0127Q000000upr9QAA,Status,New,Not reached
2026-08-26T10:21:56.000Z,00QQD00000APyCZ2A1,NL,0127Q000000upr9QAA,Status,Re-entered,Not reached
2026-08-26T10:21:36.000Z,00QP500000tOJ53MAG,BE,0127Q000000eERIQA2,Status,New,Not reached
2026-08-26T10:21:05.000Z,00QP500000tNpYPMA0,NL,0127Q000000upr9QAA,Status,New,Not reached
2026-08-26T10:12:52.000Z,00QP500000tMLffMAG,NL,0127Q000000upr9QAA,Status,New,Follow-up
2026-08-26T10:10:17.000Z,00QP500000tNMeVMAW,BE,0127Q000000eERIQA2,Status,New,Not reached
2026-08-26T10:08:31.000Z,00QP500000szcKcMAI,BE,0127Q000000eERIQA2,Status,Not reached,Mailjourney
2026-08-26T10:04:14.000Z,00QP500000szXWDMA2,BE,0127Q000000eERIQA2,Status,Not reached,Mailjourney
2026-08-26T10:04:11.000Z,00QP500000tIAUIMA4,BE,0127Q000000eERIQA2,Status,Not reached,Mailjourney
2026-08-26T10:03:34.000Z,00QP500000tO3zZMAS,NL,0127Q000000upr9QAA,Status,New,Appointment
2026-08-26T10:00:36.000Z,00QP500000t19MYMAY,BE,0127Q000000eERIQA2,Status,Not reached,Follow-up
2026-08-26T09:58:02.000Z,00QQD00000APyCZ2A1,NL,0127Q000000upr9QAA,Status,Mailjourney,Re-entered
2026-08-26T09:57:57.000Z,00QP500000tBo9uMAC,BE,0127Q000000eERIQA2,Status,Not reached,Mailjourney
2026-08-26T09:56:25.000Z,00QP500000tEFNhMAO,BE,0127Q000000eERIQA2,Status,Not reached,Appointment
2026-08-26T09:54:25.000Z,00QQD00000ZGDKJ2A5,BE,0127Q000000eERIQA2,Status,Not reached,Lost
2026-08-26T09:50:28.000Z,00QP500000tG2MLMA0,BE,0127Q000000eERIQA2,Status,Not reached,Follow-up
2026-08-26T09:48:27.000Z,00QP500000tGoNmMAK,BE,0127Q000000eERIQA2,Status,Not reached,Not Qualified
2026-08-26T09:45:07.000Z,00QP500000t7RtRMAU,BE,0127Q000000eERIQA2,Status,Not reached,Mailjourney
2026-08-26T09:43:57.000Z,00QP500000t5b0sMAA,BE,0127Q000000eERIQA2,Status,Not reached,Follow-up
2026-08-26T09:43:39.000Z,00QP500000tANGbMAO,BE,0127Q000000eERIQA2,Status,Not reached,Follow-up
2026-08-26T09:42:36.000Z,00QP500000t5a85MAA,BE,0127Q000000eERIQA2,Status,Not reached,Follow-up
2026-08-26T09:39:14.000Z,00QP500000tNmU6MAK,NL,0127Q000000upr9QAA,Status,New,Not Qualified
2026-08-26T09:39:06.000Z,00QP500000tNM8DMAW,BE,0127Q000000eERIQA2,Status,Not reached,Appointment
2026-08-26T09:38:53.000Z,00QP500000tNantMAC,NL,0127Q000000upr9QAA,Status,Not reached,Appointment
2026-08-26T09:38:30.000Z,00QP500000tBY6lMAG,BE,0127Q000000eERIQA2,Status,Not reached,Mailjourney
2026-08-26T09:37:50.000Z,00QP500000tNpzpMAC,NL,0127Q000000upr9QAA,Status,New,Appointment
2026-08-26T09:37:10.000Z,00QP500000t4ZikMAE,BE,0127Q000000eERIQA2,Status,Not reached,Mailjourney
2026-08-26T09:35:16.000Z,00QP500000tLs7RMAS,NL,0127Q000000upr9QAA,Status,New,Appointment
2026-08-26T09:32:56.000Z,00QP500000tNantMAC,NL,0127Q000000upr9QAA,Status,New,Not reached
2026-08-26T09:30:34.000Z,00QP500000sihF3MAI,NL,0127Q000000upr9QAA,Status,Follow-up,Appointment
2026-08-26T09:29:30.000Z,00QP500000tMm6RMAS,NL,0127Q000000upr9QAA,Status,New,Appointment
2026-08-26T09:29:25.000Z,00QP500000sb2wbMAA,NL,0127Q000000upr9QAA,Status,Mailjourney,Appointment
2026-08-26T09:28:06.000Z,00QP500000tISEKMA4,NL,0127Q000000upr9QAA,Status,Brochure,Mailjourney
2026-08-26T09:27:52.000Z,00QP500000tMKmoMAG,NL,0127Q000000upr9QAA,Status,Brochure,Follow-up
2026-08-26T09:27:52.000Z,00QP500000tJvG0MAK,NL,0127Q000000upr9QAA,Status,Brochure,Follow-up
2026-08-26T09:27:52.000Z,00QP500000tAa8zMAC,NL,0127Q000000upr9QAA,Status,Brochure,Follow-up
2026-08-26T09:27:52.000Z,00QP500000tM0wBMAS,NL,0127Q000000upr9QAA,Status,Brochure,Follow-up
2026-08-26T09:27:39.000Z,00QP500000tIt6PMAS,NL,0127Q000000upr9QAA,Status,Brochure,Follow-up
2026-08-26T09:27:39.000Z,00QP500000tIp9FMAS,NL,0127Q000000upr9QAA,Status,Brochure,Follow-up
2026-08-26T09:27:39.000Z,00QP500000tI2ABMA0,NL,0127Q000000upr9QAA,Status,Brochure,Follow-up
2026-08-26T09:27:39.000Z,00QP500000tI3EJMA0,NL,0127Q000000upr9QAA,Status,Brochure,Follow-up
2026-08-26T09:27:04.000Z,00QP500000si6p5MAA,NL,0127Q000000upr9QAA,Status,Follow-up,Lost
2026-08-26T09:23:57.000Z,00QP500000tMnqSMAS,BE,0127Q000000eERIQA2,Status,New,Mailjourney
2026-08-26T09:22:55.000Z,00QP500000qB7l6MAC,NL,0127Q000000upr9QAA,Status,Follow-up,Lost
2026-08-26T09:21:12.000Z,00QP500000tN7qjMAC,NL,0127Q000000upr9QAA,Status,New,Follow-up
2026-08-26T09:19:55.000Z,00QQD00000MyRlR2AV,NL,0127Q000000upr9QAA,Status,Lost,Re-entered
2026-08-26T09:11:47.000Z,00QP500000sZtvNMAS,NL,0127Q000000upr9QAA,Status,Follow-up,Mailjourney
2026-08-26T09:11:35.000Z,00QP500000tM0wBMAS,NL,0127Q000000upr9QAA,Status,New,Brochure
2026-08-26T09:11:30.000Z,00QP500000tNM8DMAW,BE,0127Q000000eERIQA2,Status,New,Not reached
2026-08-26T09:11:13.000Z,00QP500000t0ikYMAQ,BE,0127Q000000eERIQA2,Status,Brochure,Appointment
2026-08-26T09:10:28.000Z,00QP500000tNHuvMAG,NL,0127Q000000upr9QAA,Status,New,Follow-up
2026-08-26T09:08:53.000Z,00QP500000tLs7QMAS,BE,0127Q000000eERIQA2,Status,New,Not Qualified
2026-08-26T09:08:39.000Z,00QQD00000AQai42AD,NL,0127Q000000upr9QAA,Status,Re-entered,Not reached
2026-08-26T09:01:09.000Z,00QQD00000ZGFEo2AP,BE,0127Q000000eERIQA2,Status,Re-entered,Not Qualified
2026-08-26T09:01:08.000Z,00QP500000sj8GrMAI,NL,0127Q000000upr9QAA,Status,Follow-up,Lost
2026-08-26T08:58:22.000Z,00QP500000sX7YKMA0,NL,0127Q000000upr9QAA,Status,Follow-up,Mailjourney
2026-08-26T08:58:14.000Z,00QP500000tM7G8MAK,NL,0127Q000000upr9QAA,Status,New,Follow-up
2026-08-26T08:57:06.000Z,00QP500000tI2ACMA0,BE,0127Q000000eERIQA2,Status,New,Follow-up
2026-08-26T08:53:05.000Z,00QP500000tNQF3MAO,BE,0127Q000000eERIQA2,Status,New,Appointment
2026-08-26T08:50:57.000Z,00QQD00000AQai42AD,NL,0127Q000000upr9QAA,Status,Converted Old SF,Re-entered
2026-08-26T08:43:51.000Z,00QP500000qekSqMAI,NL,0127Q000000upr9QAA,Status,Follow-up,Lost
2026-08-26T08:40:49.000Z,00QP500000tMjmrMAC,NL,0127Q000000upr9QAA,Status,New,Appointment
2026-08-26T08:39:47.000Z,00QQD00000djQ7x2AE,NL,0127Q000000upr9QAA,Status,Follow-up,Lost
2026-08-26T08:39:17.000Z,00QP500000sQdOQMA0,NL,0127Q000000upr9QAA,Status,Re-entered,Not Qualified
2026-08-26T08:38:39.000Z,00QP500000tMu2IMAS,NL,0127Q000000upr9QAA,Status,New,Appointment
2026-08-26T08:37:52.000Z,00QP500000tMDdFMAW,NL,0127Q000000upr9QAA,Status,New,Not Qualified
2026-08-26T08:33:39.000Z,00QP500000tMADxMAO,NL,0127Q000000upr9QAA,Status,New,Not reached
2026-08-26T08:30:00.000Z,00QP500000rpGDuMAM,NL,0127Q000000upr9QAA,Status,Follow-up,Mailjourney
2026-08-26T08:29:16.000Z,00QP500000tHzCNMA0,NL,0127Q000000upr9QAA,Status,Not reached,Follow-up
2026-08-26T08:28:45.000Z,00QP500000tMEizMAG,NL,0127Q000000upr9QAA,Status,New,Not reached
2026-08-26T08:28:27.000Z,00QP500000tMJz0MAG,NL,0127Q000000upr9QAA,Status,New,Appointment
2026-08-26T08:26:58.000Z,00QP500000tHbrVMAS,NL,0127Q000000upr9QAA,Status,Not reached,Follow-up
2026-08-26T08:21:21.000Z,00QP500000tJqrFMAS,NL,0127Q000000upr9QAA,Status,Not reached,Appointment
2026-08-26T08:21:21.000Z,00QP500000skBhKMAU,BE,0127Q000000eERIQA2,Status,Mailjourney,Not Qualified
2026-08-26T08:18:59.000Z,00QP500000rnnylMAA,NL,0127Q000000upr9QAA,Status,Follow-up,Mailjourney
2026-08-26T08:16:21.000Z,00QP500000rPT3XMAW,NL,0127Q000000upr9QAA,Status,Follow-up,Not Qualified
2026-08-26T08:14:37.000Z,00QP500000tHk0LMAS,NL,0127Q000000upr9QAA,Status,Not reached,Appointment
2026-08-26T08:13:34.000Z,00QP500000soStJMAU,BE,0127Q000000eERIQA2,Status,Mailjourney,Not Qualified
2026-08-26T08:13:20.000Z,00QP500000tKJVVMA4,NL,0127Q000000upr9QAA,Status,Not reached,Appointment
2026-08-26T08:11:48.000Z,00QP500000tFYczMAG,NL,0127Q000000upr9QAA,Status,Not reached,Lost
2026-08-26T08:11:40.000Z,00QP500000tHSEmMAO,NL,0127Q000000upr9QAA,Status,Not reached,Appointment
2026-08-26T08:09:03.000Z,00QP500000rH7Q0MAK,NL,0127Q000000upr9QAA,Status,Follow-up,Mailjourney
2026-08-26T08:06:36.000Z,00QP500000rG2tnMAC,NL,0127Q000000upr9QAA,Status,Follow-up,Lost
2026-08-26T08:04:40.000Z,00QP500000q4yY1MAI,NL,0127Q000000upr9QAA,Status,Follow-up,Lost
2026-08-26T08:04:36.000Z,00QP500000tJ34EMAS,NL,0127Q000000upr9QAA,Status,New,Not reached
2026-08-26T08:03:08.000Z,00QP500000tLSBLMA4,NL,0127Q000000upr9QAA,Status,New,Not reached
2026-08-26T08:02:27.000Z,00QP500000t2QEuMAM,BE,0127Q000000eERIQA2,Status,Not reached,Mailjourney
2026-08-26T08:01:47.000Z,00QP500000tJHzxMAG,BE,0127Q000000eERIQA2,Status,Not reached,Follow-up
2026-08-26T08:00:27.000Z,00QP500000tJNkRMAW,NL,0127Q000000upr9QAA,Status,New,Appointment
2026-08-26T08:00:16.000Z,00QP500000tCscyMAC,NL,0127Q000000upr9QAA,Status,Not reached,Follow-up
2026-08-26T07:57:50.000Z,00QP500000tKw4zMAC,NL,0127Q000000upr9QAA,Status,New,Mailjourney
2026-08-26T07:57:07.000Z,00QP500000tKJVVMA4,NL,0127Q000000upr9QAA,Status,New,Not reached
2026-08-26T07:56:21.000Z,00QP500000t2LK5MAM,BE,0127Q000000eERIQA2,Status,Not reached,Not Qualified
2026-08-26T07:56:08.000Z,00QP500000tCThhMAG,NL,0127Q000000upr9QAA,Status,Not reached,Mailjourney
2026-08-26T07:55:24.000Z,00QQD00000V8eBJ2AZ,NL,0127Q000000upr9QAA,Status,Re-entered,Not reached
2026-08-26T07:55:20.000Z,00QP500000tKI9CMAW,NL,0127Q000000upr9QAA,Status,New,Not reached
2026-08-26T07:54:09.000Z,00QP500000tJvG0MAK,NL,0127Q000000upr9QAA,Status,New,Brochure
2026-08-26T07:53:56.000Z,00QQD00000TPkdG2AT,NL,0127Q000000upr9QAA,Status,Mailjourney,Appointment
2026-08-26T07:53:14.000Z,00QP500000tJLXKMA4,NL,0127Q000000upr9QAA,Status,New,Not reached
2026-08-26T07:52:19.000Z,00QP500000tJqrFMAS,NL,0127Q000000upr9QAA,Status,New,Not reached
2026-08-26T07:52:15.000Z,00QP500000tMc8fMAC,BE,0127Q000000eERIQA2,Status,New,Appointment
2026-08-26T07:51:38.000Z,00QP500000tIkj5MAC,BE,0127Q000000eERIQA2,Status,New,Not reached
2026-08-26T07:51:14.000Z,00QP500000tJ8GlMAK,NL,0127Q000000upr9QAA,Status,New,Follow-up
2026-08-26T07:50:01.000Z,00QP500000sc0WEMAY,NL,0127Q000000upr9QAA,Status,Follow-up,Mailjourney
2026-08-26T07:49:01.000Z,00QP500000tMLyzMAG,BE,0127Q000000eERIQA2,Status,New,Not reached
2026-08-26T07:48:20.000Z,00QP500000sZ7nWMAS,NL,0127Q000000upr9QAA,Status,Follow-up,Mailjourney
2026-08-26T07:46:50.000Z,00QP500000tIzq9MAC,BE,0127Q000000eERIQA2,Status,New,Not Qualified
2026-08-26T07:45:54.000Z,00QP500000tJpgfMAC,NL,0127Q000000upr9QAA,Status,New,Appointment
2026-08-26T07:43:55.000Z,00QP500000tKFOEMA4,NL,0127Q000000upr9QAA,Status,New,Mailjourney
2026-08-26T07:43:54.000Z,00QQD00000AQeuK2AT,NL,0127Q000000upr9QAA,Status,Re-entered - Phone Number Changed,Appointment
2026-08-26T07:43:17.000Z,00QP500000tIgIuMAK,NL,0127Q000000upr9QAA,Status,New,Follow-up
2026-08-26T07:43:10.000Z,00QP500000tKT9VMAW,BE,0127Q000000eERIQA2,Status,New,Not reached
2026-08-26T07:40:32.000Z,00QP500000tLA3BMAW,BE,0127Q000000eERIQA2,Status,New,Appointment
2026-08-26T07:40:29.000Z,00QP500000rZa0TMAS,NL,0127Q000000upr9QAA,Status,Follow-up,Mailjourney
2026-08-26T07:39:31.000Z,00QQD00000ZGhBk2AL,BE,0127Q000000eERIQA2,Status,Re-entered,Lost
2026-08-26T07:37:59.000Z,00QP500000tJeq7MAC,NL,0127Q000000upr9QAA,Status,New,Appointment
2026-08-26T07:37:11.000Z,00QP500000tK3WnMAK,NL,0127Q000000upr9QAA,Status,New,Not reached
2026-08-26T07:33:05.000Z,00QP500000tMnbtMAC,NL,0127Q000000upr9QAA,Status,New,Appointment
2026-08-26T07:31:46.000Z,00QP500000tMSijMAG,BE,0127Q000000eERIQA2,Status,New,Not reached
2026-08-26T07:30:21.000Z,00QP500000tKWwwMAG,BE,0127Q000000eERIQA2,Status,New,Not Qualified
2026-08-26T07:30:19.000Z,00QP500000tGvvVMAS,NL,0127Q000000upr9QAA,Status,Not reached,Not Qualified
2026-08-26T07:29:59.000Z,00QP500000sQdOQMA0,NL,0127Q000000upr9QAA,Status,Not Qualified,Re-entered
2026-08-26T07:27:54.000Z,00QP500000tJ34DMAS,BE,0127Q000000eERIQA2,Status,New,Not Qualified
2026-08-26T07:27:14.000Z,00QP500000tISEKMA4,NL,0127Q000000upr9QAA,Status,New,Brochure
2026-08-26T07:26:40.000Z,00QP500000tJgdSMAS,NL,0127Q000000upr9QAA,Status,New,Not reached
2026-08-26T07:26:35.000Z,00QP500000tIECzMAO,BE,0127Q000000eERIQA2,Status,Not reached,Follow-up
2026-08-26T07:26:17.000Z,00QP500000tIpkQMAS,BE,0127Q000000eERIQA2,Status,New,Not Qualified
2026-08-26T07:24:46.000Z,00QP500000tIxunMAC,NL,0127Q000000upr9QAA,Status,New,Not reached
2026-08-26T07:23:42.000Z,00QP500000tJHzxMAG,BE,0127Q000000eERIQA2,Status,New,Not reached
2026-08-26T07:23:17.000Z,00QP500000tJNZ8MAO,NL,0127Q000000upr9QAA,Status,New,Not Qualified
2026-08-26T07:22:29.000Z,00QP500000tMKmoMAG,NL,0127Q000000upr9QAA,Status,New,Brochure
2026-08-26T07:20:10.000Z,00QP500000tIYRmMAO,BE,0127Q000000eERIQA2,Status,New,Appointment
2026-08-26T07:19:43.000Z,00QP500000tLxv3MAC,BE,0127Q000000eERIQA2,Status,New,Not reached
2026-08-26T07:14:38.000Z,00QP500000tKI9BMAW,BE,0127Q000000eERIQA2,Status,New,Appointment
2026-08-26T07:13:39.000Z,00QP500000tIECzMAO,BE,0127Q000000eERIQA2,Status,New,Not reached
2026-08-26T07:12:11.000Z,00QP500000tM8wyMAC,NL,0127Q000000upr9QAA,Status,New,Appointment
2026-08-26T07:11:02.000Z,00QQD00000ZGdX92AL,BE,0127Q000000eERIQA2,Status,Re-entered,Follow-up
2026-08-26T07:03:46.000Z,00QP500000tMbXVMA0,NL,0127Q000000upr9QAA,Status,New,Appointment
2026-08-26T06:42:55.000Z,00QQD00000V8eBJ2AZ,NL,0127Q000000upr9QAA,Status,Mailjourney,Re-entered
2026-08-26T06:10:10.000Z,00QP500000rrtClMAI,BE,0127Q000000eERIQA2,Status,Mailjourney,Appointment
2026-08-26T06:01:50.000Z,00QP500000sg9ClMAI,FR,012QD000002ylXZYAY,Status,New,Mailjourney
2026-08-26T06:01:50.000Z,00QP500000sg9CkMAI,IT,012QD000002ylcPYAQ,Status,New,Not reached
2026-08-26T06:01:50.000Z,00QP500000sg9CfMAI,FR,012QD000002ylXZYAY,Status,New,Mailjourney
2026-08-26T06:01:50.000Z,00QP500000sg9CjMAI,FR,012QD000002ylXZYAY,Status,New,Mailjourney
2026-08-26T05:13:57.000Z,00QP500000tIhYLMA0,NL,0127Q000000upr9QAA,Status,New,Not Qualified
2026-08-25T20:01:09.000Z,00QQD00000ZGhBk2AL,BE,0127Q000000eERIQA2,Status,Mailjourney,Re-entered
2026-08-25T19:10:57.000Z,00QQD00000ZGdX92AL,BE,0127Q000000eERIQA2,Status,Not Qualified,Re-entered
2026-08-25T16:22:55.000Z,00QQD00000ZGFEo2AP,BE,0127Q000000eERIQA2,Status,Not Qualified,Re-entered
2026-08-25T15:31:35.000Z,00QQD00000AQeuK2AT,NL,0127Q000000upr9QAA,Status,Mailjourney,Re-entered - Phone Number Changed
2026-08-25T15:04:40.000Z,00QP500000tI9QFMA0,NL,0127Q000000upr9QAA,Status,New,Appointment
2026-08-25T15:03:11.000Z,00QP500000tIt6PMAS,NL,0127Q000000upr9QAA,Status,New,Brochure
2026-08-25T14:58:08.000Z,00QP500000tHluBMAS,NL,0127Q000000upr9QAA,Status,New,Follow-up
2026-08-25T14:52:04.000Z,00QQD00000AQGMN2A5,NL,0127Q000000upr9QAA,Status,Not reached,Mailjourney
2026-08-25T14:51:06.000Z,00QP500000tIrvpMAC,BE,0127Q000000eERIQA2,Status,New,Appointment
2026-08-25T14:50:50.000Z,00QP500000tI67MMAS,NL,0127Q000000upr9QAA,Status,New,Appointment
2026-08-25T14:47:40.000Z,00QQD00000e1S4t2AE,BE,0127Q000000eERIQA2,Status,Follow-up,Lost
2026-08-25T14:46:48.000Z,00QP500000tISPjMAO,NL,0127Q000000upr9QAA,Status,New,Follow-up
2026-08-25T14:42:45.000Z,00QP500000tINOMMA4,NL,0127Q000000upr9QAA,Status,New,Mailjourney
2026-08-25T14:40:40.000Z,00QP500000tIp9FMAS,NL,0127Q000000upr9QAA,Status,New,Brochure
2026-08-25T14:37:38.000Z,00QQD00000ENFvz2AH,NL,0127Q000000upr9QAA,Status,Not reached,Appointment
2026-08-25T14:34:22.000Z,00QP500000tINOLMA4,NL,0127Q000000upr9QAA,Status,New,Not Qualified
2026-08-25T14:33:32.000Z,00QP500000tIMQcMAO,NL,0127Q000000upr9QAA,Status,New,Appointment
2026-08-25T14:30:40.000Z,00QP500000tGyQLMA0,NL,0127Q000000upr9QAA,Status,Not reached,Follow-up
2026-08-25T14:28:32.000Z,00QP500000spFUBMA2,BE,0127Q000000eERIQA2,Status,Follow-up,Mailjourney
2026-08-25T14:26:23.000Z,00QQD00000ENFvz2AH,NL,0127Q000000upr9QAA,Status,Re-entered,Not reached
2026-08-25T14:24:02.000Z,00QP500000tI2ABMA0,NL,0127Q000000upr9QAA,Status,New,Brochure
2026-08-25T14:21:37.000Z,00QP500000tIAUIMA4,BE,0127Q000000eERIQA2,Status,New,Not reached
2026-08-25T14:21:19.000Z,00QP500000sYHdjMAG,NL,0127Q000000upr9QAA,Status,Follow-up,Lost
2026-08-25T14:21:18.000Z,00QP500000saBAkMAM,NL,0127Q000000upr9QAA,Status,Follow-up,Mailjourney
2026-08-25T14:20:06.000Z,00QP500000sXSD0MAO,NL,0127Q000000upr9QAA,Status,Follow-up,Mailjourney
2026-08-25T14:17:54.000Z,00QP500000tHzCNMA0,NL,0127Q000000upr9QAA,Status,New,Not reached
2026-08-25T14:16:49.000Z,00QQD00000cbr7X2AQ,NL,0127Q000000upr9QAA,Status,New,Not Qualified
2026-08-25T14:08:55.000Z,00QP500000sxoHqMAI,BE,0127Q000000eERIQA2,Status,Follow-up,Appointment
2026-08-25T14:03:14.000Z,00QP500000tHS9vMAG,BE,0127Q000000eERIQA2,Status,New,Appointment
2026-08-25T14:02:01.000Z,00QP500000tHSEmMAO,NL,0127Q000000upr9QAA,Status,New,Not reached
2026-08-25T13:55:57.000Z,00QQD00000ENFvz2AH,NL,0127Q000000upr9QAA,Status,Mailjourney,Re-entered
2026-08-25T13:50:58.000Z,00QP500000tIJSjMAO,NL,0127Q000000upr9QAA,Status,New,Not reached
2026-08-25T13:49:42.000Z,00QP500000tHVR9MAO,BE,0127Q000000eERIQA2,Status,New,Appointment
2026-08-25T13:46:29.000Z,00QP500000tI3EJMA0,NL,0127Q000000upr9QAA,Status,New,Brochure
2026-08-25T13:41:20.000Z,00QP500000tGPpCMAW,NL,0127Q000000upr9QAA,Status,Not reached,Mailjourney
2026-08-25T13:36:22.000Z,00QP500000tHddCMAS,BE,0127Q000000eERIQA2,Status,New,Appointment
2026-08-25T13:33:03.000Z,00QP500000t7QfgMAE,NL,0127Q000000upr9QAA,Status,Not reached,Not Qualified
2026-08-25T13:32:07.000Z,00QQD00000DzzDZ2AZ,NL,0127Q000000upr9QAA,Status,Re-entered,Not reached
2026-08-25T13:25:53.000Z,00QP500000tHbTKMA0,BE,0127Q000000eERIQA2,Status,New,Appointment
2026-08-25T13:25:00.000Z,00QP500000tHgCuMAK,NL,0127Q000000upr9QAA,Status,New,Appointment
2026-08-25T13:20:59.000Z,00QQD00000DzzDZ2AZ,NL,0127Q000000upr9QAA,Status,Mailjourney,Re-entered
2026-08-25T13:20:37.000Z,00QP500000tAa8zMAC,NL,0127Q000000upr9QAA,Status,Not reached,Brochure
2026-08-25T13:19:19.000Z,00QP500000tFp0wMAC,BE,0127Q000000eERIQA2,Status,New,Not reached
2026-08-25T13:17:06.000Z,00QP500000tHIs6MAG,BE,0127Q000000eERIQA2,Status,New,Not Qualified
2026-08-25T13:16:25.000Z,00QP500000tAsCLMA0,NL,0127Q000000upr9QAA,Status,Not reached,Mailjourney
2026-08-25T13:15:02.000Z,00QP500000t5DbMMAU,NL,0127Q000000upr9QAA,Status,Not reached,Lost
2026-08-25T13:13:32.000Z,00QP500000t2ZtJMAU,NL,0127Q000000upr9QAA,Status,Not reached,Lost
2026-08-25T13:10:05.000Z,00QP500000t4jOgMAI,NL,0127Q000000upr9QAA,Status,Follow-up,Appointment
2026-08-25T13:07:14.000Z,00QP500000tH7dNMAS,BE,0127Q000000eERIQA2,Status,New,Appointment
2026-08-25T13:07:08.000Z,00QP500000tHbrVMAS,NL,0127Q000000upr9QAA,Status,New,Not reached
2026-08-25T13:05:44.000Z,00QP500000t1o4mMAA,NL,0127Q000000upr9QAA,Status,Not reached,Lost
2026-08-25T13:04:08.000Z,00QP500000t15UEMAY,NL,0127Q000000upr9QAA,Status,Not reached,Lost
2026-08-25T13:02:41.000Z,00QP500000sym97MAA,NL,0127Q000000upr9QAA,Status,Not reached,Follow-up
2026-08-25T13:00:37.000Z,00QP500000tGxPVMA0,NL,0127Q000000upr9QAA,Status,New,Appointment
2026-08-25T13:00:37.000Z,00QQD00000AQClF2AX,NL,0127Q000000upr9QAA,Status,Not reached,Follow-up
2026-08-25T12:56:58.000Z,00QQD00000ZGAh72AH,BE,0127Q000000eERIQA2,Status,Follow-up,Mailjourney
2026-08-25T12:55:48.000Z,00QP500000ssIKEMA2,BE,0127Q000000eERIQA2,Status,Follow-up,Mailjourney
2026-08-25T12:54:40.000Z,00QP500000sGRJjMAO,BE,0127Q000000eERIQA2,Status,Follow-up,Brochure
2026-08-25T12:53:57.000Z,00QP500000tHn7uMAC,NL,0127Q000000upr9QAA,Status,New,Appointment
2026-08-25T12:49:58.000Z,00QQD00000ZGiKL2A1,BE,0127Q000000eERIQA2,Status,Not reached,Mailjourney
2026-08-25T12:42:27.000Z,00QP500000tH2tqMAC,BE,0127Q000000eERIQA2,Status,Not reached,Appointment
2026-08-25T12:40:38.000Z,00QP500000tHChqMAG,NL,0127Q000000upr9QAA,Status,New,Appointment
2026-08-25T12:38:49.000Z,00QP500000tHk0LMAS,NL,0127Q000000upr9QAA,Status,New,Not reached
2026-08-25T12:34:31.000Z,00QQD00000cgemL2AQ,NL,0127Q000000upr9QAA,Status,Mailjourney,Appointment
2026-08-25T12:33:25.000Z,00QP500000tH0ToMAK,BE,0127Q000000eERIQA2,Status,New,Appointment
2026-08-25T12:32:48.000Z,00QP500000tH2tqMAC,BE,0127Q000000eERIQA2,Status,New,Not reached
2026-08-25T12:32:01.000Z,00QP500000tGAzpMAG,NL,0127Q000000upr9QAA,Status,Not reached,Mailjourney
2026-08-25T12:28:31.000Z,00QP500000tHGAMMA4,NL,0127Q000000upr9QAA,Status,New,Appointment
2026-08-25T12:28:23.000Z,00QP500000t5sEdMAI,NL,0127Q000000upr9QAA,Status,Not reached,Lost
2026-08-25T12:28:10.000Z,00QP500000tGkIZMA0,BE,0127Q000000eERIQA2,Status,New,Not reached
2026-08-25T12:23:07.000Z,00QP500000tGxKeMAK,NL,0127Q000000upr9QAA,Status,New,Not reached
2026-08-25T12:21:59.000Z,00QP500000tGou2MAC,NL,0127Q000000upr9QAA,Status,New,Lost
2026-08-25T12:19:02.000Z,00QP500000syRKnMAM,NL,0127Q000000upr9QAA,Status,Not reached,Follow-up
2026-08-25T12:18:16.000Z,00QP500000t8CagMAE,NL,0127Q000000upr9QAA,Status,Not reached,Follow-up
2026-08-25T12:17:38.000Z,00QP500000r1BhNMAU,NL,0127Q000000upr9QAA,Status,Not reached,Mailjourney
2026-08-25T12:17:06.000Z,00QP500000t5T4vMAE,NL,0127Q000000upr9QAA,Status,Not reached,Follow-up
2026-08-25T12:16:09.000Z,00QP500000t5W61MAE,NL,0127Q000000upr9QAA,Status,Not reached,Not Qualified
2026-08-25T12:14:45.000Z,00QP500000t51wnMAA,NL,0127Q000000upr9QAA,Status,Not reached,Follow-up
2026-08-25T12:14:39.000Z,00QQD00000AQ0K12AL,NL,0127Q000000upr9QAA,Status,Not reached,Follow-up
2026-08-25T12:14:25.000Z,00QP500000tH89cMAC,BE,0127Q000000eERIQA2,Status,New,Appointment
2026-08-25T12:13:54.000Z,00QP500000tGtnIMAS,BE,0127Q000000eERIQA2,Status,New,Appointment
2026-08-25T12:12:02.000Z,00QP500000tGp5KMAS,NL,0127Q000000upr9QAA,Status,New,Appointment
2026-08-25T12:07:31.000Z,00QP500000tGTPpMAO,NL,0127Q000000upr9QAA,Status,New,Appointment
2026-08-25T12:06:33.000Z,00QP500000tGIcQMAW,BE,0127Q000000eERIQA2,Status,New,Follow-up
2026-08-25T12:03:16.000Z,00QP500000tHTqjMAG,NL,0127Q000000upr9QAA,Status,New,Mailjourney
2026-08-25T11:59:24.000Z,00QP500000tGvvVMAS,NL,0127Q000000upr9QAA,Status,New,Not reached
2026-08-25T11:58:59.000Z,00QP500000tH7GmMAK,NL,0127Q000000upr9QAA,Status,New,Not Qualified
2026-08-25T11:55:48.000Z,00QP500000tG27sMAC,NL,0127Q000000upr9QAA,Status,New,Appointment
2026-08-25T11:55:33.000Z,00QP500000tG5vNMAS,NL,0127Q000000upr9QAA,Status,Brochure,Follow-up
2026-08-25T11:55:33.000Z,00QP500000tE1UQMA0,NL,0127Q000000upr9QAA,Status,Brochure,Follow-up
2026-08-25T11:55:33.000Z,00QP500000tGFEkMAO,NL,0127Q000000upr9QAA,Status,Brochure,Follow-up
2026-08-25T11:55:33.000Z,00QP500000tGOmgMAG,NL,0127Q000000upr9QAA,Status,Brochure,Follow-up
2026-08-25T11:51:54.000Z,00QP500000tAlXVMA0,NL,0127Q000000upr9QAA,Status,Not reached,Mailjourney
2026-08-25T11:50:46.000Z,00QP500000tFSM6MAO,NL,0127Q000000upr9QAA,Status,New,Appointment
2026-08-25T11:49:34.000Z,00QP500000tET46MAG,NL,0127Q000000upr9QAA,Status,Not reached,Mailjourney
2026-08-25T11:48:14.000Z,00QP500000tHMndMAG,NL,0127Q000000upr9QAA,Status,New,Mailjourney
2026-08-25T11:47:41.000Z,00QP500000tHN5NMAW,NL,0127Q000000upr9QAA,Status,New,Appointment
2026-08-25T11:44:02.000Z,00QP500000t4xTKMAY,NL,0127Q000000upr9QAA,Status,Not reached,Follow-up
2026-08-25T11:41:32.000Z,00QP500000t4niVMAQ,NL,0127Q000000upr9QAA,Status,Not reached,Not Qualified
2026-08-25T11:39:27.000Z,00QP500000t5K3HMAU,NL,0127Q000000upr9QAA,Status,Not reached,Follow-up
2026-08-25T11:37:29.000Z,00QP500000tGi74MAC,BE,0127Q000000eERIQA2,Status,New,Appointment
2026-08-25T11:34:20.000Z,00QP500000syZgZMAU,NL,0127Q000000upr9QAA,Status,Not reached,Follow-up
2026-08-25T11:33:40.000Z,00QQD00000AQeuK2AT,NL,0127Q000000upr9QAA,Status,Re-entered,Mailjourney
2026-08-25T11:15:23.000Z,00QP500000tGOmgMAG,NL,0127Q000000upr9QAA,Status,New,Brochure
2026-08-25T11:14:47.000Z,00QP500000tGoNmMAK,BE,0127Q000000eERIQA2,Status,New,Not reached
2026-08-25T11:11:18.000Z,00QP500000tFgVYMA0,NL,0127Q000000upr9QAA,Status,New,Appointment
2026-08-25T11:09:41.000Z,00QP500000tGyQLMA0,NL,0127Q000000upr9QAA,Status,New,Not reached
2026-08-25T11:08:57.000Z,00QP500000tGhJ3MAK,NL,0127Q000000upr9QAA,Status,New,Appointment
2026-08-25T11:07:02.000Z,00QP500000tGPpCMAW,NL,0127Q000000upr9QAA,Status,New,Not reached
2026-08-25T11:02:38.000Z,00QP500000tG5vNMAS,NL,0127Q000000upr9QAA,Status,New,Brochure
2026-08-25T11:01:30.000Z,00QP500000tEGJmMAO,BE,0127Q000000eERIQA2,Status,Follow-up,Mailjourney
2026-08-25T10:59:35.000Z,00QP500000tGyDRMA0,NL,0127Q000000upr9QAA,Status,New,Appointment
2026-08-25T10:57:52.000Z,00QP500000tFs8UMAS,NL,0127Q000000upr9QAA,Status,Not reached,Appointment
2026-08-25T10:50:31.000Z,00QP500000tFs8UMAS,NL,0127Q000000upr9QAA,Status,New,Not reached
2026-08-25T10:49:59.000Z,00QP500000tEi7zMAC,NL,0127Q000000upr9QAA,Status,New,Appointment
2026-08-25T10:39:52.000Z,00QP500000tGOYAMA4,BE,0127Q000000eERIQA2,Status,New,Appointment
2026-08-25T10:33:32.000Z,00QP500000tGBmDMAW,NL,0127Q000000upr9QAA,Status,New,Appointment
2026-08-25T10:31:16.000Z,00QP500000tFYczMAG,NL,0127Q000000upr9QAA,Status,New,Not reached
2026-08-25T10:30:09.000Z,00QP500000tFLKcMAO,NL,0127Q000000upr9QAA,Status,New,Appointment
2026-08-25T10:29:26.000Z,00QP500000tEuvcMAC,NL,0127Q000000upr9QAA,Status,New,Appointment
2026-08-25T10:27:50.000Z,00QP500000sakVDMAY,NL,0127Q000000upr9QAA,Status,Follow-up,Mailjourney
2026-08-25T10:22:54.000Z,00QP500000tE1UQMA0,NL,0127Q000000upr9QAA,Status,New,Brochure
2026-08-25T10:19:06.000Z,00QP500000tEZBCMA4,NL,0127Q000000upr9QAA,Status,New,Appointment
2026-08-25T10:15:32.000Z,00QP500000tElSSMA0,NL,0127Q000000upr9QAA,Status,New,Appointment
2026-08-25T10:13:50.000Z,00QP500000sStcAMAS,BE,0127Q000000eERIQA2,Status,Not reached,Follow-up
2026-08-25T10:13:26.000Z,00QP500000sStcAMAS,BE,0127Q000000eERIQA2,Status,Follow-up,Not reached
2026-08-25T10:12:58.000Z,00QQD00000AQh7O2AT,NL,0127Q000000upr9QAA,Status,Re-entered,Appointment
2026-08-25T10:10:17.000Z,00QP500000tGFEkMAO,NL,0127Q000000upr9QAA,Status,New,Brochure
2026-08-25T10:10:12.000Z,00QP500000tFb61MAC,BE,0127Q000000eERIQA2,Status,New,Follow-up
2026-08-25T10:07:53.000Z,00QP500000sStcAMAS,BE,0127Q000000eERIQA2,Status,Mailjourney,Follow-up
2026-08-25T10:07:15.000Z,00QP500000sStcAMAS,BE,0127Q000000eERIQA2,Status,Follow-up,Mailjourney
2026-08-25T10:05:53.000Z,00QP500000qwVa9MAE,NL,0127Q000000upr9QAA,Status,Follow-up,Mailjourney
2026-08-25T10:05:05.000Z,00QP500000sMVFmMAO,NL,0127Q000000upr9QAA,Status,Follow-up,Mailjourney
2026-08-25T10:03:48.000Z,00QP500000s8MieMAE,NL,0127Q000000upr9QAA,Status,Follow-up,Mailjourney
2026-08-25T10:03:37.000Z,00QP500000tGAzpMAG,NL,0127Q000000upr9QAA,Status,New,Not reached
2026-08-25T10:01:38.000Z,00QP500000tFvftMAC,NL,0127Q000000upr9QAA,Status,New,Appointment
2026-08-25T09:59:57.000Z,00QP500000tFL7kMAG,BE,0127Q000000eERIQA2,Status,New,Appointment
2026-08-25T09:57:11.000Z,00QP500000tA0YZMA0,BE,0127Q000000eERIQA2,Status,Not reached,Follow-up
2026-08-25T09:50:54.000Z,00QQD00000ZGKjt2AH,BE,0127Q000000eERIQA2,Status,Follow-up,Appointment
2026-08-25T09:49:12.000Z,00QP500000rwhpJMAQ,BE,0127Q000000eERIQA2,Status,Follow-up,Mailjourney
2026-08-25T09:48:27.000Z,00QP500000sMK2fMAG,NL,0127Q000000upr9QAA,Status,Mailjourney,Lost
2026-08-25T09:47:07.000Z,00QP500000rc8hCMAQ,BE,0127Q000000eERIQA2,Status,Follow-up,Mailjourney
2026-08-25T09:45:46.000Z,00QP500000sg5c6MAA,NL,0127Q000000upr9QAA,Status,Follow-up,Mailjourney
2026-08-25T09:44:30.000Z,00QP500000sMK2fMAG,NL,0127Q000000upr9QAA,Status,Not reached,Mailjourney
2026-08-25T09:44:18.000Z,00QP500000sMK2fMAG,NL,0127Q000000upr9QAA,Status,Follow-up,Not reached
2026-08-25T09:42:54.000Z,00QP500000tET46MAG,NL,0127Q000000upr9QAA,Status,New,Not reached
2026-08-25T09:42:22.000Z,00QP500000t6wuUMAQ,NL,0127Q000000upr9QAA,Status,Brochure,Follow-up
2026-08-25T09:42:22.000Z,00QP500000tAgEQMA0,NL,0127Q000000upr9QAA,Status,Brochure,Follow-up
2026-08-25T09:42:22.000Z,00QP500000tFHKDMA4,NL,0127Q000000upr9QAA,Status,Brochure,Follow-up
2026-08-25T09:42:21.000Z,00QP500000tGENVMA4,NL,0127Q000000upr9QAA,Status,New,Appointment
2026-08-25T09:41:31.000Z,00QP500000s2hg5MAA,NL,0127Q000000upr9QAA,Status,Follow-up,Lost
2026-08-25T09:37:44.000Z,00QP500000rQjkXMAS,BE,0127Q000000eERIQA2,Status,Follow-up,Mailjourney
2026-08-25T09:36:18.000Z,00QP500000sMMPNMA4,BE,0127Q000000eERIQA2,Status,Follow-up,Mailjourney
2026-08-25T09:34:45.000Z,00QP500000sKbcFMAS,BE,0127Q000000eERIQA2,Status,Follow-up,Mailjourney
2026-08-25T09:33:58.000Z,00QP500000sJvd7MAC,BE,0127Q000000eERIQA2,Status,Follow-up,Mailjourney
2026-08-25T09:32:41.000Z,00QP500000tG2MLMA0,BE,0127Q000000eERIQA2,Status,New,Not reached
2026-08-25T09:32:16.000Z,00QP500000sEnZgMAK,BE,0127Q000000eERIQA2,Status,Follow-up,Mailjourney
2026-08-25T09:25:14.000Z,00QQD00000AQeuK2AT,NL,0127Q000000upr9QAA,Status,Converted Old SF,Re-entered
2026-08-25T09:21:57.000Z,00QP500000sfuVQMAY,NL,0127Q000000upr9QAA,Status,Follow-up,Mailjourney
2026-08-25T09:21:43.000Z,00QP500000tAyzNMAS,BE,0127Q000000eERIQA2,Status,Not reached,Appointment
2026-08-25T09:21:35.000Z,00QQD00000cc7Ij2AI,NL,0127Q000000upr9QAA,Status,Follow-up,Mailjourney
2026-08-25T09:21:03.000Z,00QP500000saYyiMAE,NL,0127Q000000upr9QAA,Status,Follow-up,Mailjourney
2026-08-25T09:17:52.000Z,00QP500000t4OaQMAU,BE,0127Q000000eERIQA2,Status,Not reached,Not Qualified
2026-08-25T09:16:07.000Z,00QP500000t4ForMAE,BE,0127Q000000eERIQA2,Status,Not reached,Mailjourney
2026-08-25T09:13:52.000Z,00QP500000tBM8pMAG,NL,0127Q000000upr9QAA,Status,Not reached,Appointment
2026-08-25T09:12:46.000Z,00QP500000t4AlvMAE,BE,0127Q000000eERIQA2,Status,Not reached,Brochure
2026-08-25T09:11:45.000Z,00QP500000tENJgMAO,NL,0127Q000000upr9QAA,Status,New,Appointment
2026-08-25T09:11:01.000Z,00QQD00000ZGhZ42AL,BE,0127Q000000eERIQA2,Status,Follow-up,Mailjourney
2026-08-25T09:09:55.000Z,00QP500000t23zzMAA,BE,0127Q000000eERIQA2,Status,Not reached,Mailjourney
2026-08-25T09:09:10.000Z,00QQD00000ZFRTD2A5,BE,0127Q000000eERIQA2,Status,Follow-up,Mailjourney
2026-08-25T09:08:26.000Z,00QP500000t1h8EMAQ,BE,0127Q000000eERIQA2,Status,Not reached,Mailjourney
2026-08-25T09:07:24.000Z,00QP500000tFoG9MAK,BE,0127Q000000eERIQA2,Status,New,Mailjourney
2026-08-25T09:07:24.000Z,00QP500000t13iXMAQ,BE,0127Q000000eERIQA2,Status,Not reached,Mailjourney
2026-08-25T09:06:37.000Z,00QP500000tFjA1MAK,NL,0127Q000000upr9QAA,Status,New,Appointment
2026-08-25T09:05:27.000Z,00QQD00000ZFLKZ2A5,BE,0127Q000000eERIQA2,Status,Not reached,Not Qualified
2026-08-25T09:01:13.000Z,00QP500000rxMFjMAM,BE,0127Q000000eERIQA2,Status,Follow-up,Mailjourney
2026-08-25T09:00:27.000Z,00QP500000sxoHqMAI,BE,0127Q000000eERIQA2,Status,Re-entered,Follow-up
2026-08-25T08:58:54.000Z,00QQD00000AQh7O2AT,NL,0127Q000000upr9QAA,Status,Converted Old SF,Re-entered
2026-08-25T08:58:06.000Z,00QP500000tEaLjMAK,BE,0127Q000000eERIQA2,Status,New,Follow-up
2026-08-25T08:50:40.000Z,00QP500000swTgtMAE,BE,0127Q000000eERIQA2,Status,Re-entered,Follow-up
2026-08-25T08:50:13.000Z,00QP500000tEfQIMA0,NL,0127Q000000upr9QAA,Status,New,Appointment
2026-08-25T08:47:43.000Z,00QP500000sXi1cMAC,NL,0127Q000000upr9QAA,Status,Follow-up,Mailjourney
2026-08-25T08:43:51.000Z,00QP500000sk377MAA,BE,0127Q000000eERIQA2,Status,Not reached,Follow-up
2026-08-25T08:43:32.000Z,00QP500000qkRH3MAM,BE,0127Q000000eERIQA2,Status,Not reached,Follow-up
2026-08-25T08:42:01.000Z,00QP500000t7cP3MAI,BE,0127Q000000eERIQA2,Status,Not reached,Appointment
2026-08-25T08:40:57.000Z,00QQD00000AQRWE2A5,NL,0127Q000000upr9QAA,Status,Follow-up,Appointment
2026-08-25T08:39:16.000Z,00QQD00000ZFNja2AH,BE,0127Q000000eERIQA2,Status,Not reached,Appointment
2026-08-25T08:37:03.000Z,00QP500000sxoHqMAI,BE,0127Q000000eERIQA2,Status,Not reached,Re-entered
2026-08-25T08:33:04.000Z,00QP500000t5pBwMAI,BE,0127Q000000eERIQA2,Status,Not reached,Not Qualified
2026-08-25T08:31:33.000Z,00QQD00000VkkXR2AZ,NL,0127Q000000upr9QAA,Status,Follow-up,Mailjourney
2026-08-25T08:30:13.000Z,00QP500000tEfQHMA0,NL,0127Q000000upr9QAA,Status,New,Not reached
2026-08-25T08:27:30.000Z,00QP500000tAHMTMA4,NL,0127Q000000upr9QAA,Status,Not reached,Appointment
2026-08-25T08:27:22.000Z,00QP500000t2E7HMAU,BE,0127Q000000eERIQA2,Status,Not reached,Brochure
2026-08-25T08:27:17.000Z,00QP500000sahwzMAA,NL,0127Q000000upr9QAA,Status,Follow-up,Appointment
2026-08-25T08:27:10.000Z,00QP500000tEzITMA0,NL,0127Q000000upr9QAA,Status,New,Appointment
2026-08-25T08:25:30.000Z,00QP500000s8EDGMA2,NL,0127Q000000upr9QAA,Status,Follow-up,Mailjourney
2026-08-25T08:25:00.000Z,00QP500000swTgtMAE,BE,0127Q000000eERIQA2,Status,Follow-up,Re-entered
2026-08-25T08:23:48.000Z,00QP500000t3ILlMAM,BE,0127Q000000eERIQA2,Status,Not reached,Not Qualified
2026-08-25T08:23:06.000Z,00QP500000sul6nMAA,BE,0127Q000000eERIQA2,Status,Not reached,Appointment
2026-08-25T08:22:43.000Z,00QP500000t2BKiMAM,BE,0127Q000000eERIQA2,Status,Not reached,Mailjourney
2026-08-25T08:20:43.000Z,00QP500000t4kSqMAI,NL,0127Q000000upr9QAA,Status,Not reached,Mailjourney
2026-08-25T08:18:59.000Z,00QP500000swFyuMAE,BE,0127Q000000eERIQA2,Status,Mailjourney,Not Qualified
2026-08-25T08:18:10.000Z,00QP500000t2MfuMAE,NL,0127Q000000upr9QAA,Status,Not reached,Lost
2026-08-25T08:18:03.000Z,00QP500000tFHKDMA4,NL,0127Q000000upr9QAA,Status,New,Brochure
2026-08-25T08:16:21.000Z,00QQD00000AQDdq2AH,NL,0127Q000000upr9QAA,Status,Not reached,Not Qualified
2026-08-25T08:15:10.000Z,00QP500000sy4UiMAI,BE,0127Q000000eERIQA2,Status,Not reached,Mailjourney
2026-08-25T08:15:02.000Z,00QP500000szweJMAQ,NL,0127Q000000upr9QAA,Status,Not reached,Mailjourney
2026-08-25T08:14:46.000Z,00QQD00000APx1k2AD,NL,0127Q000000upr9QAA,Status,Re-entered,Follow-up
2026-08-25T08:14:36.000Z,00QP500000sq4y8MAA,BE,0127Q000000eERIQA2,Status,Not reached,Mailjourney
2026-08-25T08:12:59.000Z,00QP500000tBAR0MAO,NL,0127Q000000upr9QAA,Status,Not reached,Appointment
2026-08-25T08:12:48.000Z,00QP500000tAB7OMAW,NL,0127Q000000upr9QAA,Status,Not reached,Appointment
2026-08-25T08:12:43.000Z,00QP500000raidXMAQ,NL,0127Q000000upr9QAA,Status,Follow-up,Mailjourney
2026-08-25T08:10:24.000Z,00QP500000swFyuMAE,BE,0127Q000000eERIQA2,Status,Not reached,Mailjourney
2026-08-25T08:10:13.000Z,00QQD00000AQClF2AX,NL,0127Q000000upr9QAA,Status,Re-entered,Not reached
2026-08-25T08:07:30.000Z,00QP500000sWnXxMAK,NL,0127Q000000upr9QAA,Status,Follow-up,Mailjourney
2026-08-25T08:05:51.000Z,00QP500000tEEgAMAW,NL,0127Q000000upr9QAA,Status,New,Appointment
2026-08-25T08:04:31.000Z,00QP500000tEGJmMAO,BE,0127Q000000eERIQA2,Status,Not reached,Follow-up
2026-08-25T08:04:24.000Z,00QP500000t51wnMAA,NL,0127Q000000upr9QAA,Status,Re-entered,Not reached
2026-08-25T08:03:48.000Z,00QQD00000AQRjZ2AX,NL,0127Q000000upr9QAA,Status,Not reached,Follow-up
2026-08-25T08:03:31.000Z,00QP500000tCUPGMA4,NL,0127Q000000upr9QAA,Status,New,Mailjourney
2026-08-25T08:03:30.000Z,00QP500000stT8jMAE,BE,0127Q000000eERIQA2,Status,Not reached,Follow-up
2026-08-25T08:01:25.000Z,00QQD00000bSx1V2AS,BE,0127Q000000eERIQA2,Status,Re-entered,Not Qualified
2026-08-25T08:00:16.000Z,00QP500000t9dKEMAY,NL,0127Q000000upr9QAA,Status,Not reached,Appointment
2026-08-25T07:54:06.000Z,00QP500000tCNPNMA4,NL,0127Q000000upr9QAA,Status,New,Not Qualified
2026-08-25T07:54:04.000Z,00QQD00000ZFNja2AH,BE,0127Q000000eERIQA2,Status,Re-entered,Not reached
2026-08-25T07:53:35.000Z,00QQD00000ZFDpS2AX,BE,0127Q000000eERIQA2,Status,Re-entered,Mailjourney
2026-08-25T07:52:59.000Z,00QP500000tBWHsMAO,NL,0127Q000000upr9QAA,Status,New,Appointment
2026-08-25T07:52:48.000Z,00QP500000tBAR0MAO,NL,0127Q000000upr9QAA,Status,New,Not reached
2026-08-25T07:52:27.000Z,00QP500000syLiRMAU,NL,0127Q000000upr9QAA,Status,Not reached,Appointment
2026-08-25T07:50:59.000Z,00QP500000tAqNSMA0,NL,0127Q000000upr9QAA,Status,Not reached,Appointment
2026-08-25T07:50:39.000Z,00QP500000tEqezMAC,BE,0127Q000000eERIQA2,Status,New,Not reached
2026-08-25T07:50:36.000Z,00QP500000tBM8pMAG,NL,0127Q000000upr9QAA,Status,New,Not reached
2026-08-25T07:50:15.000Z,00QQD00000cjh9O2AQ,BE,0127Q000000eERIQA2,Status,Follow-up,Appointment
2026-08-25T07:49:01.000Z,00QQD00000AQ4dD2AT,NL,0127Q000000upr9QAA,Status,Follow-up,Lost
2026-08-25T07:47:16.000Z,00QP500000tDVZQMA4,NL,0127Q000000upr9QAA,Status,Not reached,Appointment
2026-08-25T07:47:16.000Z,00QP500000tClujMAC,BE,0127Q000000eERIQA2,Status,Not reached,Not Qualified
2026-08-25T07:47:14.000Z,00QP500000tCscyMAC,NL,0127Q000000upr9QAA,Status,New,Not reached
2026-08-25T07:46:06.000Z,00QP500000s4VFqMAM,BE,0127Q000000eERIQA2,Status,Re-entered - Phone Number Changed,Mailjourney
2026-08-25T07:45:59.000Z,00QP500000t6IaTMAU,NL,0127Q000000upr9QAA,Status,Not reached,Follow-up
2026-08-25T07:45:30.000Z,00QP500000tCThhMAG,NL,0127Q000000upr9QAA,Status,New,Not reached
2026-08-25T07:44:57.000Z,00QQD00000bSx1V2AS,BE,0127Q000000eERIQA2,Status,Not Qualified,Re-entered
2026-08-25T07:43:26.000Z,00QP500000tClujMAC,BE,0127Q000000eERIQA2,Status,New,Not reached
2026-08-25T07:42:14.000Z,00QP500000tAlXVMA0,NL,0127Q000000upr9QAA,Status,New,Not reached
2026-08-25T07:42:01.000Z,00QP500000tB95BMAS,BE,0127Q000000eERIQA2,Status,New,Not reached
2026-08-25T07:41:21.000Z,00QP500000tEGJmMAO,BE,0127Q000000eERIQA2,Status,New,Not reached
2026-08-25T07:39:12.000Z,00QP500000tBk6KMAS,NL,0127Q000000upr9QAA,Status,New,Appointment
2026-08-25T07:39:02.000Z,00QP500000tCnjdMAC,NL,0127Q000000upr9QAA,Status,New,Not reached
2026-08-25T07:38:19.000Z,00QP500000tAuhGMAS,NL,0127Q000000upr9QAA,Status,New,Appointment
2026-08-25T07:38:10.000Z,00QP500000tDyczMAC,NL,0127Q000000upr9QAA,Status,New,Not reached
2026-08-25T07:37:34.000Z,00QP500000tDwmVMAS,BE,0127Q000000eERIQA2,Status,New,Appointment
2026-08-25T07:36:24.000Z,00QP500000tCb5rMAC,NL,0127Q000000upr9QAA,Status,New,Follow-up
2026-08-25T07:36:10.000Z,00QP500000tBY6lMAG,BE,0127Q000000eERIQA2,Status,New,Not reached
2026-08-25T07:36:06.000Z,00QP500000slfwhMAA,BE,0127Q000000eERIQA2,Status,Follow-up,Appointment
2026-08-25T07:35:33.000Z,00QP500000tDVZQMA4,NL,0127Q000000upr9QAA,Status,New,Not reached
2026-08-25T07:34:11.000Z,00QP500000tDWlaMAG,NL,0127Q000000upr9QAA,Status,New,Lost
2026-08-25T07:34:10.000Z,00QP500000tE39hMAC,BE,0127Q000000eERIQA2,Status,New,Appointment
2026-08-25T07:29:44.000Z,00QP500000tBZUEMA4,BE,0127Q000000eERIQA2,Status,New,Brochure
2026-08-25T07:29:18.000Z,00QP500000tBdMZMA0,NL,0127Q000000upr9QAA,Status,New,Appointment
2026-08-25T07:28:40.000Z,00QP500000tDPXBMA4,BE,0127Q000000eERIQA2,Status,New,Not Qualified
2026-08-25T07:26:44.000Z,00QP500000tCALlMAO,BE,0127Q000000eERIQA2,Status,New,Follow-up
2026-08-25T07:26:44.000Z,00QP500000tBo9uMAC,BE,0127Q000000eERIQA2,Status,New,Not reached
2026-08-25T07:25:50.000Z,00QP500000tEFNhMAO,BE,0127Q000000eERIQA2,Status,New,Not reached
2026-08-25T07:23:25.000Z,00QP500000tC8dHMAS,BE,0127Q000000eERIQA2,Status,New,Not reached
2026-08-25T07:22:53.000Z,00QP500000tEAaxMAG,BE,0127Q000000eERIQA2,Status,New,Follow-up
2026-08-25T07:22:01.000Z,00QP500000scNSlMAM,BE,0127Q000000eERIQA2,Status,Re-entered,Mailjourney
2026-08-25T07:20:24.000Z,00QP500000tBiiqMAC,BE,0127Q000000eERIQA2,Status,New,Follow-up
2026-08-25T06:01:54.000Z,00QP500000sWcJIMA0,IT,012QD000002ylcPYAQ,Status,New,Not Qualified
2026-08-25T06:01:54.000Z,00QP500000sWcJDMA0,IT,012QD000002ylcPYAQ,Status,New,Not Qualified
2026-08-25T06:01:54.000Z,00QP500000sWcJHMA0,FR,012QD000002ylXZYAY,Status,New,Not Qualified
2026-08-25T06:01:54.000Z,00QP500000sWcJEMA0,FR,012QD000002ylXZYAY,Status,New,Mailjourney
2026-08-25T06:01:54.000Z,00QP500000sWcJGMA0,IT,012QD000002ylcPYAQ,Status,New,Follow-up
2026-08-24T22:42:33.000Z,00QP500000s4VFqMAM,BE,0127Q000000eERIQA2,Status,Mailjourney,Re-entered - Phone Number Changed
2026-08-24T18:01:10.000Z,00QP500000scNSlMAM,BE,0127Q000000eERIQA2,Status,Mailjourney,Re-entered
2026-08-24T17:20:07.000Z,00QQD00000APx1k2AD,NL,0127Q000000upr9QAA,Status,Lost,Re-entered
2026-08-24T16:05:04.000Z,00QP500000t51wnMAA,NL,0127Q000000upr9QAA,Status,Not reached,Re-entered
2026-08-24T15:57:14.000Z,00QQD00000AQClF2AX,NL,0127Q000000upr9QAA,Status,Lost,Re-entered
2026-08-24T15:11:00.000Z,00QQD00000ZFNja2AH,BE,0127Q000000eERIQA2,Status,Mailjourney,Re-entered
2026-08-24T15:06:46.000Z,00QP500000tA0YZMA0,BE,0127Q000000eERIQA2,Status,New,Not reached
2026-08-24T15:04:28.000Z,00QP500000t5njeMAA,NL,0127Q000000upr9QAA,Status,Not reached,Follow-up
2026-08-24T14:57:33.000Z,00QP500000tB2QIMA0,NL,0127Q000000upr9QAA,Status,New,Appointment
2026-08-24T14:56:31.000Z,00QQD00000AQ4dD2AT,NL,0127Q000000upr9QAA,Status,Re-entered,Follow-up
2026-08-24T14:53:27.000Z,00QP500000tAdlDMAS,NL,0127Q000000upr9QAA,Status,New,Appointment
2026-08-24T14:50:13.000Z,00QP500000tB7WLMA0,NL,0127Q000000upr9QAA,Status,New,Mailjourney
2026-08-24T14:49:35.000Z,00QP500000tAqNSMA0,NL,0127Q000000upr9QAA,Status,New,Not reached
2026-08-24T14:48:16.000Z,00QP500000tB2QJMA0,NL,0127Q000000upr9QAA,Status,New,Appointment
2026-08-24T14:43:39.000Z,00QP500000tAkmhMAC,NL,0127Q000000upr9QAA,Status,New,Not Qualified
2026-08-24T14:41:08.000Z,00QQD00000AQ4dD2AT,NL,0127Q000000upr9QAA,Status,Mailjourney,Re-entered
2026-08-24T14:41:08.000Z,00QP500000tBGzTMAW,BE,0127Q000000eERIQA2,Status,New,Follow-up
2026-08-24T14:39:32.000Z,00QP500000tAgEQMA0,NL,0127Q000000upr9QAA,Status,New,Brochure
2026-08-24T14:37:36.000Z,00QP500000tBKoXMAW,BE,0127Q000000eERIQA2,Status,New,Not Qualified
2026-08-24T14:31:44.000Z,00QP500000tAyzNMAS,BE,0127Q000000eERIQA2,Status,New,Not reached
2026-08-24T14:31:40.000Z,00QP500000tB1luMAC,NL,0127Q000000upr9QAA,Status,New,Not Qualified
2026-08-24T14:29:26.000Z,00QP500000t8wFHMAY,NL,0127Q000000upr9QAA,Status,Not reached,Appointment
2026-08-24T14:28:08.000Z,00QP500000tAnfiMAC,NL,0127Q000000upr9QAA,Status,New,Appointment
2026-08-24T14:27:57.000Z,00QQD00000ZFGn12AH,BE,0127Q000000eERIQA2,Status,Re-entered,Not reached
2026-08-24T14:25:44.000Z,00QP500000t7iHaMAI,BE,0127Q000000eERIQA2,Status,Not reached,Appointment
2026-08-24T14:25:38.000Z,00QP500000tAW2EMAW,NL,0127Q000000upr9QAA,Status,New,Appointment
2026-08-24T14:20:25.000Z,00QQD00000ZGACd2AP,BE,0127Q000000eERIQA2,Status,Re-entered,Not Qualified
2026-08-24T14:19:03.000Z,00QP500000t6wuUMAQ,NL,0127Q000000upr9QAA,Status,Not reached,Brochure
2026-08-24T14:16:39.000Z,00QP500000t9XUwMAM,BE,0127Q000000eERIQA2,Status,Not reached,Mailjourney
2026-08-24T14:12:29.000Z,00QP500000t4oUtMAI,BE,0127Q000000eERIQA2,Status,Not reached,Appointment
2026-08-24T14:11:55.000Z,00QP500000sJiB9MAK,NL,0127Q000000upr9QAA,Status,Follow-up,Mailjourney
2026-08-24T14:11:47.000Z,00QP500000t60AbMAI,NL,0127Q000000upr9QAA,Status,Not reached,Follow-up
2026-08-24T14:09:40.000Z,00QP500000sJeXWMA0,NL,0127Q000000upr9QAA,Status,Follow-up,Mailjourney
2026-08-24T14:09:01.000Z,00QP500000s9Xj9MAE,NL,0127Q000000upr9QAA,Status,Follow-up,Mailjourney
2026-08-24T14:05:42.000Z,00QP500000t3uviMAA,NL,0127Q000000upr9QAA,Status,Follow-up,Lost
2026-08-24T14:05:34.000Z,00QQD00000VrZ2b2AF,NL,0127Q000000upr9QAA,Status,Follow-up,Mailjourney
2026-08-24T14:05:11.000Z,00QQD00000ZGACd2AP,BE,0127Q000000eERIQA2,Status,Not Qualified,Re-entered
2026-08-24T14:03:25.000Z,00QP500000t31CnMAI,BE,0127Q000000eERIQA2,Status,Not reached,Follow-up
2026-08-24T14:02:05.000Z,00QP500000tAsCLMA0,NL,0127Q000000upr9QAA,Status,New,Not reached
2026-08-24T13:57:15.000Z,00QP500000stTLeMAM,NL,0127Q000000upr9QAA,Status,Follow-up,Mailjourney
2026-08-24T13:51:20.000Z,00QP500000sKstCMAS,NL,0127Q000000upr9QAA,Status,Follow-up,Mailjourney
2026-08-24T13:51:07.000Z,00QQD00000AoFvm2AF,NL,0127Q000000upr9QAA,Status,Follow-up,Mailjourney
2026-08-24T13:48:26.000Z,00QP500000soE0iMAE,NL,0127Q000000upr9QAA,Status,Follow-up,Mailjourney
2026-08-24T13:42:44.000Z,00QP500000tAZ86MAG,NL,0127Q000000upr9QAA,Status,New,Not Qualified
2026-08-24T13:42:29.000Z,00QQD00000cz8lx2AA,NL,0127Q000000upr9QAA,Status,Follow-up,Mailjourney
2026-08-24T13:40:10.000Z,00QP500000t1hxlMAA,NL,0127Q000000upr9QAA,Status,Brochure,Follow-up
2026-08-24T13:40:10.000Z,00QP500000t9IJ0MAM,NL,0127Q000000upr9QAA,Status,Brochure,Follow-up
2026-08-24T13:40:10.000Z,00QP500000sRlroMAC,NL,0127Q000000upr9QAA,Status,Brochure,Follow-up
2026-08-24T13:40:10.000Z,00QP500000t36u4MAA,NL,0127Q000000upr9QAA,Status,Brochure,Follow-up
2026-08-24T13:40:10.000Z,00QP500000t2J2AMAU,NL,0127Q000000upr9QAA,Status,Brochure,Follow-up
2026-08-24T13:40:10.000Z,00QP500000t8ZSMMA2,NL,0127Q000000upr9QAA,Status,Brochure,Follow-up
2026-08-24T13:38:09.000Z,00QQD00000c6w1q2AA,NL,0127Q000000upr9QAA,Status,Not reached,Appointment
2026-08-24T13:37:51.000Z,00QQD00000ZFGn12AH,BE,0127Q000000eERIQA2,Status,Mailjourney,Re-entered
2026-08-24T13:35:08.000Z,00QP500000t4GPwMAM,NL,0127Q000000upr9QAA,Status,Follow-up,Appointment
2026-08-24T13:32:35.000Z,00QQD00000dJTr32AG,NL,0127Q000000upr9QAA,Status,Follow-up,Appointment
2026-08-24T13:31:09.000Z,00QQD00000dobU92AI,NL,0127Q000000upr9QAA,Status,Follow-up,Mailjourney
2026-08-24T13:31:08.000Z,00QP500000t2k8jMAA,BE,0127Q000000eERIQA2,Status,Not reached,Appointment
2026-08-24T13:26:59.000Z,00QP500000sXzAUMA0,NL,0127Q000000upr9QAA,Status,Follow-up,Appointment
2026-08-24T13:25:31.000Z,00QP500000skrwkMAA,NL,0127Q000000upr9QAA,Status,Follow-up,Mailjourney
2026-08-24T13:24:53.000Z,00QP500000sb2wbMAA,NL,0127Q000000upr9QAA,Status,Follow-up,Mailjourney
2026-08-24T13:24:17.000Z,00QP500000t2M9pMAE,BE,0127Q000000eERIQA2,Status,Not reached,Follow-up
2026-08-24T13:21:34.000Z,00QP500000roPuMMAU,BE,0127Q000000eERIQA2,Status,Follow-up,Mailjourney
2026-08-24T13:21:22.000Z,00QP500000sUrPZMA0,NL,0127Q000000upr9QAA,Status,Follow-up,Mailjourney
2026-08-24T13:21:10.000Z,00QP500000tAPgbMAG,NL,0127Q000000upr9QAA,Status,New,Follow-up
2026-08-24T13:18:41.000Z,00QP500000sWonVMAS,NL,0127Q000000upr9QAA,Status,Follow-up,Mailjourney
2026-08-24T13:18:34.000Z,00QP500000t5iTmMAI,BE,0127Q000000eERIQA2,Status,Not reached,Appointment
2026-08-24T13:16:53.000Z,00QP500000sMxlYMAS,NL,0127Q000000upr9QAA,Status,Follow-up,Mailjourney
2026-08-24T13:16:00.000Z,00QP500000tAa8zMAC,NL,0127Q000000upr9QAA,Status,New,Not reached
2026-08-24T13:15:43.000Z,00QP500000t5AFCMA2,NL,0127Q000000upr9QAA,Status,Not reached,Appointment
2026-08-24T13:15:26.000Z,00QP500000sRlroMAC,NL,0127Q000000upr9QAA,Status,Follow-up,Brochure
2026-08-24T13:15:09.000Z,00QP500000sHhkcMAC,NL,0127Q000000upr9QAA,Status,Follow-up,Mailjourney
2026-08-24T13:15:08.000Z,00QP500000rb2ItMAI,BE,0127Q000000eERIQA2,Status,Follow-up,Mailjourney
2026-08-24T13:13:57.000Z,00QP500000sFd6sMAC,NL,0127Q000000upr9QAA,Status,Follow-up,Mailjourney
2026-08-24T13:13:55.000Z,00QP500000sSsOAMA0,BE,0127Q000000eERIQA2,Status,Follow-up,Mailjourney
2026-08-24T13:13:32.000Z,00QP500000t2ZtHMAU,NL,0127Q000000upr9QAA,Status,Not reached,Not Qualified
2026-08-24T13:12:53.000Z,00QP500000tAHMTMA4,NL,0127Q000000upr9QAA,Status,New,Not reached
2026-08-24T13:12:05.000Z,00QP500000t76x6MAA,NL,0127Q000000upr9QAA,Status,Not reached,Appointment
2026-08-24T13:11:23.000Z,00QP500000t8wFHMAY,NL,0127Q000000upr9QAA,Status,New,Not reached
2026-08-24T13:10:21.000Z,00QP500000t3D1AMAU,NL,0127Q000000upr9QAA,Status,Not reached,Mailjourney
2026-08-24T13:10:04.000Z,00QP500000spUkwMAE,BE,0127Q000000eERIQA2,Status,Not reached,Mailjourney
2026-08-24T13:08:28.000Z,00QP500000sb0ZuMAI,BE,0127Q000000eERIQA2,Status,Not reached,Mailjourney
2026-08-24T13:08:08.000Z,00QP500000t2MjBMAU,NL,0127Q000000upr9QAA,Status,Not reached,Lost
2026-08-24T13:06:05.000Z,00QQD00000dfAL72AM,BE,0127Q000000eERIQA2,Status,Follow-up,Appointment
2026-08-24T13:05:48.000Z,00QP500000rnym9MAA,NL,0127Q000000upr9QAA,Status,Follow-up,Mailjourney
2026-08-24T13:04:58.000Z,00QP500000sRQ2XMAW,NL,0127Q000000upr9QAA,Status,Follow-up,Mailjourney
2026-08-24T13:04:06.000Z,00QP500000sHcwDMAS,NL,0127Q000000upr9QAA,Status,Follow-up,Lost
2026-08-24T13:02:51.000Z,00QP500000sN42HMAS,NL,0127Q000000upr9QAA,Status,Follow-up,Mailjourney
2026-08-24T13:02:23.000Z,00QP500000t7t6XMAQ,NL,0127Q000000upr9QAA,Status,Not reached,Mailjourney
2026-08-24T13:02:21.000Z,00QP500000t4O13MAE,NL,0127Q000000upr9QAA,Status,Not reached,Follow-up
2026-08-24T12:54:15.000Z,00QP500000tAHnvMAG,NL,0127Q000000upr9QAA,Status,New,Mailjourney
2026-08-24T12:46:57.000Z,00QP500000sb6P7MAI,NL,0127Q000000upr9QAA,Status,Follow-up,Not Qualified
2026-08-24T12:44:27.000Z,00QP500000sZuEkMAK,NL,0127Q000000upr9QAA,Status,Follow-up,Mailjourney
2026-08-24T12:43:29.000Z,00QP500000tANGbMAO,BE,0127Q000000eERIQA2,Status,New,Not reached
2026-08-24T12:43:17.000Z,00QP500000t9RJ7MAM,NL,0127Q000000upr9QAA,Status,New,Not Qualified
2026-08-24T12:41:29.000Z,00QQD00000AQ9xL2AT,NL,0127Q000000upr9QAA,Status,Re-entered,Appointment
2026-08-24T12:41:18.000Z,00QP500000t1tkLMAQ,NL,0127Q000000upr9QAA,Status,Not reached,Appointment
2026-08-24T12:41:10.000Z,00QP500000t2QEuMAM,BE,0127Q000000eERIQA2,Status,Re-entered - Phone Number Changed,Not reached
2026-08-24T12:40:40.000Z,00QP500000tAB7OMAW,NL,0127Q000000upr9QAA,Status,New,Not reached
2026-08-24T12:37:50.000Z,00QP500000t2QEuMAM,BE,0127Q000000eERIQA2,Status,Not reached,Re-entered - Phone Number Changed
2026-08-24T12:34:33.000Z,00QP500000t3VysMAE,NL,0127Q000000upr9QAA,Status,Not reached,Appointment
2026-08-24T12:30:12.000Z,00QP500000t9x9GMAQ,NL,0127Q000000upr9QAA,Status,New,Not Qualified
2026-08-24T12:24:35.000Z,00QP500000qRA8cMAG,NL,0127Q000000upr9QAA,Status,Not reached,Lost
2026-08-24T12:23:20.000Z,00QP500000sz7tWMAQ,NL,0127Q000000upr9QAA,Status,Not reached,Appointment
2026-08-24T12:21:31.000Z,00QP500000tA5wPMAS,NL,0127Q000000upr9QAA,Status,New,Not Qualified
2026-08-24T12:20:50.000Z,00QP500000t1hxlMAA,NL,0127Q000000upr9QAA,Status,Not reached,Brochure
2026-08-24T12:19:26.000Z,00QQD00000dblso2AA,NL,0127Q000000upr9QAA,Status,Mailjourney,Appointment
2026-08-24T12:15:06.000Z,00QQD00000AQ9xL2AT,NL,0127Q000000upr9QAA,Status,Mailjourney,Re-entered
2026-08-24T12:08:11.000Z,00QQD00000Eu4yX2AR,NL,0127Q000000upr9QAA,Status,Follow-up,Appointment
2026-08-24T12:00:33.000Z,00QP500000t9QMGMA2,NL,0127Q000000upr9QAA,Status,New,Appointment
2026-08-24T12:00:08.000Z,00QP500000t2J2AMAU,NL,0127Q000000upr9QAA,Status,Not reached,Brochure
2026-08-24T11:56:03.000Z,00QQD00000ZH1CA2A1,BE,0127Q000000eERIQA2,Status,Re-entered,Appointment
2026-08-24T11:54:42.000Z,00QP500000t51obMAA,NL,0127Q000000upr9QAA,Status,Not reached,Mailjourney
2026-08-24T11:54:07.000Z,00QP500000t2q1FMAQ,NL,0127Q000000upr9QAA,Status,Not reached,Appointment
2026-08-24T11:53:28.000Z,00QP500000pq91sMAA,NL,0127Q000000upr9QAA,Status,Follow-up,Mailjourney
2026-08-24T11:52:58.000Z,00QP500000su7XZMAY,BE,0127Q000000eERIQA2,Status,Re-entered,Appointment
2026-08-24T11:52:26.000Z,00QP500000rLwDmMAK,NL,0127Q000000upr9QAA,Status,Not reached,Mailjourney
2026-08-24T11:50:47.000Z,00QP500000t9LC5MAM,NL,0127Q000000upr9QAA,Status,New,Appointment
2026-08-24T11:47:35.000Z,00QP500000sFJknMAG,NL,0127Q000000upr9QAA,Status,Follow-up,Appointment
2026-08-24T11:46:18.000Z,00QP500000t9dKEMAY,NL,0127Q000000upr9QAA,Status,New,Not reached
2026-08-24T11:44:48.000Z,00QP500000t2O6hMAE,BE,0127Q000000eERIQA2,Status,Not reached,Follow-up
2026-08-24T11:43:36.000Z,00QP500000t36u4MAA,NL,0127Q000000upr9QAA,Status,Not reached,Brochure
2026-08-24T11:39:28.000Z,00QQD00000G8y7T2AR,NL,0127Q000000upr9QAA,Status,Re-entered,Not Qualified
2026-08-24T11:39:17.000Z,00QP500000t9PtxMAE,NL,0127Q000000upr9QAA,Status,New,Appointment
2026-08-24T11:37:58.000Z,00QQD00000ZH1CA2A1,BE,0127Q000000eERIQA2,Status,Mailjourney,Re-entered
2026-08-24T11:37:32.000Z,00QP500000t9XUwMAM,BE,0127Q000000eERIQA2,Status,New,Not reached
2026-08-24T11:30:03.000Z,00QP500000ssftWMAQ,BE,0127Q000000eERIQA2,Status,Not reached,Mailjourney
2026-08-24T11:28:45.000Z,00QP500000t4ohnMAA,BE,0127Q000000eERIQA2,Status,Follow-up,Appointment
2026-08-24T11:28:28.000Z,00QP500000slpmLMAQ,BE,0127Q000000eERIQA2,Status,Not reached,Mailjourney
2026-08-24T11:26:51.000Z,00QP500000sYrPPMA0,BE,0127Q000000eERIQA2,Status,Not reached,Mailjourney
2026-08-24T11:23:07.000Z,00QP500000swLwTMAU,NL,0127Q000000upr9QAA,Status,Follow-up,Lost
2026-08-24T11:18:52.000Z,00QP500000rEK6oMAG,NL,0127Q000000upr9QAA,Status,Mailjourney,Appointment
2026-08-24T11:14:49.000Z,00QP500000swpcXMAQ,BE,0127Q000000eERIQA2,Status,Not reached,Appointment
2026-08-24T11:14:26.000Z,00QP500000t2J2BMAU,BE,0127Q000000eERIQA2,Status,Not reached,Appointment
2026-08-24T11:12:28.000Z,00QP500000t9Im1MAE,NL,0127Q000000upr9QAA,Status,New,Appointment
2026-08-24T11:11:54.000Z,00QQD00000G8y7T2AR,NL,0127Q000000upr9QAA,Status,Not Qualified,Re-entered
2026-08-24T10:55:41.000Z,00QP500000sZskoMAC,NL,0127Q000000upr9QAA,Status,Follow-up,Not Qualified
2026-08-24T10:48:06.000Z,00QP500000t9KfnMAE,NL,0127Q000000upr9QAA,Status,New,Appointment
2026-08-24T10:47:48.000Z,00QP500000t9IJ0MAM,NL,0127Q000000upr9QAA,Status,New,Brochure
2026-08-24T10:40:04.000Z,00QP500000sQ7I8MAK,NL,0127Q000000upr9QAA,Status,Mailjourney,Lost
2026-08-24T10:36:56.000Z,00QP500000sStLsMAK,NL,0127Q000000upr9QAA,Status,Follow-up,Not Qualified
2026-08-24T10:35:57.000Z,00QP500000sQ7I8MAK,NL,0127Q000000upr9QAA,Status,Follow-up,Mailjourney
2026-08-24T10:35:16.000Z,00QP500000t5VoIMAU,NL,0127Q000000upr9QAA,Status,Not reached,Appointment
2026-08-24T10:34:00.000Z,00QP500000rtil4MAA,NL,0127Q000000upr9QAA,Status,Follow-up,Lost
2026-08-24T10:31:02.000Z,00QP500000rseGUMAY,NL,0127Q000000upr9QAA,Status,Follow-up,Mailjourney
2026-08-24T10:30:20.000Z,00QP500000rPJP7MAO,NL,0127Q000000upr9QAA,Status,Follow-up,Mailjourney
2026-08-24T10:24:04.000Z,00QP500000t8ZSMMA2,NL,0127Q000000upr9QAA,Status,New,Brochure
2026-08-24T10:14:43.000Z,00QP500000t8CPLMA2,BE,0127Q000000eERIQA2,Status,New,Appointment
2026-08-24T10:04:28.000Z,00QP500000t899mMAA,BE,0127Q000000eERIQA2,Status,New,Appointment
2026-08-24T10:01:31.000Z,00QP500000sqwqVMAQ,BE,0127Q000000eERIQA2,Status,Follow-up,Not Qualified
2026-08-24T09:53:48.000Z,00QQD00000ZGiKL2A1,BE,0127Q000000eERIQA2,Status,Re-entered,Not reached
2026-08-24T09:51:40.000Z,00QP500000t2CDaMAM,BE,0127Q000000eERIQA2,Status,New,Not Qualified
2026-08-24T09:50:03.000Z,00QP500000t5Dt0MAE,NL,0127Q000000upr9QAA,Status,Brochure,Follow-up
2026-08-24T09:50:03.000Z,00QP500000szqsDMAQ,NL,0127Q000000upr9QAA,Status,Brochure,Follow-up
2026-08-24T09:50:03.000Z,00QP500000sdQd6MAE,NL,0127Q000000upr9QAA,Status,Brochure,Follow-up
2026-08-24T09:50:03.000Z,00QP500000t5yjwMAA,NL,0127Q000000upr9QAA,Status,Brochure,Follow-up
2026-08-24T09:50:03.000Z,00QP500000t7SmKMAU,NL,0127Q000000upr9QAA,Status,Brochure,Follow-up
2026-08-24T09:49:44.000Z,00QP500000t8utNMAQ,BE,0127Q000000eERIQA2,Status,New,Appointment
2026-08-24T09:48:44.000Z,00QP500000sNq3eMAC,NL,0127Q000000upr9QAA,Status,Follow-up,Mailjourney
2026-08-24T09:47:24.000Z,00QP500000sKeF8MAK,NL,0127Q000000upr9QAA,Status,Follow-up,Mailjourney
2026-08-24T09:47:06.000Z,00QP500000t25vLMAQ,BE,0127Q000000eERIQA2,Status,New,Appointment
2026-08-24T09:42:55.000Z,00QP500000su7XZMAY,BE,0127Q000000eERIQA2,Status,Not reached,Re-entered
2026-08-24T09:42:05.000Z,00QP500000t0DdVMAU,BE,0127Q000000eERIQA2,Status,Not reached,Not Qualified
2026-08-24T09:40:11.000Z,00QP500000sxctNMAQ,BE,0127Q000000eERIQA2,Status,Not reached,Appointment
2026-08-24T09:37:28.000Z,00QP500000t7QfgMAE,NL,0127Q000000upr9QAA,Status,New,Not reached
2026-08-24T09:35:49.000Z,00QP500000sEGdmMAG,BE,0127Q000000eERIQA2,Status,Re-entered,Mailjourney
2026-08-24T09:32:27.000Z,00QP500000t8UCXMA2,NL,0127Q000000upr9QAA,Status,Not reached,Appointment
2026-08-24T09:30:55.000Z,00QP500000t8QSHMA2,NL,0127Q000000upr9QAA,Status,Not reached,Appointment
2026-08-24T09:30:54.000Z,00QP500000s9ApAMAU,NL,0127Q000000upr9QAA,Status,New,Not Qualified
2026-08-24T09:30:40.000Z,00QP500000t8CagMAE,NL,0127Q000000upr9QAA,Status,New,Not reached
2026-08-24T09:30:40.000Z,00QP500000t76x6MAA,NL,0127Q000000upr9QAA,Status,New,Not reached
2026-08-24T09:30:03.000Z,00QP500000sul6nMAA,BE,0127Q000000eERIQA2,Status,Re-entered - Phone Number Changed,Not reached
2026-08-24T09:28:43.000Z,00QP500000swHpPMAU,BE,0127Q000000eERIQA2,Status,Not reached,Mailjourney
2026-08-24T09:27:13.000Z,00QQD00000bSx1V2AS,BE,0127Q000000eERIQA2,Status,Re-entered,Not Qualified
2026-08-24T09:26:13.000Z,00QQD00000ZGDKJ2A5,BE,0127Q000000eERIQA2,Status,Re-entered,Not reached
2026-08-24T09:25:42.000Z,00QP500000sdQd6MAE,NL,0127Q000000upr9QAA,Status,Follow-up,Brochure
2026-08-24T09:24:22.000Z,00QP500000t0DdVMAU,BE,0127Q000000eERIQA2,Status,New,Not reached
2026-08-24T09:23:46.000Z,00QP500000t2MZWMA2,BE,0127Q000000eERIQA2,Status,New,Brochure
2026-08-24T09:23:43.000Z,00QP500000t4ohnMAA,BE,0127Q000000eERIQA2,Status,Not reached,Follow-up
2026-08-24T09:23:35.000Z,00QP500000t8QSHMA2,NL,0127Q000000upr9QAA,Status,New,Not reached
2026-08-24T09:22:53.000Z,00QQD00000adbe62AA,NL,0127Q000000upr9QAA,Status,Follow-up,Mailjourney
2026-08-24T09:22:41.000Z,00QP500000sg5c6MAA,NL,0127Q000000upr9QAA,Status,Not reached,Follow-up
2026-08-24T09:22:06.000Z,00QP500000sg5c6MAA,NL,0127Q000000upr9QAA,Status,Follow-up,Not reached
2026-08-24T09:20:17.000Z,00QP500000t7cP3MAI,BE,0127Q000000eERIQA2,Status,New,Not reached
2026-08-24T09:19:37.000Z,00QP500000t8UCXMA2,NL,0127Q000000upr9QAA,Status,New,Not reached
2026-08-24T09:18:40.000Z,00QP500000svZGWMA2,NL,0127Q000000upr9QAA,Status,Follow-up,Mailjourney
2026-08-24T09:18:40.000Z,00QP500000t8ZtlMAE,NL,0127Q000000upr9QAA,Status,Follow-up,Appointment
2026-08-24T09:18:35.000Z,00QP500000t7RtRMAU,BE,0127Q000000eERIQA2,Status,New,Not reached
2026-08-24T09:17:38.000Z,00QP500000slGTdMAM,NL,0127Q000000upr9QAA,Status,Follow-up,Mailjourney
2026-08-24T09:17:17.000Z,00QP500000t4GPwMAM,NL,0127Q000000upr9QAA,Status,Not reached,Follow-up
2026-08-24T09:17:08.000Z,00QP500000t6SjVMAU,BE,0127Q000000eERIQA2,Status,New,Mailjourney
2026-08-24T09:15:57.000Z,00QP500000t5rDhMAI,BE,0127Q000000eERIQA2,Status,New,Mailjourney
2026-08-24T09:15:17.000Z,00QP500000t7bG6MAI,NL,0127Q000000upr9QAA,Status,New,Appointment
2026-08-24T09:13:03.000Z,00QP500000t86GhMAI,NL,0127Q000000upr9QAA,Status,New,Appointment
2026-08-24T09:11:26.000Z,00QP500000t81P3MAI,NL,0127Q000000upr9QAA,Status,New,Follow-up
2026-08-24T09:11:16.000Z,00QP500000s3wmkMAA,NL,0127Q000000upr9QAA,Status,Mailjourney,Lost
2026-08-24T09:10:12.000Z,00QP500000t88TmMAI,NL,0127Q000000upr9QAA,Status,New,Appointment
2026-08-24T09:09:51.000Z,00QP500000t7O1LMAU,NL,0127Q000000upr9QAA,Status,New,Follow-up
2026-08-24T09:09:12.000Z,00QP500000sRExVMAW,BE,0127Q000000eERIQA2,Status,Re-entered,Appointment
2026-08-24T09:05:50.000Z,00QP500000t2f4IMAQ,BE,0127Q000000eERIQA2,Status,Not reached,Appointment
2026-08-24T09:05:38.000Z,00QP500000t7l7PMAQ,BE,0127Q000000eERIQA2,Status,Not reached,Appointment
2026-08-24T09:05:11.000Z,00QP500000t8ZtlMAE,NL,0127Q000000upr9QAA,Status,New,Follow-up
2026-08-24T09:03:37.000Z,00QP500000t7ZB3MAM,NL,0127Q000000upr9QAA,Status,New,Not Qualified
2026-08-24T09:01:55.000Z,00QQD00000b2A9F2AU,NL,0127Q000000upr9QAA,Status,Re-entered,Not Qualified
2026-08-24T08:59:32.000Z,00QQD00000ZGLuE2AX,BE,0127Q000000eERIQA2,Status,Re-entered,Not reached
2026-08-24T08:59:24.000Z,00QP500000sikXwMAI,NL,0127Q000000upr9QAA,Status,Follow-up,Mailjourney
2026-08-24T08:57:37.000Z,00QP500000t7t6XMAQ,NL,0127Q000000upr9QAA,Status,New,Not reached
2026-08-24T08:56:28.000Z,00QP500000t4OaQMAU,BE,0127Q000000eERIQA2,Status,Re-entered,Not reached
2026-08-24T08:56:13.000Z,00QP500000t5pBwMAI,BE,0127Q000000eERIQA2,Status,New,Not reached
2026-08-24T08:55:34.000Z,00QP500000t7l7PMAQ,BE,0127Q000000eERIQA2,Status,New,Not reached
2026-08-24T08:54:32.000Z,00QP500000t2gbPMAQ,BE,0127Q000000eERIQA2,Status,New,Brochure
2026-08-24T08:54:32.000Z,00QP500000t7FNeMAM,NL,0127Q000000upr9QAA,Status,New,Mailjourney
2026-08-24T08:53:29.000Z,00QQD00000ZFLKZ2A5,BE,0127Q000000eERIQA2,Status,Re-entered,Not reached
2026-08-24T08:52:53.000Z,00QP500000t4OaQMAU,BE,0127Q000000eERIQA2,Status,Not reached,Re-entered
2026-08-24T08:52:32.000Z,00QQD00000YUMp82AH,NL,0127Q000000upr9QAA,Status,Follow-up,Mailjourney
2026-08-24T08:52:32.000Z,00QP500000t5jb8MAA,BE,0127Q000000eERIQA2,Status,New,Follow-up
2026-08-24T08:52:16.000Z,00QP500000t5Cp0MAE,NL,0127Q000000upr9QAA,Status,New,Appointment
2026-08-24T08:51:02.000Z,00QP500000t5jUiMAI,BE,0127Q000000eERIQA2,Status,New,Not Qualified
2026-08-24T08:50:38.000Z,00QP500000sSrzxMAC,NL,0127Q000000upr9QAA,Status,Follow-up,Not Qualified
2026-08-24T08:50:03.000Z,00QP500000t7mhlMAA,NL,0127Q000000upr9QAA,Status,New,Mailjourney
2026-08-24T08:49:24.000Z,00QQD00000ZGxho2AD,BE,0127Q000000eERIQA2,Status,Re-entered,Follow-up
2026-08-24T08:48:40.000Z,00QP500000t2f4IMAQ,BE,0127Q000000eERIQA2,Status,New,Not reached
2026-08-24T08:47:53.000Z,00QP500000sRfETMA0,NL,0127Q000000upr9QAA,Status,Follow-up,Lost
2026-08-24T08:47:11.000Z,00QQD00000APzpn2AD,NL,0127Q000000upr9QAA,Status,Re-entered,Appointment
2026-08-24T08:46:03.000Z,00QP500000t5iTmMAI,BE,0127Q000000eERIQA2,Status,New,Not reached
2026-08-24T08:45:12.000Z,00QQD00000Eu4yX2AR,NL,0127Q000000upr9QAA,Status,Re-entered,Follow-up
2026-08-24T08:44:55.000Z,00QP500000t6wuUMAQ,NL,0127Q000000upr9QAA,Status,New,Not reached
2026-08-24T08:44:50.000Z,00QP500000t5b0sMAA,BE,0127Q000000eERIQA2,Status,New,Not reached
2026-08-24T08:43:33.000Z,00QP500000sNAJ2MAO,NL,0127Q000000upr9QAA,Status,Follow-up,Mailjourney
2026-08-24T08:43:12.000Z,00QP500000t5aUcMAI,BE,0127Q000000eERIQA2,Status,New,Not Qualified
2026-08-24T08:42:23.000Z,00QP500000t60AbMAI,NL,0127Q000000upr9QAA,Status,New,Not reached
2026-08-24T08:42:11.000Z,00QQD00000ZFLKZ2A5,BE,0127Q000000eERIQA2,Status,Converted Old SF,Re-entered
2026-08-24T08:41:19.000Z,00QP500000t4TYVMA2,NL,0127Q000000upr9QAA,Status,New,Appointment
2026-08-24T08:40:59.000Z,00QQD00000ZGavJ2AT,BE,0127Q000000eERIQA2,Status,Re-entered,Appointment
2026-08-24T08:38:49.000Z,00QQD00000AQDdq2AH,NL,0127Q000000upr9QAA,Status,Re-entered,Not reached
2026-08-24T08:38:49.000Z,00QP500000t7fzhMAA,BE,0127Q000000eERIQA2,Status,New,Appointment
2026-08-24T08:38:33.000Z,00QP500000t6IaTMAU,NL,0127Q000000upr9QAA,Status,New,Not reached
2026-08-24T08:38:31.000Z,00QP500000t543JMAQ,NL,0127Q000000upr9QAA,Status,New,Mailjourney
2026-08-24T08:38:01.000Z,00QQD00000Zw3ZF2AZ,NL,0127Q000000upr9QAA,Status,Not reached,Not Qualified
2026-08-24T08:37:48.000Z,00QP500000sjNB4MAM,BE,0127Q000000eERIQA2,Status,Follow-up,Appointment
2026-08-24T08:37:47.000Z,00QQD00000a5QkD2AU,NL,0127Q000000upr9QAA,Status,Re-entered,Appointment
2026-08-24T08:37:11.000Z,00QQD00000Zw3ZF2AZ,NL,0127Q000000upr9QAA,Status,Re-entered,Not reached
2026-08-24T08:37:10.000Z,00QP500000t5yjwMAA,NL,0127Q000000upr9QAA,Status,New,Brochure
2026-08-24T08:36:00.000Z,00QP500000t2IafMAE,NL,0127Q000000upr9QAA,Status,New,Lost
2026-08-24T08:35:53.000Z,00QP500000t4jOgMAI,NL,0127Q000000upr9QAA,Status,New,Follow-up
2026-08-24T08:35:43.000Z,00QP500000ro2jFMAQ,NL,0127Q000000upr9QAA,Status,Follow-up,Mailjourney
2026-08-24T08:35:06.000Z,00QP500000t2itJMAQ,NL,0127Q000000upr9QAA,Status,New,Lost
2026-08-24T08:34:47.000Z,00QP500000skNvNMAU,NL,0127Q000000upr9QAA,Status,Follow-up,Mailjourney
2026-08-24T08:34:44.000Z,00QP500000t51wnMAA,NL,0127Q000000upr9QAA,Status,New,Not reached
2026-08-24T08:34:20.000Z,00QP500000t4vubMAA,NL,0127Q000000upr9QAA,Status,New,Not Qualified
2026-08-24T08:33:13.000Z,00QP500000t19KyMAI,NL,0127Q000000upr9QAA,Status,Follow-up,Appointment
2026-08-24T08:33:12.000Z,00QP500000t4G1mMAE,NL,0127Q000000upr9QAA,Status,New,Appointment
2026-08-24T08:32:33.000Z,00QP500000t1tkLMAQ,NL,0127Q000000upr9QAA,Status,New,Not reached
2026-08-24T08:31:42.000Z,00QP500000t1o4mMAA,NL,0127Q000000upr9QAA,Status,New,Not reached
2026-08-24T08:31:30.000Z,00QP500000sbXfRMAU,NL,0127Q000000upr9QAA,Status,Follow-up,Mailjourney
2026-08-24T08:30:42.000Z,00QP500000t5a85MAA,BE,0127Q000000eERIQA2,Status,New,Not reached
2026-08-24T08:30:03.000Z,00QP500000sdQd6MAE,NL,0127Q000000upr9QAA,Status,Re-entered,Follow-up
2026-08-24T08:29:48.000Z,00QP500000t1hxlMAA,NL,0127Q000000upr9QAA,Status,New,Not reached
2026-08-24T08:29:23.000Z,00QP500000t2QEuMAM,BE,0127Q000000eERIQA2,Status,New,Not reached
2026-08-24T08:28:35.000Z,00QP500000t2xXOMAY,NL,0127Q000000upr9QAA,Status,New,Follow-up
2026-08-24T08:28:34.000Z,00QP500000t54D7MAI,BE,0127Q000000eERIQA2,Status,New,Follow-up
2026-08-24T08:28:20.000Z,00QP500000t1h88MAA,NL,0127Q000000upr9QAA,Status,New,Mailjourney
2026-08-24T08:27:52.000Z,00QP500000t4kSqMAI,NL,0127Q000000upr9QAA,Status,New,Not reached
2026-08-24T08:27:49.000Z,00QP500000t5WHKMA2,BE,0127Q000000eERIQA2,Status,New,Not Qualified
2026-08-24T08:27:37.000Z,00QP500000t19KyMAI,NL,0127Q000000upr9QAA,Status,Not reached,Follow-up
2026-08-24T08:27:37.000Z,00QP500000t5oFsMAI,NL,0127Q000000upr9QAA,Status,New,Appointment
2026-08-24T08:26:41.000Z,00QP500000t1Ez6MAE,NL,0127Q000000upr9QAA,Status,Follow-up,Appointment
2026-08-24T08:25:49.000Z,00QP500000t4bAzMAI,NL,0127Q000000upr9QAA,Status,New,Follow-up
2026-08-24T08:25:47.000Z,00QP500000t2LK5MAM,BE,0127Q000000eERIQA2,Status,New,Not reached
2026-08-24T08:25:03.000Z,00QP500000t2e8AMAQ,NL,0127Q000000upr9QAA,Status,New,Not Qualified
2026-08-24T08:24:01.000Z,00QP500000t2BuFMAU,BE,0127Q000000eERIQA2,Status,New,Appointment
2026-08-24T08:23:49.000Z,00QP500000t15UEMAY,NL,0127Q000000upr9QAA,Status,New,Not reached
2026-08-24T08:23:42.000Z,00QP500000t2ZtJMAU,NL,0127Q000000upr9QAA,Status,New,Not reached
2026-08-24T08:23:10.000Z,00QP500000t2qXXMAY,NL,0127Q000000upr9QAA,Status,New,Mailjourney
2026-08-24T08:22:12.000Z,00QP500000t2dGyMAI,NL,0127Q000000upr9QAA,Status,New,Mailjourney
2026-08-24T08:22:02.000Z,00QP500000t2eRWMAY,NL,0127Q000000upr9QAA,Status,New,Mailjourney
2026-08-24T08:21:19.000Z,00QP500000t7iHaMAI,BE,0127Q000000eERIQA2,Status,New,Not reached
2026-08-24T08:21:06.000Z,00QP500000t0sokMAA,NL,0127Q000000upr9QAA,Status,New,Follow-up
2026-08-24T08:20:37.000Z,00QP500000t51obMAA,NL,0127Q000000upr9QAA,Status,New,Not reached
2026-08-24T08:20:31.000Z,00QP500000t2aEHMAY,NL,0127Q000000upr9QAA,Status,New,Not Qualified
2026-08-24T08:20:23.000Z,00QP500000t801aMAA,BE,0127Q000000eERIQA2,Status,New,Appointment
2026-08-24T08:18:49.000Z,00QQD00000bXIdc2AG,NL,0127Q000000upr9QAA,Status,Not reached,Appointment
2026-08-24T08:18:30.000Z,00QQD00000AQWEv2AP,NL,0127Q000000upr9QAA,Status,Re-entered,Not Qualified
2026-08-24T08:18:23.000Z,00QP500000t4O13MAE,NL,0127Q000000upr9QAA,Status,New,Not reached
2026-08-24T08:18:01.000Z,00QP500000sN4bkMAC,BE,0127Q000000eERIQA2,Status,Brochure,Appointment
2026-08-24T08:17:52.000Z,00QP500000t2aSmMAI,NL,0127Q000000upr9QAA,Status,New,Appointment
2026-08-24T08:17:32.000Z,00QP500000t4xgBMAQ,BE,0127Q000000eERIQA2,Status,New,Appointment
2026-08-24T08:17:13.000Z,00QP500000ruwCXMAY,NL,0127Q000000upr9QAA,Status,Re-entered,Appointment
2026-08-24T08:17:08.000Z,00QP500000t19MYMAY,BE,0127Q000000eERIQA2,Status,New,Not reached
2026-08-24T08:16:42.000Z,00QP500000t5njeMAA,NL,0127Q000000upr9QAA,Status,New,Not reached
2026-08-24T08:16:01.000Z,00QP500000t0ikYMAQ,BE,0127Q000000eERIQA2,Status,New,Brochure
2026-08-24T08:15:33.000Z,00QP500000szqsDMAQ,NL,0127Q000000upr9QAA,Status,New,Brochure
2026-08-24T08:15:10.000Z,00QP500000t36u4MAA,NL,0127Q000000upr9QAA,Status,New,Not reached
2026-08-24T08:13:43.000Z,00QQD00000Xr6Fa2AJ,NL,0127Q000000upr9QAA,Status,Re-entered,Not Qualified
2026-08-24T08:12:51.000Z,00QP500000t2ssfMAA,NL,0127Q000000upr9QAA,Status,New,Appointment
2026-08-24T08:12:32.000Z,00QP500000t7FIqMAM,BE,0127Q000000eERIQA2,Status,New,Not Qualified
2026-08-24T08:11:55.000Z,00QQD00000AQGMN2A5,NL,0127Q000000upr9QAA,Status,Re-entered,Not reached
2026-08-24T08:11:36.000Z,00QP500000syRKnMAM,NL,0127Q000000upr9QAA,Status,New,Not reached
2026-08-24T08:10:44.000Z,00QP500000t5sEdMAI,NL,0127Q000000upr9QAA,Status,New,Not reached
2026-08-24T08:10:31.000Z,00QP500000t0tKzMAI,NL,0127Q000000upr9QAA,Status,New,Not Qualified
2026-08-24T08:10:29.000Z,00QP500000t5Dt0MAE,NL,0127Q000000upr9QAA,Status,New,Brochure
2026-08-24T08:09:27.000Z,00QP500000t0y9PMAQ,NL,0127Q000000upr9QAA,Status,New,Follow-up
2026-08-24T08:08:44.000Z,00QP500000sz7tWMAQ,NL,0127Q000000upr9QAA,Status,New,Not reached
2026-08-24T08:08:06.000Z,00QP500000t2ZtHMAU,NL,0127Q000000upr9QAA,Status,New,Not reached
2026-08-24T08:07:58.000Z,00QP500000t4ohnMAA,BE,0127Q000000eERIQA2,Status,New,Not reached
2026-08-24T08:07:34.000Z,00QP500000rLwDmMAK,NL,0127Q000000upr9QAA,Status,Re-entered,Not reached
2026-08-24T08:06:51.000Z,00QQD00000APxVP2A1,NL,0127Q000000upr9QAA,Status,Re-entered,Mailjourney
2026-08-24T08:06:46.000Z,00QP500000sz1WNMAY,NL,0127Q000000upr9QAA,Status,New,Appointment
2026-08-24T08:06:34.000Z,00QP500000szcKcMAI,BE,0127Q000000eERIQA2,Status,New,Not reached
2026-08-24T08:06:10.000Z,00QP500000t2XTFMA2,NL,0127Q000000upr9QAA,Status,New,Lost
2026-08-24T08:06:02.000Z,00QP500000t2q1FMAQ,NL,0127Q000000upr9QAA,Status,New,Not reached
2026-08-24T08:04:48.000Z,00QP500000t4CHWMA2,NL,0127Q000000upr9QAA,Status,New,Appointment
2026-08-24T08:04:42.000Z,00QP500000t5LnKMAU,BE,0127Q000000eERIQA2,Status,New,Appointment
2026-08-24T08:03:53.000Z,00QQD00000AQRjZ2AX,NL,0127Q000000upr9QAA,Status,Re-entered,Not reached
2026-08-24T08:03:31.000Z,00QP500000t4oUtMAI,BE,0127Q000000eERIQA2,Status,New,Not reached
2026-08-24T08:03:30.000Z,00QP500000t2RcPMAU,NL,0127Q000000upr9QAA,Status,New,Follow-up
2026-08-24T08:03:14.000Z,00QP500000syWQxMAM,BE,0127Q000000eERIQA2,Status,Not reached,Not Qualified
2026-08-24T08:01:21.000Z,00QP500000t4AlvMAE,BE,0127Q000000eERIQA2,Status,New,Not reached
2026-08-24T08:01:04.000Z,00QP500000szXWDMA2,BE,0127Q000000eERIQA2,Status,New,Not reached
2026-08-24T07:59:43.000Z,00QP500000syWQxMAM,BE,0127Q000000eERIQA2,Status,New,Not reached
2026-08-24T07:59:43.000Z,00QP500000t4OaQMAU,BE,0127Q000000eERIQA2,Status,New,Not reached
2026-08-24T07:59:33.000Z,00QP500000t5EyjMAE,BE,0127Q000000eERIQA2,Status,New,Not Qualified
2026-08-24T07:58:52.000Z,00QP500000t4GPwMAM,NL,0127Q000000upr9QAA,Status,New,Not reached
2026-08-24T07:58:21.000Z,00QP500000t5DcwMAE,NL,0127Q000000upr9QAA,Status,New,Appointment
2026-08-24T07:58:17.000Z,00QP500000t2MjBMAU,NL,0127Q000000upr9QAA,Status,New,Not reached
2026-08-24T07:57:55.000Z,00QP500000t1Ez6MAE,NL,0127Q000000upr9QAA,Status,New,Follow-up
2026-08-24T07:57:36.000Z,00QP500000t2jNzMAI,NL,0127Q000000upr9QAA,Status,Not reached,Appointment
2026-08-24T07:57:28.000Z,00QP500000t4kpXMAQ,BE,0127Q000000eERIQA2,Status,New,Not Qualified
2026-08-24T07:57:22.000Z,00QP500000t5aftMAA,NL,0127Q000000upr9QAA,Status,Not reached,Lost
2026-08-24T07:56:44.000Z,00QP500000t2MfuMAE,NL,0127Q000000upr9QAA,Status,New,Not reached
2026-08-24T07:56:30.000Z,00QP500000t2OxxMAE,BE,0127Q000000eERIQA2,Status,New,Appointment
2026-08-24T07:56:14.000Z,00QP500000syRKoMAM,NL,0127Q000000upr9QAA,Status,New,Lost
2026-08-24T07:54:50.000Z,00QP500000t2J2BMAU,BE,0127Q000000eERIQA2,Status,New,Not reached
2026-08-24T07:54:46.000Z,00QP500000t7xdBMAQ,NL,0127Q000000upr9QAA,Status,New,Appointment
2026-08-24T07:54:18.000Z,00QP500000t2BKhMAM,NL,0127Q000000upr9QAA,Status,New,Appointment
2026-08-24T07:53:06.000Z,00QP500000t3uviMAA,NL,0127Q000000upr9QAA,Status,New,Follow-up
2026-08-24T07:52:20.000Z,00QP500000t4ZikMAE,BE,0127Q000000eERIQA2,Status,New,Not reached
2026-08-24T07:51:29.000Z,00QP500000t4FQbMAM,NL,0127Q000000upr9QAA,Status,New,Lost
2026-08-24T07:51:29.000Z,00QP500000t2jNzMAI,NL,0127Q000000upr9QAA,Status,New,Not reached
2026-08-24T07:50:21.000Z,00QP500000t5XenMAE,NL,0127Q000000upr9QAA,Status,New,Appointment
2026-08-24T07:50:20.000Z,00QP500000t5AFCMA2,NL,0127Q000000upr9QAA,Status,New,Not reached
2026-08-24T07:50:12.000Z,00QP500000svrrhMAA,NL,0127Q000000upr9QAA,Status,Re-entered - Phone Number Changed,Appointment
2026-08-24T07:49:33.000Z,00QP500000t5EU9MAM,BE,0127Q000000eERIQA2,Status,New,Appointment
2026-08-24T07:49:28.000Z,00QP500000t51AVMAY,NL,0127Q000000upr9QAA,Status,New,Appointment
2026-08-24T07:49:27.000Z,00QP500000r1BhNMAU,NL,0127Q000000upr9QAA,Status,Re-entered,Not reached
2026-08-24T07:49:16.000Z,00QP500000t4ForMAE,BE,0127Q000000eERIQA2,Status,New,Not reached
2026-08-24T07:48:31.000Z,00QP500000t1zUoMAI,NL,0127Q000000upr9QAA,Status,New,Appointment
2026-08-24T07:48:22.000Z,00QP500000t4xTKMAY,NL,0127Q000000upr9QAA,Status,New,Not reached
2026-08-24T07:47:59.000Z,00QQD00000bXIdc2AG,NL,0127Q000000upr9QAA,Status,Re-entered,Not reached
2026-08-24T07:46:45.000Z,00QP500000t1P9ZMAU,BE,0127Q000000eERIQA2,Status,Not reached,Appointment
2026-08-24T07:46:39.000Z,00QP500000t4niVMAQ,NL,0127Q000000upr9QAA,Status,New,Not reached
2026-08-24T07:46:26.000Z,00QP500000t3VysMAE,NL,0127Q000000upr9QAA,Status,New,Not reached
2026-08-24T07:46:12.000Z,00QP500000t5aftMAA,NL,0127Q000000upr9QAA,Status,New,Not reached
2026-08-24T07:45:13.000Z,00QP500000syVl0MAE,NL,0127Q000000upr9QAA,Status,New,Appointment
2026-08-24T07:45:00.000Z,00QP500000t5DbMMAU,NL,0127Q000000upr9QAA,Status,New,Not reached
2026-08-24T07:44:40.000Z,00QP500000sul6nMAA,BE,0127Q000000eERIQA2,Status,Not reached,Re-entered - Phone Number Changed
2026-08-24T07:44:34.000Z,00QP500000t4mOEMAY,BE,0127Q000000eERIQA2,Status,New,Appointment
2026-08-24T07:44:29.000Z,00QP500000t2hVpMAI,NL,0127Q000000upr9QAA,Status,New,Not Qualified
2026-08-24T07:44:15.000Z,00QP500000t4naLMAQ,NL,0127Q000000upr9QAA,Status,New,Mailjourney
2026-08-24T07:42:48.000Z,00QP500000t5W61MAE,NL,0127Q000000upr9QAA,Status,New,Not reached
2026-08-24T07:42:01.000Z,00QP500000t3D1AMAU,NL,0127Q000000upr9QAA,Status,New,Not reached
2026-08-24T07:41:47.000Z,00QP500000t2rdFMAQ,NL,0127Q000000upr9QAA,Status,New,Appointment
2026-08-24T07:41:33.000Z,00QQD00000c6w1q2AA,NL,0127Q000000upr9QAA,Status,Re-entered,Not reached
2026-08-24T07:41:10.000Z,00QP500000t596NMAQ,BE,0127Q000000eERIQA2,Status,New,Mailjourney
2026-08-24T07:39:52.000Z,00QP500000sym97MAA,NL,0127Q000000upr9QAA,Status,New,Not reached
2026-08-24T07:39:31.000Z,00QP500000t5VoIMAU,NL,0127Q000000upr9QAA,Status,New,Not reached
2026-08-24T07:39:19.000Z,00QP500000t45SsMAI,BE,0127Q000000eERIQA2,Status,New,Appointment
2026-08-24T07:38:58.000Z,00QP500000syZgZMAU,NL,0127Q000000upr9QAA,Status,New,Not reached
2026-08-24T07:38:06.000Z,00QP500000t3JGBMA2,BE,0127Q000000eERIQA2,Status,New,Follow-up
2026-08-24T07:37:47.000Z,00QP500000t7HJ0MAM,NL,0127Q000000upr9QAA,Status,New,Appointment
2026-08-24T07:37:32.000Z,00QP500000t5T4vMAE,NL,0127Q000000upr9QAA,Status,New,Not reached
2026-08-24T07:37:32.000Z,00QP500000szweJMAQ,NL,0127Q000000upr9QAA,Status,New,Not reached
2026-08-24T07:36:36.000Z,00QQD00000AQ0K12AL,NL,0127Q000000upr9QAA,Status,Re-entered,Not reached
2026-08-24T07:36:27.000Z,00QP500000t5NajMAE,NL,0127Q000000upr9QAA,Status,New,Mailjourney
2026-08-24T07:35:39.000Z,00QP500000t2J2AMAU,NL,0127Q000000upr9QAA,Status,New,Not reached
2026-08-24T07:35:33.000Z,00QP500000t5K3HMAU,NL,0127Q000000upr9QAA,Status,New,Not reached
2026-08-24T07:35:33.000Z,00QP500000t19KyMAI,NL,0127Q000000upr9QAA,Status,New,Not reached
2026-08-24T07:34:39.000Z,00QP500000syLiRMAU,NL,0127Q000000upr9QAA,Status,New,Not reached
2026-08-24T07:34:36.000Z,00QP500000t4Ff8MAE,NL,0127Q000000upr9QAA,Status,New,Lost
2026-08-24T07:32:54.000Z,00QQD00000bSx1V2AS,BE,0127Q000000eERIQA2,Status,Lost,Re-entered
2026-08-24T07:31:02.000Z,00QP500000t31CnMAI,BE,0127Q000000eERIQA2,Status,New,Not reached
2026-08-24T07:30:31.000Z,00QP500000t5LddMAE,NL,0127Q000000upr9QAA,Status,New,Follow-up
2026-08-24T07:30:09.000Z,00QP500000t2E7HMAU,BE,0127Q000000eERIQA2,Status,New,Not reached
2026-08-24T07:29:28.000Z,00QP500000t3ILlMAM,BE,0127Q000000eERIQA2,Status,New,Not reached
2026-08-24T07:29:09.000Z,00QP500000t23zzMAA,BE,0127Q000000eERIQA2,Status,New,Not reached
2026-08-24T07:27:49.000Z,00QP500000t1P9ZMAU,BE,0127Q000000eERIQA2,Status,New,Not reached
2026-08-24T07:26:58.000Z,00QP500000t7dt0MAA,BE,0127Q000000eERIQA2,Status,New,Appointment
2026-08-24T07:26:16.000Z,00QP500000sz2LxMAI,BE,0127Q000000eERIQA2,Status,New,Brochure
2026-08-24T07:25:53.000Z,00QP500000t2M9pMAE,BE,0127Q000000eERIQA2,Status,New,Not reached
2026-08-24T07:24:10.000Z,00QP500000t13iXMAQ,BE,0127Q000000eERIQA2,Status,New,Not reached
2026-08-24T07:22:30.000Z,00QP500000t2k8jMAA,BE,0127Q000000eERIQA2,Status,New,Not reached
2026-08-24T07:21:11.000Z,00QP500000sy4UiMAI,BE,0127Q000000eERIQA2,Status,New,Not reached
2026-08-24T07:19:46.000Z,00QP500000t1h8EMAQ,BE,0127Q000000eERIQA2,Status,New,Not reached
2026-08-24T07:18:31.000Z,00QP500000t3WuvMAE,BE,0127Q000000eERIQA2,Status,New,Follow-up
2026-08-24T07:18:24.000Z,00QP500000t2O6hMAE,BE,0127Q000000eERIQA2,Status,New,Not reached
2026-08-24T07:16:33.000Z,00QP500000t2BKiMAM,BE,0127Q000000eERIQA2,Status,New,Not reached
2026-08-24T07:11:30.000Z,00QP500000t21l9MAA,BE,0127Q000000eERIQA2,Status,New,Appointment
2026-08-24T07:11:01.000Z,00QP500000sbQakMAE,BE,0127Q000000eERIQA2,Status,Follow-up,Appointment
2026-08-24T07:05:28.000Z,00QP500000t1H5aMAE,BE,0127Q000000eERIQA2,Status,New,Appointment
2026-08-24T06:53:37.000Z,00QP500000t7SmKMAU,NL,0127Q000000upr9QAA,Status,New,Brochure
2026-08-24T06:01:47.000Z,00QP500000sPEgfMAG,FR,012QD000002ylXZYAY,Status,New,Mailjourney
2026-08-24T06:01:47.000Z,00QP500000sPEgeMAG,FR,012QD000002ylXZYAY,Status,New,Not Qualified
2026-08-24T06:01:47.000Z,00QP500000sPEgdMAG,IT,012QD000002ylcPYAQ,Status,New,Not Qualified
2026-08-24T06:01:47.000Z,00QP500000sPEgcMAG,IT,012QD000002ylcPYAQ,Status,New,Follow-up
2026-08-24T06:01:47.000Z,00QP500000sPEgkMAG,FR,012QD000002ylXZYAY,Status,New,Mailjourney
2026-08-24T06:01:47.000Z,00QP500000sPEgjMAG,IT,012QD000002ylcPYAQ,Status,New,Not Qualified
2026-08-24T06:01:47.000Z,00QP500000sPEggMAG,IT,012QD000002ylcPYAQ,Status,New,Not Qualified
2026-08-24T06:01:47.000Z,00QQD00000ZH1o02AD,IT,012QD000002ylcPYAQ,Status,Re-entered,Lost
2026-08-24T05:39:45.000Z,00QP500000t4gx8MAA,NL,0127Q000000upr9QAA,Status,New,Not Qualified
2026-08-24T05:38:42.000Z,00QP500000t2prcMAA,NL,0127Q000000upr9QAA,Status,New,Mailjourney
2026-08-24T05:37:17.000Z,00QP500000t59ntMAA,NL,0127Q000000upr9QAA,Status,New,Not Qualified
2026-08-24T05:36:59.000Z,00QP500000t5jb9MAA,NL,0127Q000000upr9QAA,Status,New,Not Qualified
2026-08-24T05:36:13.000Z,00QP500000sz1WMMAY,NL,0127Q000000upr9QAA,Status,New,Not Qualified
2026-08-24T05:35:28.000Z,00QP500000t2ZtIMAU,NL,0127Q000000upr9QAA,Status,New,Not Qualified
2026-08-24T05:34:45.000Z,00QP500000t26hbMAA,NL,0127Q000000upr9QAA,Status,New,Mailjourney
2026-08-24T02:53:09.000Z,00QQD00000APxVP2A1,NL,0127Q000000upr9QAA,Status,Not Qualified,Re-entered
2026-08-23T19:10:54.000Z,00QP500000sRExVMAW,BE,0127Q000000eERIQA2,Status,Follow-up,Re-entered
2026-08-23T19:10:54.000Z,00QQD00000AQWEv2AP,NL,0127Q000000upr9QAA,Status,Converted Old SF,Re-entered
2026-08-23T18:33:27.000Z,00QP500000t2OxwMAE,BE,0127Q000000eERIQA2,Status,New,Not Qualified
2026-08-23T18:32:29.000Z,00QQD00000bSx1V2AS,BE,0127Q000000eERIQA2,Status,Re-entered,Lost
2026-08-23T18:06:12.000Z,00QP500000t5SlZMAU,BE,0127Q000000eERIQA2,Status,New,Not Qualified
2026-08-23T16:26:06.000Z,00QP500000sEGdmMAG,BE,0127Q000000eERIQA2,Status,Mailjourney,Re-entered
2026-08-23T14:03:23.000Z,00QQD00000ZGavJ2AT,BE,0127Q000000eERIQA2,Status,Mailjourney,Re-entered
2026-08-23T13:44:48.000Z,00QQD00000AQ0K12AL,NL,0127Q000000upr9QAA,Status,Mailjourney,Re-entered
2026-08-23T13:34:53.000Z,00QQD00000ZGiKL2A1,BE,0127Q000000eERIQA2,Status,Mailjourney,Re-entered
2026-08-23T12:33:13.000Z,00QP500000ruwCXMAY,NL,0127Q000000upr9QAA,Status,Lost,Re-entered
2026-08-23T11:39:49.000Z,00QQD00000AQDdq2AH,NL,0127Q000000upr9QAA,Status,Not Qualified,Re-entered
2026-08-23T06:45:05.000Z,00QQD00000Xr6Fa2AJ,NL,0127Q000000upr9QAA,Status,Not Qualified,Re-entered
2026-08-23T06:23:58.000Z,00QQD00000bSx1V2AS,BE,0127Q000000eERIQA2,Status,Not Qualified,Re-entered
2026-08-23T06:02:06.000Z,00QP500000sM83BMAS,IT,012QD000002ylcPYAQ,Status,New,Not Qualified
2026-08-23T06:02:06.000Z,00QP500000sM836MAC,FR,012QD000002ylXZYAY,Status,New,Mailjourney
2026-08-23T06:02:06.000Z,00QP500000sM83GMAS,IT,012QD000002ylcPYAQ,Status,New,Lost
2026-08-23T06:02:06.000Z,00QP500000sM83DMAS,IT,012QD000002ylcPYAQ,Status,New,Not reached
2026-08-23T06:02:06.000Z,00QP500000sM83EMAS,FR,012QD000002ylXZYAY,Status,New,Not Qualified
2026-08-23T06:02:06.000Z,00QP500000sM83CMAS,IT,012QD000002ylcPYAQ,Status,New,Not reached
2026-08-23T06:02:06.000Z,00QP500000sM837MAC,FR,012QD000002ylXZYAY,Status,New,Follow-up
2026-08-23T06:02:06.000Z,00QP500000sM838MAC,FR,012QD000002ylXZYAY,Status,New,Mailjourney
2026-08-23T06:02:06.000Z,00QP500000sM839MAC,IT,012QD000002ylcPYAQ,Status,New,Not Qualified
2026-08-23T06:02:06.000Z,00QP500000sM83AMAS,FR,012QD000002ylXZYAY,Status,New,Mailjourney
2026-08-23T05:51:49.000Z,00QP500000r1BhNMAU,NL,0127Q000000upr9QAA,Status,Mailjourney,Re-entered
2026-08-22T19:50:03.000Z,00QQD00000cRZQQ2A4,NL,0127Q000000upr9QAA,Status,Lost,Mailjourney
2026-08-22T18:43:13.000Z,00QQD00000ZGDKJ2A5,BE,0127Q000000eERIQA2,Status,Not Qualified,Re-entered
2026-08-22T14:24:14.000Z,00QQD00000a5QkD2AU,NL,0127Q000000upr9QAA,Status,Lost,Re-entered
2026-08-22T13:45:48.000Z,00QP500000rLwDmMAK,NL,0127Q000000upr9QAA,Status,Mailjourney,Re-entered
2026-08-22T13:00:56.000Z,00QQD00000b2A9F2AU,NL,0127Q000000upr9QAA,Status,Lost,Re-entered
2026-08-22T12:03:52.000Z,00QQD00000AQRjZ2AX,NL,0127Q000000upr9QAA,Status,Mailjourney,Re-entered
2026-08-22T10:50:50.000Z,00QQD00000c6w1q2AA,NL,0127Q000000upr9QAA,Status,Mailjourney,Re-entered
2026-08-22T08:26:54.000Z,00QQD00000AQGMN2A5,NL,0127Q000000upr9QAA,Status,Mailjourney,Re-entered
2026-08-22T07:23:18.000Z,00QP500000svrrhMAA,NL,0127Q000000upr9QAA,Status,Mailjourney,Re-entered - Phone Number Changed
2026-08-22T06:02:10.000Z,00QP500000sJ4K9MAK,IT,012QD000002ylcPYAQ,Status,New,Mailjourney
2026-08-22T06:02:10.000Z,00QP500000sJ4KCMA0,FR,012QD000002ylXZYAY,Status,New,Mailjourney
2026-08-22T06:02:10.000Z,00QP500000sJ4KDMA0,FR,012QD000002ylXZYAY,Status,New,Lost
2026-08-22T06:02:10.000Z,00QP500000sJ4KFMA0,IT,012QD000002ylcPYAQ,Status,New,Follow-up
2026-08-22T06:02:10.000Z,00QP500000sJ4KGMA0,FR,012QD000002ylXZYAY,Status,New,Mailjourney
2026-08-22T06:02:10.000Z,00QQD00000ZGJIy2AP,IT,012QD000002ylcPYAQ,Status,Not Qualified,Re-entered
2026-08-22T02:09:00.000Z,00QQD00000Zw3ZF2AZ,NL,0127Q000000upr9QAA,Status,Mailjourney,Re-entered
2026-08-21T18:27:48.000Z,00QP500000sdQd6MAE,NL,0127Q000000upr9QAA,Status,Follow-up,Re-entered
2026-08-21T18:25:13.000Z,00QQD00000ZGLuE2AX,BE,0127Q000000eERIQA2,Status,Mailjourney,Re-entered
2026-08-21T17:30:15.000Z,00QQD00000bXIdc2AG,NL,0127Q000000upr9QAA,Status,Mailjourney,Re-entered
2026-08-21T15:37:57.000Z,00QQD00000ZFDpS2AX,BE,0127Q000000eERIQA2,Status,Converted Old SF,Re-entered
2026-08-21T15:26:20.000Z,00QQD00000ZGAh72AH,BE,0127Q000000eERIQA2,Status,Re-entered,Follow-up
2026-08-21T15:18:58.000Z,00QP500000sxbpJMAQ,BE,0127Q000000eERIQA2,Status,New,Appointment
2026-08-21T15:17:18.000Z,00QQD00000ZGAh72AH,BE,0127Q000000eERIQA2,Status,Mailjourney,Re-entered
2026-08-21T15:11:52.000Z,00QQD00000ZGxho2AD,BE,0127Q000000eERIQA2,Status,Converted Old SF,Re-entered
2026-08-21T15:10:40.000Z,00QP500000syVkzMAE,BE,0127Q000000eERIQA2,Status,New,Appointment
2026-08-21T15:02:35.000Z,00QP500000syAVGMA2,BE,0127Q000000eERIQA2,Status,New,Appointment
2026-08-21T14:56:36.000Z,00QP500000sxoHqMAI,BE,0127Q000000eERIQA2,Status,New,Not reached
2026-08-21T14:53:09.000Z,00QP500000sy2izMAA,BE,0127Q000000eERIQA2,Status,New,Appointment
2026-08-21T14:43:32.000Z,00QQD00000e0FBJ2A2,BE,0127Q000000eERIQA2,Status,Follow-up,Mailjourney
2026-08-21T14:41:48.000Z,00QQD00000ZFwVX2A1,BE,0127Q000000eERIQA2,Status,Follow-up,Mailjourney
2026-08-21T14:40:01.000Z,00QQD00000Eu4yX2AR,NL,0127Q000000upr9QAA,Status,Not Qualified,Re-entered
2026-08-21T14:38:56.000Z,00QQD00000APzpn2AD,NL,0127Q000000upr9QAA,Status,Mailjourney,Re-entered
2026-08-21T14:31:46.000Z,00QP500000sxo1jMAA,NL,0127Q000000upr9QAA,Status,New,Not Qualified
2026-08-21T14:31:08.000Z,00QP500000qRA8cMAG,NL,0127Q000000upr9QAA,Status,Follow-up,Not reached
2026-08-21T14:28:52.000Z,00QQD00000dBIpZ2AW,BE,0127Q000000eERIQA2,Status,Follow-up,Mailjourney
2026-08-21T14:26:06.000Z,00QQD00000ZH0Ts2AL,BE,0127Q000000eERIQA2,Status,Follow-up,Mailjourney
2026-08-21T14:25:07.000Z,00QP500000sFz7LMAS,BE,0127Q000000eERIQA2,Status,Follow-up,Mailjourney
2026-08-21T14:24:17.000Z,00QP500000sj9rHMAQ,BE,0127Q000000eERIQA2,Status,Follow-up,Appointment
2026-08-21T14:17:29.000Z,00QP500000sxmw0MAA,NL,0127Q000000upr9QAA,Status,New,Follow-up
2026-08-21T14:14:02.000Z,00QP500000rdVTjMAM,BE,0127Q000000eERIQA2,Status,Follow-up,Mailjourney
2026-08-21T14:13:11.000Z,00QP500000sZsxjMAC,BE,0127Q000000eERIQA2,Status,Follow-up,Mailjourney
2026-08-21T14:11:12.000Z,00QQD00000cDGnS2AW,BE,0127Q000000eERIQA2,Status,Follow-up,Mailjourney
2026-08-21T14:10:09.000Z,00QQD00000ZGyex2AD,BE,0127Q000000eERIQA2,Status,Brochure,Follow-up
2026-08-21T14:09:59.000Z,00QQD00000ZGyex2AD,BE,0127Q000000eERIQA2,Status,Follow-up,Brochure
2026-08-21T14:08:59.000Z,00QP500000r3sesMAA,BE,0127Q000000eERIQA2,Status,Follow-up,Mailjourney
2026-08-21T14:08:08.000Z,00QP500000ql897MAA,BE,0127Q000000eERIQA2,Status,Follow-up,Not Qualified
2026-08-21T14:06:13.000Z,00QP500000sJQ7mMAG,BE,0127Q000000eERIQA2,Status,Follow-up,Mailjourney
2026-08-21T14:05:24.000Z,00QP500000qLy3FMAS,BE,0127Q000000eERIQA2,Status,Follow-up,Mailjourney
2026-08-21T13:55:19.000Z,00QP500000skLFIMA2,BE,0127Q000000eERIQA2,Status,Not reached,Mailjourney
2026-08-21T13:52:35.000Z,00QP500000sEfH7MAK,BE,0127Q000000eERIQA2,Status,Follow-up,Appointment
2026-08-21T13:50:45.000Z,00QP500000sxpfKMAQ,NL,0127Q000000upr9QAA,Status,Not reached,Follow-up
2026-08-21T13:50:24.000Z,00QP500000sxpfKMAQ,NL,0127Q000000upr9QAA,Status,New,Not reached
2026-08-21T13:47:43.000Z,00QP500000snkQnMAI,BE,0127Q000000eERIQA2,Status,Not reached,Appointment
2026-08-21T13:42:14.000Z,00QP500000s4VFqMAM,BE,0127Q000000eERIQA2,Status,Follow-up,Mailjourney
2026-08-21T13:40:39.000Z,00QP500000s0oYsMAI,BE,0127Q000000eERIQA2,Status,Follow-up,Mailjourney
2026-08-21T13:38:52.000Z,00QP500000rzMpvMAE,BE,0127Q000000eERIQA2,Status,Follow-up,Mailjourney
2026-08-21T13:34:46.000Z,00QQD00000LlKVT2A3,NL,0127Q000000upr9QAA,Status,Brochure,Follow-up
2026-08-21T13:34:46.000Z,00QP500000swCmTMAU,NL,0127Q000000upr9QAA,Status,Brochure,Follow-up
2026-08-21T13:34:46.000Z,00QP500000shRDCMA2,NL,0127Q000000upr9QAA,Status,Brochure,Follow-up
2026-08-21T13:34:46.000Z,00QP500000sx2oKMAQ,NL,0127Q000000upr9QAA,Status,Brochure,Follow-up
2026-08-21T13:31:54.000Z,00QP500000sxctNMAQ,BE,0127Q000000eERIQA2,Status,New,Not reached
2026-08-21T13:30:30.000Z,00QQD00000dXAoZ2AW,NL,0127Q000000upr9QAA,Status,Follow-up,Mailjourney
2026-08-21T13:30:10.000Z,00QP500000sy0pFMAQ,NL,0127Q000000upr9QAA,Status,New,Appointment
2026-08-21T13:29:03.000Z,00QP500000swDygMAE,BE,0127Q000000eERIQA2,Status,Not reached,Appointment
2026-08-21T13:27:14.000Z,00QQD00000agoRu2AI,NL,0127Q000000upr9QAA,Status,Follow-up,Lost
2026-08-21T13:26:43.000Z,00QP500000sFLGLMA4,NL,0127Q000000upr9QAA,Status,Follow-up,Mailjourney
2026-08-21T13:24:56.000Z,00QP500000sEwUsMAK,NL,0127Q000000upr9QAA,Status,Follow-up,Not Qualified
2026-08-21T13:23:29.000Z,00QP500000swLwTMAU,NL,0127Q000000upr9QAA,Status,Not reached,Follow-up
2026-08-21T13:22:53.000Z,00QP500000sxjQDMAY,NL,0127Q000000upr9QAA,Status,New,Not Qualified
2026-08-21T13:18:45.000Z,00QP500000sBsMAMA0,NL,0127Q000000upr9QAA,Status,Follow-up,Mailjourney
2026-08-21T13:14:48.000Z,00QP500000rstyfMAA,NL,0127Q000000upr9QAA,Status,Follow-up,Mailjourney
2026-08-21T13:14:03.000Z,00QP500000sxHVbMAM,NL,0127Q000000upr9QAA,Status,New,Not Qualified
2026-08-21T13:13:25.000Z,00QP500000swCmTMAU,NL,0127Q000000upr9QAA,Status,Not reached,Brochure
2026-08-21T13:12:59.000Z,00QP500000sx7MYMAY,NL,0127Q000000upr9QAA,Status,New,Not Qualified
2026-08-21T13:11:27.000Z,00QQD00000VrZ2b2AF,NL,0127Q000000upr9QAA,Status,Not reached,Follow-up
2026-08-21T13:10:48.000Z,00QP500000rscwFMAQ,NL,0127Q000000upr9QAA,Status,Follow-up,Mailjourney
2026-08-21T13:10:41.000Z,00QP500000qLl61MAC,BE,0127Q000000eERIQA2,Status,Follow-up,Mailjourney
2026-08-21T13:09:09.000Z,00QP500000sshyXMAQ,BE,0127Q000000eERIQA2,Status,Not reached,Not Qualified
2026-08-21T13:08:25.000Z,00QP500000sxmxZMAQ,BE,0127Q000000eERIQA2,Status,New,Appointment
2026-08-21T13:08:05.000Z,00QP500000svs7pMAA,NL,0127Q000000upr9QAA,Status,Not reached,Not Qualified
2026-08-21T13:05:06.000Z,00QP500000swSckMAE,BE,0127Q000000eERIQA2,Status,Follow-up,Appointment
2026-08-21T13:03:42.000Z,00QQD00000KCGlS2AX,NL,0127Q000000upr9QAA,Status,Not reached,Mailjourney
2026-08-21T13:00:37.000Z,00QP500000suzJTMAY,NL,0127Q000000upr9QAA,Status,Not reached,Appointment
2026-08-21T12:54:07.000Z,00QP500000skZjdMAE,NL,0127Q000000upr9QAA,Status,Not reached,Not Qualified
2026-08-21T12:53:39.000Z,00QP500000svNiLMAU,NL,0127Q000000upr9QAA,Status,Not reached,Follow-up
2026-08-21T12:53:05.000Z,00QP500000ssKXKMA2,BE,0127Q000000eERIQA2,Status,Not reached,Appointment
2026-08-21T12:52:07.000Z,00QP500000ssSBVMA2,NL,0127Q000000upr9QAA,Status,Not reached,Not Qualified
2026-08-21T12:50:51.000Z,00QQD00000adbe62AA,NL,0127Q000000upr9QAA,Status,Not reached,Follow-up
2026-08-21T12:48:46.000Z,00QP500000slGTdMAM,NL,0127Q000000upr9QAA,Status,Not reached,Follow-up
2026-08-21T12:48:28.000Z,00QP500000soU75MAE,NL,0127Q000000upr9QAA,Status,Not reached,Not Qualified
2026-08-21T12:48:21.000Z,00QP500000srJJyMAM,NL,0127Q000000upr9QAA,Status,Not reached,Lost
2026-08-21T12:47:10.000Z,00QP500000soEwkMAE,NL,0127Q000000upr9QAA,Status,Not reached,Mailjourney
2026-08-21T12:47:06.000Z,00QP500000sxKlEMAU,NL,0127Q000000upr9QAA,Status,New,Appointment
2026-08-21T12:46:11.000Z,00QP500000sx2oKMAQ,NL,0127Q000000upr9QAA,Status,New,Brochure
2026-08-21T12:45:32.000Z,00QP500000swSckMAE,BE,0127Q000000eERIQA2,Status,New,Follow-up
2026-08-21T12:43:36.000Z,00QP500000swLwTMAU,NL,0127Q000000upr9QAA,Status,New,Not reached
2026-08-21T12:39:21.000Z,00QP500000sp4QgMAI,BE,0127Q000000eERIQA2,Status,Not reached,Follow-up
2026-08-21T12:35:54.000Z,00QP500000r1SF6MAM,NL,0127Q000000upr9QAA,Status,Follow-up,Appointment
2026-08-21T12:33:02.000Z,00QP500000sxPOIMA2,NL,0127Q000000upr9QAA,Status,New,Appointment
2026-08-21T12:32:51.000Z,00QP500000sxSu2MAE,NL,0127Q000000upr9QAA,Status,Follow-up,Appointment
2026-08-21T12:32:18.000Z,00QP500000swVsNMAU,NL,0127Q000000upr9QAA,Status,New,Appointment
2026-08-21T12:31:58.000Z,00QP500000sn3iQMAQ,BE,0127Q000000eERIQA2,Status,Not reached,Follow-up
2026-08-21T12:30:26.000Z,00QP500000swpcXMAQ,BE,0127Q000000eERIQA2,Status,New,Not reached
2026-08-21T12:29:45.000Z,00QP500000sigcLMAQ,BE,0127Q000000eERIQA2,Status,Not reached,Mailjourney
2026-08-21T12:25:12.000Z,00QP500000sxSu2MAE,NL,0127Q000000upr9QAA,Status,Not reached,Follow-up
2026-08-21T12:25:09.000Z,00QP500000swDygMAE,BE,0127Q000000eERIQA2,Status,New,Not reached
2026-08-21T12:24:46.000Z,00QP500000sxSu2MAE,NL,0127Q000000upr9QAA,Status,New,Not reached
2026-08-21T12:24:33.000Z,00QP500000slfwhMAA,BE,0127Q000000eERIQA2,Status,Not reached,Follow-up
2026-08-21T12:23:04.000Z,00QQD00000bCAUX2A4,NL,0127Q000000upr9QAA,Status,Follow-up,Mailjourney
2026-08-21T12:22:27.000Z,00QQD00000bCAUX2A4,NL,0127Q000000upr9QAA,Status,Not reached,Follow-up
2026-08-21T12:21:32.000Z,00QP500000stTLeMAM,NL,0127Q000000upr9QAA,Status,Not reached,Follow-up
2026-08-21T12:20:24.000Z,00QP500000sjtShMAI,BE,0127Q000000eERIQA2,Status,Not reached,Mailjourney
2026-08-21T12:20:11.000Z,00QP500000svZGWMA2,NL,0127Q000000upr9QAA,Status,Not reached,Follow-up
2026-08-21T12:19:26.000Z,00QQD00000LlKVT2A3,NL,0127Q000000upr9QAA,Status,Not reached,Brochure
2026-08-21T12:16:59.000Z,00QP500000svZGWMA2,NL,0127Q000000upr9QAA,Status,New,Not reached
2026-08-21T12:14:08.000Z,00QP500000ssSzVMAU,NL,0127Q000000upr9QAA,Status,Mailjourney,Appointment
2026-08-21T12:12:42.000Z,00QP500000swA1aMAE,BE,0127Q000000eERIQA2,Status,New,Appointment
2026-08-21T12:12:09.000Z,00QP500000sqjRnMAI,NL,0127Q000000upr9QAA,Status,Not reached,Appointment
2026-08-21T12:02:09.000Z,00QP500000swScjMAE,NL,0127Q000000upr9QAA,Status,Not reached,Follow-up
2026-08-21T12:00:56.000Z,00QQD00000FWcXl2AL,NL,0127Q000000upr9QAA,Status,Not reached,Follow-up
2026-08-21T11:59:29.000Z,00QP500000sltYFMAY,NL,0127Q000000upr9QAA,Status,Not reached,Lost
2026-08-21T11:58:03.000Z,00QP500000skXebMAE,NL,0127Q000000upr9QAA,Status,Not reached,Follow-up
2026-08-21T11:57:28.000Z,00QP500000shNSAMA2,BE,0127Q000000eERIQA2,Status,Not reached,Follow-up
2026-08-21T11:57:03.000Z,00QP500000swowbMAA,NL,0127Q000000upr9QAA,Status,New,Not Qualified
2026-08-21T11:56:43.000Z,00QQD00000AoFvm2AF,NL,0127Q000000upr9QAA,Status,Not reached,Follow-up
2026-08-21T11:56:15.000Z,00QP500000sqwqUMAQ,NL,0127Q000000upr9QAA,Status,Not reached,Lost
2026-08-21T11:51:35.000Z,00QP500000soE0iMAE,NL,0127Q000000upr9QAA,Status,Not reached,Follow-up
2026-08-21T11:50:09.000Z,00QP500000skrwkMAA,NL,0127Q000000upr9QAA,Status,Not reached,Follow-up
2026-08-21T11:48:24.000Z,00QP500000sStcAMAS,BE,0127Q000000eERIQA2,Status,Not reached,Follow-up
2026-08-21T11:45:59.000Z,00QQD00000VrZ2b2AF,NL,0127Q000000upr9QAA,Status,Re-entered,Not reached
2026-08-21T11:44:15.000Z,00QP500000sxCviMAE,NL,0127Q000000upr9QAA,Status,New,Not Qualified
2026-08-21T11:40:50.000Z,00QP500000sxGcjMAE,NL,0127Q000000upr9QAA,Status,New,Appointment
2026-08-21T11:40:46.000Z,00QP500000swUhrMAE,BE,0127Q000000eERIQA2,Status,New,Appointment
2026-08-21T11:37:58.000Z,00QP500000swA9dMAE,NL,0127Q000000upr9QAA,Status,New,Not Qualified
2026-08-21T11:37:34.000Z,00QP500000sxFwnMAE,NL,0127Q000000upr9QAA,Status,New,Not Qualified
2026-08-21T11:35:09.000Z,00QP500000svPozMAE,NL,0127Q000000upr9QAA,Status,Not reached,Follow-up
2026-08-21T11:32:36.000Z,00QP500000suqWHMAY,NL,0127Q000000upr9QAA,Status,Not reached,Follow-up
2026-08-21T11:31:08.000Z,00QP500000swbxnMAA,NL,0127Q000000upr9QAA,Status,New,Mailjourney
2026-08-21T11:27:45.000Z,00QP500000swScjMAE,NL,0127Q000000upr9QAA,Status,New,Not reached
2026-08-21T11:21:57.000Z,00QP500000sv9M1MAI,BE,0127Q000000eERIQA2,Status,Not reached,Appointment
2026-08-21T11:21:21.000Z,00QP500000sbrsfMAA,BE,0127Q000000eERIQA2,Status,Not reached,Follow-up
2026-08-21T11:19:16.000Z,00QP500000svYykMAE,NL,0127Q000000upr9QAA,Status,Not reached,Appointment
2026-08-21T11:18:40.000Z,00QP500000swHpPMAU,BE,0127Q000000eERIQA2,Status,New,Not reached
2026-08-21T10:59:34.000Z,00QP500000swXNuMAM,BE,0127Q000000eERIQA2,Status,New,Not Qualified
2026-08-21T10:57:46.000Z,00QP500000swYJxMAM,BE,0127Q000000eERIQA2,Status,New,Not Qualified
2026-08-21T10:53:53.000Z,00QP500000swTgtMAE,BE,0127Q000000eERIQA2,Status,New,Follow-up
2026-08-21T10:53:04.000Z,00QP500000swuSXMAY,BE,0127Q000000eERIQA2,Status,New,Appointment
2026-08-21T10:50:53.000Z,00QP500000swFyuMAE,BE,0127Q000000eERIQA2,Status,New,Not reached
2026-08-21T10:41:10.000Z,00QP500000sNSMIMA4,NL,0127Q000000upr9QAA,Status,Follow-up,Lost
2026-08-21T10:36:20.000Z,00QP500000swTgsMAE,NL,0127Q000000upr9QAA,Status,New,Appointment
2026-08-21T10:33:40.000Z,00QP500000swnSfMAI,NL,0127Q000000upr9QAA,Status,New,Mailjourney
2026-08-21T10:24:42.000Z,00QP500000swXNtMAM,NL,0127Q000000upr9QAA,Status,New,Mailjourney
2026-08-21T10:21:04.000Z,00QQD00000VrZ2b2AF,NL,0127Q000000upr9QAA,Status,Mailjourney,Re-entered
2026-08-21T10:16:41.000Z,00QP500000swe62MAA,BE,0127Q000000eERIQA2,Status,New,Appointment
2026-08-21T10:16:35.000Z,00QP500000swOxKMAU,NL,0127Q000000upr9QAA,Status,New,Appointment
2026-08-21T10:12:55.000Z,00QP500000swDSRMA2,NL,0127Q000000upr9QAA,Status,New,Follow-up
2026-08-21T10:11:57.000Z,00QP500000swF61MAE,BE,0127Q000000eERIQA2,Status,New,Appointment
2026-08-21T10:10:56.000Z,00QP500000sw5t4MAA,BE,0127Q000000eERIQA2,Status,New,Appointment
2026-08-21T10:10:07.000Z,00QQD00000dI8VJ2A0,NL,0127Q000000upr9QAA,Status,Lost,Appointment
2026-08-21T10:03:06.000Z,00QQD00000dwdNW2AY,NL,0127Q000000upr9QAA,Status,New,Not Qualified
2026-08-21T10:02:28.000Z,00QP500000svehcMAA,NL,0127Q000000upr9QAA,Status,New,Appointment
2026-08-21T09:57:52.000Z,00QP500000swCmTMAU,NL,0127Q000000upr9QAA,Status,New,Not reached
2026-08-21T09:56:24.000Z,00QP500000shRDCMA2,NL,0127Q000000upr9QAA,Status,Follow-up,Brochure
2026-08-21T09:53:29.000Z,00QP500000sAperMAC,NL,0127Q000000upr9QAA,Status,Follow-up,Mailjourney
2026-08-21T09:52:18.000Z,00QP500000s7MHeMAM,NL,0127Q000000upr9QAA,Status,Follow-up,Mailjourney
2026-08-21T09:47:29.000Z,00QP500000swE0IMAU,BE,0127Q000000eERIQA2,Status,New,Appointment
2026-08-21T09:47:01.000Z,00QP500000rK3xsMAC,NL,0127Q000000upr9QAA,Status,Follow-up,Mailjourney
2026-08-21T09:45:45.000Z,00QQD00000AoFvm2AF,NL,0127Q000000upr9QAA,Status,Re-entered,Not reached
2026-08-21T09:37:56.000Z,00QQD00000APy3Q2AT,NL,0127Q000000upr9QAA,Status,Re-entered,Appointment
2026-08-21T09:36:01.000Z,00QQD00000AoFvm2AF,NL,0127Q000000upr9QAA,Status,Lost,Re-entered
2026-08-21T09:34:50.000Z,00QP500000svwD6MAI,BE,0127Q000000eERIQA2,Status,New,Appointment
2026-08-21T09:33:19.000Z,00QP500000stKtSMAU,NL,0127Q000000upr9QAA,Status,Brochure,Follow-up
2026-08-21T09:33:19.000Z,00QP500000sqJXSMA2,NL,0127Q000000upr9QAA,Status,Brochure,Follow-up
2026-08-21T09:33:19.000Z,00QP500000stNphMAE,NL,0127Q000000upr9QAA,Status,Brochure,Follow-up
2026-08-21T09:31:24.000Z,00QP500000sv6zKMAQ,NL,0127Q000000upr9QAA,Status,New,Follow-up
2026-08-21T09:22:35.000Z,00QP500000svWNRMA2,BE,0127Q000000eERIQA2,Status,New,Mailjourney
2026-08-21T09:12:27.000Z,00QP500000svV6UMAU,NL,0127Q000000upr9QAA,Status,New,Appointment
2026-08-21T09:07:14.000Z,00QP500000svs7pMAA,NL,0127Q000000upr9QAA,Status,New,Not reached
2026-08-21T09:06:03.000Z,00QP500000svrrhMAA,NL,0127Q000000upr9QAA,Status,New,Mailjourney
2026-08-21T09:04:51.000Z,00QP500000sIzp8MAC,NL,0127Q000000upr9QAA,Status,Follow-up,Lost
2026-08-21T09:00:10.000Z,00QP500000sv5NGMAY,NL,0127Q000000upr9QAA,Status,New,Appointment
2026-08-21T08:58:53.000Z,00QP500000svRCTMA2,BE,0127Q000000eERIQA2,Status,New,Follow-up
2026-08-21T08:55:14.000Z,00QP500000sv4cUMAQ,NL,0127Q000000upr9QAA,Status,New,Appointment
2026-08-21T08:54:13.000Z,00QP500000su7cPMAQ,NL,0127Q000000upr9QAA,Status,Not reached,Not Qualified
2026-08-21T08:53:57.000Z,00QP500000su7cPMAQ,NL,0127Q000000upr9QAA,Status,New,Not reached
2026-08-21T08:53:06.000Z,00QP500000ssSzVMAU,NL,0127Q000000upr9QAA,Status,New,Mailjourney
2026-08-21T08:52:00.000Z,00QQD00000APy3Q2AT,NL,0127Q000000upr9QAA,Status,Mailjourney,Re-entered
2026-08-21T08:50:33.000Z,00QP500000svYykMAE,NL,0127Q000000upr9QAA,Status,New,Not reached
2026-08-21T08:50:07.000Z,00QP500000suzJTMAY,NL,0127Q000000upr9QAA,Status,New,Not reached
2026-08-21T08:49:59.000Z,00QP500000sEjmDMAS,NL,0127Q000000upr9QAA,Status,Follow-up,Not Qualified
2026-08-21T08:49:00.000Z,00QP500000svOeRMAU,BE,0127Q000000eERIQA2,Status,New,Appointment
2026-08-21T08:48:40.000Z,00QP500000spsDmMAI,BE,0127Q000000eERIQA2,Status,Not reached,Mailjourney
2026-08-21T08:48:25.000Z,00QP500000svPozMAE,NL,0127Q000000upr9QAA,Status,New,Not reached
2026-08-21T08:47:32.000Z,00QP500000qkJT8MAM,NL,0127Q000000upr9QAA,Status,Not reached,Appointment
2026-08-21T08:46:44.000Z,00QP500000s3wmkMAA,NL,0127Q000000upr9QAA,Status,Follow-up,Mailjourney
2026-08-21T08:45:03.000Z,00QQD00000TlXvt2AF,NL,0127Q000000upr9QAA,Status,Follow-up,Mailjourney
2026-08-21T08:44:00.000Z,00QP500000sq1DqMAI,NL,0127Q000000upr9QAA,Status,Not reached,Appointment
2026-08-21T08:43:16.000Z,00QP500000suqWHMAY,NL,0127Q000000upr9QAA,Status,New,Not reached
2026-08-21T08:40:38.000Z,00QP500000smoeXMAQ,NL,0127Q000000upr9QAA,Status,Not reached,Follow-up
2026-08-21T08:38:49.000Z,00QP500000qkJT8MAM,NL,0127Q000000upr9QAA,Status,Re-entered,Not reached
2026-08-21T08:36:02.000Z,00QP500000ssVEDMA2,NL,0127Q000000upr9QAA,Status,Not Qualified,Lost
2026-08-21T08:35:59.000Z,00QP500000ssVEDMA2,NL,0127Q000000upr9QAA,Status,Not reached,Not Qualified
2026-08-21T08:34:53.000Z,00QQD00000LlKVT2A3,NL,0127Q000000upr9QAA,Status,Re-entered,Not reached
2026-08-21T08:33:26.000Z,00QP500000stKtSMAU,NL,0127Q000000upr9QAA,Status,New,Brochure
2026-08-21T08:31:01.000Z,00QP500000sviusMAA,BE,0127Q000000eERIQA2,Status,New,Not Qualified
2026-08-21T08:29:50.000Z,00QQD00000KCGlS2AX,NL,0127Q000000upr9QAA,Status,Lost,Not reached
2026-08-21T08:28:17.000Z,00QP500000svYyjMAE,NL,0127Q000000upr9QAA,Status,New,Not Qualified
2026-08-21T08:27:47.000Z,00QP500000ssVEDMA2,NL,0127Q000000upr9QAA,Status,New,Not reached
2026-08-21T08:27:27.000Z,00QP500000ssZHpMAM,NL,0127Q000000upr9QAA,Status,New,Appointment
2026-08-21T08:27:25.000Z,00QP500000sMbJcMAK,NL,0127Q000000upr9QAA,Status,Follow-up,Lost
2026-08-21T08:26:43.000Z,00QP500000svNiLMAU,NL,0127Q000000upr9QAA,Status,New,Not reached
2026-08-21T08:24:41.000Z,00QP500000ssSBVMA2,NL,0127Q000000upr9QAA,Status,New,Not reached
2026-08-21T08:23:34.000Z,00QP500000supSAMAY,NL,0127Q000000upr9QAA,Status,New,Appointment
2026-08-21T08:21:16.000Z,00QP500000svVnxMAE,BE,0127Q000000eERIQA2,Status,New,Follow-up
2026-08-21T08:20:25.000Z,00QP500000srwraMAA,NL,0127Q000000upr9QAA,Status,New,Appointment
2026-08-21T08:15:02.000Z,00QP500000ssasEMAQ,BE,0127Q000000eERIQA2,Status,New,Mailjourney
2026-08-21T08:13:14.000Z,00QP500000qCR50MAG,NL,0127Q000000upr9QAA,Status,Follow-up,Mailjourney
2026-08-21T08:11:01.000Z,00QP500000slWyDMAU,BE,0127Q000000eERIQA2,Status,Not reached,Appointment
2026-08-21T08:11:00.000Z,00QP500000srtAaMAI,NL,0127Q000000upr9QAA,Status,New,Follow-up
2026-08-21T08:09:56.000Z,00QP500000qkJT8MAM,NL,0127Q000000upr9QAA,Status,Follow-up,Re-entered
2026-08-21T08:07:36.000Z,00QP500000sXoesMAC,NL,0127Q000000upr9QAA,Status,Not reached,Appointment
2026-08-21T08:06:26.000Z,00QP500000ssxaHMAQ,BE,0127Q000000eERIQA2,Status,New,Appointment
2026-08-21T08:04:00.000Z,00QP500000ssDArMAM,NL,0127Q000000upr9QAA,Status,New,Appointment
2026-08-21T08:00:23.000Z,00QP500000sXoesMAC,NL,0127Q000000upr9QAA,Status,Re-entered - Phone Number Changed,Not reached
2026-08-21T07:59:53.000Z,00QP500000soF00MAE,BE,0127Q000000eERIQA2,Status,Not reached,Mailjourney
2026-08-21T07:57:36.000Z,00QP500000svOzNMAU,BE,0127Q000000eERIQA2,Status,Follow-up,Appointment
2026-08-21T07:57:20.000Z,00QP500000sr8yCMAQ,NL,0127Q000000upr9QAA,Status,Not reached,Appointment
2026-08-21T07:54:28.000Z,00QP500000ssjQrMAI,BE,0127Q000000eERIQA2,Status,Not reached,Lost
2026-08-21T07:53:34.000Z,00QQD00000AQggS2AT,NL,0127Q000000upr9QAA,Status,Mailjourney,Appointment
2026-08-21T07:52:52.000Z,00QP500000svOzNMAU,BE,0127Q000000eERIQA2,Status,New,Follow-up
2026-08-21T07:52:24.000Z,00QP500000srnGRMAY,NL,0127Q000000upr9QAA,Status,Not reached,Appointment
2026-08-21T07:51:00.000Z,00QP500000sshyXMAQ,BE,0127Q000000eERIQA2,Status,New,Not reached
2026-08-21T07:50:06.000Z,00QP500000sjoOAMAY,BE,0127Q000000eERIQA2,Status,Not reached,Not Qualified
2026-08-21T07:50:06.000Z,00QP500000ssjQrMAI,BE,0127Q000000eERIQA2,Status,New,Not reached
2026-08-21T07:49:18.000Z,00QP500000ssIKEMA2,BE,0127Q000000eERIQA2,Status,New,Follow-up
2026-08-21T07:48:53.000Z,00QQD00000aTwdN2AS,NL,0127Q000000upr9QAA,Status,Re-entered,Mailjourney
2026-08-21T07:46:55.000Z,00QP500000sufvpMAA,NL,0127Q000000upr9QAA,Status,New,Mailjourney
2026-08-21T07:41:59.000Z,00QP500000sul6nMAA,BE,0127Q000000eERIQA2,Status,New,Not reached
2026-08-21T07:41:45.000Z,00QP500000ssME9MAM,NL,0127Q000000upr9QAA,Status,New,Appointment
2026-08-21T07:40:07.000Z,00QP500000stT8jMAE,BE,0127Q000000eERIQA2,Status,New,Not reached
2026-08-21T07:37:42.000Z,00QQD00000AQOSP2A5,NL,0127Q000000upr9QAA,Status,Re-entered,Appointment
2026-08-21T07:36:28.000Z,00QP500000stH5yMAE,BE,0127Q000000eERIQA2,Status,New,Appointment
2026-08-21T07:36:23.000Z,00QP500000stTLeMAM,NL,0127Q000000upr9QAA,Status,New,Not reached
2026-08-21T07:34:04.000Z,00QP500000srUFPMA2,BE,0127Q000000eERIQA2,Status,New,Appointment
2026-08-21T07:33:41.000Z,00QP500000stNphMAE,NL,0127Q000000upr9QAA,Status,New,Brochure
2026-08-21T07:33:09.000Z,00QP500000ssKXKMA2,BE,0127Q000000eERIQA2,Status,New,Not reached
2026-08-21T07:31:49.000Z,00QP500000srnGRMAY,NL,0127Q000000upr9QAA,Status,New,Not reached
2026-08-21T07:31:41.000Z,00QP500000ssIKDMA2,BE,0127Q000000eERIQA2,Status,New,Follow-up
2026-08-21T07:27:01.000Z,00QP500000ssVhGMAU,BE,0127Q000000eERIQA2,Status,Mailjourney,Not Qualified
2026-08-21T07:26:10.000Z,00QP500000scfMQMAY,BE,0127Q000000eERIQA2,Status,Not reached,Mailjourney
2026-08-21T07:25:57.000Z,00QP500000soJejMAE,BE,0127Q000000eERIQA2,Status,Re-entered,Lost
2026-08-21T07:25:16.000Z,00QP500000sra4gMAA,NL,0127Q000000upr9QAA,Status,New,Appointment
2026-08-21T07:24:52.000Z,00QQD00000bSx1V2AS,BE,0127Q000000eERIQA2,Status,Re-entered,Not Qualified
2026-08-21T07:21:27.000Z,00QP500000sruWPMAY,BE,0127Q000000eERIQA2,Status,New,Appointment
2026-08-21T07:20:10.000Z,00QP500000su7XZMAY,BE,0127Q000000eERIQA2,Status,New,Not reached
2026-08-21T07:19:52.000Z,00QP500000sqjRnMAI,NL,0127Q000000upr9QAA,Status,New,Not reached
2026-08-21T07:19:43.000Z,00QQD00000ceca92AA,BE,0127Q000000eERIQA2,Status,Mailjourney,Appointment
2026-08-21T07:17:08.000Z,00QP500000ssftWMAQ,BE,0127Q000000eERIQA2,Status,New,Not reached
2026-08-21T07:15:41.000Z,00QP500000ssVhGMAU,BE,0127Q000000eERIQA2,Status,New,Mailjourney
2026-08-21T07:11:25.000Z,00QP500000sv9M1MAI,BE,0127Q000000eERIQA2,Status,New,Not reached
2026-08-21T06:55:05.000Z,00QP500000soJejMAE,BE,0127Q000000eERIQA2,Status,Not Qualified,Re-entered
2026-08-21T06:47:56.000Z,00QP500000stPl6MAE,BE,0127Q000000eERIQA2,Status,New,Mailjourney
2026-08-21T06:47:25.000Z,00QP500000sqxjPMAQ,BE,0127Q000000eERIQA2,Status,New,Not Qualified
2026-08-21T06:42:56.000Z,00QQD00000Pkh5F2AR,NL,0127Q000000upr9QAA,Status,Re-entered,Not Qualified
2026-08-21T06:37:54.000Z,00QQD00000AQOSP2A5,NL,0127Q000000upr9QAA,Status,Mailjourney,Re-entered
2026-08-21T06:04:09.000Z,00QQD00000Pkh5F2AR,NL,0127Q000000upr9QAA,Status,Not Qualified,Re-entered
2026-08-21T06:01:52.000Z,00QP500000sD6QNMA0,FR,012QD000002ylXZYAY,Status,New,Mailjourney
2026-08-21T06:01:52.000Z,00QP500000sD6QPMA0,FR,012QD000002ylXZYAY,Status,New,Not Qualified
2026-08-21T06:01:52.000Z,00QQD00000ZGeRe2AL,FR,012QD000002ylXZYAY,Status,Mailjourney,Re-entered
2026-08-21T06:01:52.000Z,00QP500000sD6QMMA0,IT,012QD000002ylcPYAQ,Status,New,Follow-up
2026-08-21T06:01:52.000Z,00QP500000sD6QKMA0,FR,012QD000002ylXZYAY,Status,New,Mailjourney
2026-08-21T06:01:52.000Z,00QP500000sD6QIMA0,FR,012QD000002ylXZYAY,Status,New,Mailjourney
2026-08-21T06:01:52.000Z,00QP500000sD6QHMA0,IT,012QD000002ylcPYAQ,Status,New,Mailjourney
2026-08-21T05:53:15.000Z,00QP500000suibxMAA,NL,0127Q000000upr9QAA,Status,New,Mailjourney
2026-08-21T02:23:58.000Z,00QQD00000aTwdN2AS,NL,0127Q000000upr9QAA,Status,Mailjourney,Re-entered
2026-08-20T18:19:09.000Z,00QQD00000bSx1V2AS,BE,0127Q000000eERIQA2,Status,Mailjourney,Re-entered
2026-08-20T16:26:06.000Z,00QQD00000LlKVT2A3,NL,0127Q000000upr9QAA,Status,Mailjourney,Re-entered
2026-08-20T15:55:07.000Z,00QP500000sXoesMAC,NL,0127Q000000upr9QAA,Status,Mailjourney,Re-entered - Phone Number Changed
2026-08-20T14:58:47.000Z,00QP500000srBUXMA2,BE,0127Q000000eERIQA2,Status,New,Not Qualified
2026-08-20T14:56:15.000Z,00QP500000sqzpwMAA,NL,0127Q000000upr9QAA,Status,New,Not Qualified
2026-08-20T14:55:24.000Z,00QP500000sr1F3MAI,BE,0127Q000000eERIQA2,Status,New,Appointment
2026-08-20T14:54:45.000Z,00QP500000spsdeMAA,NL,0127Q000000upr9QAA,Status,New,Not Qualified
2026-08-20T14:49:45.000Z,00QP500000srmIjMAI,BE,0127Q000000eERIQA2,Status,New,Appointment
2026-08-20T14:48:20.000Z,00QP500000sqNXkMAM,NL,0127Q000000upr9QAA,Status,New,Lost
2026-08-20T14:43:14.000Z,00QQD00000adbe62AA,NL,0127Q000000upr9QAA,Status,Mailjourney,Not reached
2026-08-20T14:42:20.000Z,00QP500000sqXorMAE,NL,0127Q000000upr9QAA,Status,New,Appointment
2026-08-20T14:41:47.000Z,00QQD00000cmDY92AM,NL,0127Q000000upr9QAA,Status,Re-entered,Not Qualified
2026-08-20T14:41:46.000Z,00QP500000srdlhMAA,NL,0127Q000000upr9QAA,Status,New,Mailjourney
2026-08-20T14:40:49.000Z,00QP500000sr8yCMAQ,NL,0127Q000000upr9QAA,Status,New,Not reached
2026-08-20T14:40:01.000Z,00QP500000sNSMJMA4,NL,0127Q000000upr9QAA,Status,Follow-up,Appointment
2026-08-20T14:34:18.000Z,00QP500000sr6pmMAA,NL,0127Q000000upr9QAA,Status,New,Follow-up
2026-08-20T14:33:10.000Z,00QP500000srW97MAE,NL,0127Q000000upr9QAA,Status,New,Appointment
2026-08-20T14:21:31.000Z,00QP500000srJJyMAM,NL,0127Q000000upr9QAA,Status,New,Not reached
2026-08-20T14:19:51.000Z,00QP500000sqm35MAA,NL,0127Q000000upr9QAA,Status,New,Appointment
2026-08-20T14:14:08.000Z,00QQD00000cmDY92AM,NL,0127Q000000upr9QAA,Status,Mailjourney,Re-entered
2026-08-20T14:11:41.000Z,00QQD00000bCAUX2A4,NL,0127Q000000upr9QAA,Status,Re-entered,Not reached
2026-08-20T14:09:22.000Z,00QQD00000dYR0w2AG,BE,0127Q000000eERIQA2,Status,Follow-up,Appointment
2026-08-20T14:08:01.000Z,00QP500000srCTlMAM,NL,0127Q000000upr9QAA,Status,Not reached,Mailjourney
2026-08-20T14:01:08.000Z,00QQD00000dYR0w2AG,BE,0127Q000000eERIQA2,Status,Re-entered,Follow-up
2026-08-20T14:00:50.000Z,00QP500000sqwqUMAQ,NL,0127Q000000upr9QAA,Status,New,Not reached
2026-08-20T14:00:08.000Z,00QP500000sqwqVMAQ,BE,0127Q000000eERIQA2,Status,New,Follow-up
2026-08-20T13:56:36.000Z,00QP500000srCwnMAE,NL,0127Q000000upr9QAA,Status,New,Follow-up
2026-08-20T13:51:16.000Z,00QP500000sqJXSMA2,NL,0127Q000000upr9QAA,Status,New,Brochure
2026-08-20T13:49:30.000Z,00QP500000sN4jtMAC,NL,0127Q000000upr9QAA,Status,Follow-up,Appointment
2026-08-20T13:49:23.000Z,00QP500000srCTlMAM,NL,0127Q000000upr9QAA,Status,New,Not reached
2026-08-20T13:37:08.000Z,00QP500000sq7KxMAI,NL,0127Q000000upr9QAA,Status,New,Not Qualified
2026-08-20T13:33:33.000Z,00QP500000slc9IMAQ,NL,0127Q000000upr9QAA,Status,Brochure,Follow-up
2026-08-20T13:29:43.000Z,00QP500000sqbKYMAY,NL,0127Q000000upr9QAA,Status,New,Not Qualified
2026-08-20T13:28:37.000Z,00QP500000sN4jtMAC,NL,0127Q000000upr9QAA,Status,Mailjourney,Follow-up
2026-08-20T13:25:17.000Z,00QP500000sq4y8MAA,BE,0127Q000000eERIQA2,Status,New,Not reached
2026-08-20T13:25:07.000Z,00QQD00000dYR0w2AG,BE,0127Q000000eERIQA2,Status,Follow-up,Re-entered
2026-08-20T13:21:02.000Z,00QQD00000bCAUX2A4,NL,0127Q000000upr9QAA,Status,Mailjourney,Re-entered
2026-08-20T13:20:15.000Z,00QQD00000ai9MH2AY,BE,0127Q000000eERIQA2,Status,Follow-up,Mailjourney
2026-08-20T13:16:09.000Z,00QP500000smp17MAA,NL,0127Q000000upr9QAA,Status,Not reached,Mailjourney
2026-08-20T13:15:13.000Z,00QP500000sqmnqMAA,NL,0127Q000000upr9QAA,Status,New,Appointment
2026-08-20T13:09:04.000Z,00QQD00000HoAqP2AV,NL,0127Q000000upr9QAA,Status,Mailjourney,Appointment
2026-08-20T13:08:22.000Z,00QP500000sor8TMAQ,NL,0127Q000000upr9QAA,Status,Not reached,Follow-up
2026-08-20T13:02:41.000Z,00QP500000sqgC9MAI,NL,0127Q000000upr9QAA,Status,New,Not Qualified
2026-08-20T12:59:22.000Z,00QP500000shT67MAE,BE,0127Q000000eERIQA2,Status,Not reached,Follow-up
2026-08-20T12:53:07.000Z,00QP500000sj9rHMAQ,BE,0127Q000000eERIQA2,Status,Not reached,Follow-up
2026-08-20T12:53:00.000Z,00QP500000slc9IMAQ,NL,0127Q000000upr9QAA,Status,Not reached,Brochure
2026-08-20T12:43:12.000Z,00QQD00000WsVZ52AN,NL,0127Q000000upr9QAA,Status,Re-entered,Lost
2026-08-20T12:39:35.000Z,00QP500000spRQYMA2,NL,0127Q000000upr9QAA,Status,New,Appointment
2026-08-20T12:38:07.000Z,00QP500000sbyfdMAA,NL,0127Q000000upr9QAA,Status,Follow-up,Appointment
2026-08-20T12:34:36.000Z,00QP500000sqgSHMAY,NL,0127Q000000upr9QAA,Status,New,Mailjourney
2026-08-20T12:32:19.000Z,00QQD00000AQ9xj2AD,NL,0127Q000000upr9QAA,Status,Not reached,Mailjourney
2026-08-20T12:27:29.000Z,00QP500000sowwHMAQ,NL,0127Q000000upr9QAA,Status,New,Appointment
2026-08-20T12:24:10.000Z,00QQD00000BEMdR2AX,NL,0127Q000000upr9QAA,Status,Re-entered,Lost
2026-08-20T12:16:39.000Z,00QQD00000cKkbt2AC,NL,0127Q000000upr9QAA,Status,Follow-up,Lost
2026-08-20T12:15:29.000Z,00QP500000spJxbMAE,NL,0127Q000000upr9QAA,Status,New,Follow-up
2026-08-20T12:14:31.000Z,00QP500000spsDmMAI,BE,0127Q000000eERIQA2,Status,New,Not reached
2026-08-20T12:12:03.000Z,00QP500000skYioMAE,NL,0127Q000000upr9QAA,Status,Not reached,Lost
2026-08-20T12:07:56.000Z,00QP500000sS6RdMAK,BE,0127Q000000eERIQA2,Status,Follow-up,Appointment
2026-08-20T12:06:58.000Z,00QP500000r3bHSMAY,NL,0127Q000000upr9QAA,Status,Follow-up,Mailjourney
2026-08-20T12:06:07.000Z,00QP500000sok8gMAA,NL,0127Q000000upr9QAA,Status,New,Appointment
2026-08-20T12:03:53.000Z,00QQD00000WsVZ52AN,NL,0127Q000000upr9QAA,Status,Lost,Re-entered
2026-08-20T12:03:11.000Z,00QP500000sp2aCMAQ,NL,0127Q000000upr9QAA,Status,New,Mailjourney
2026-08-20T11:57:54.000Z,00QP500000sq1DqMAI,NL,0127Q000000upr9QAA,Status,New,Not reached
2026-08-20T11:57:08.000Z,00QP500000sbDVVMA2,NL,0127Q000000upr9QAA,Status,Not reached,Follow-up
2026-08-20T11:55:55.000Z,00QP500000sbKYZMA2,NL,0127Q000000upr9QAA,Status,Not reached,Lost
2026-08-20T11:54:10.000Z,00QQD00000BEMdR2AX,NL,0127Q000000upr9QAA,Status,Mailjourney,Re-entered
2026-08-20T11:52:30.000Z,00QP500000slpBFMAY,NL,0127Q000000upr9QAA,Status,Not reached,Mailjourney
2026-08-20T11:52:28.000Z,00QP500000qLL3ZMAW,BE,0127Q000000eERIQA2,Status,Not reached,Appointment
2026-08-20T11:51:01.000Z,00QP500000sj8GrMAI,NL,0127Q000000upr9QAA,Status,Not reached,Follow-up
2026-08-20T11:49:35.000Z,00QQD00000ATDFR2A5,NL,0127Q000000upr9QAA,Status,Not reached,Not Qualified
2026-08-20T11:47:44.000Z,00QQD00000BtEYg2AN,NL,0127Q000000upr9QAA,Status,Re-entered,Appointment
2026-08-20T11:44:57.000Z,00QP500000qLL3ZMAW,BE,0127Q000000eERIQA2,Status,Re-entered,Not reached
2026-08-20T11:44:13.000Z,00QP500000si12wMAA,NL,0127Q000000upr9QAA,Status,Not reached,Appointment
2026-08-20T11:40:59.000Z,00QP500000spFUBMA2,BE,0127Q000000eERIQA2,Status,New,Follow-up
2026-08-20T11:38:30.000Z,00QP500000sW1UvMAK,BE,0127Q000000eERIQA2,Status,Not reached,Mailjourney
2026-08-20T11:38:04.000Z,00QP500000qkRH3MAM,BE,0127Q000000eERIQA2,Status,Re-entered,Not reached
2026-08-20T11:36:52.000Z,00QP500000spBvEMAU,BE,0127Q000000eERIQA2,Status,New,Follow-up
2026-08-20T11:36:22.000Z,00QQD00000ZGYyJ2AX,BE,0127Q000000eERIQA2,Status,Not reached,Mailjourney
2026-08-20T11:35:23.000Z,00QP500000spUkwMAE,BE,0127Q000000eERIQA2,Status,New,Not reached
2026-08-20T11:32:45.000Z,00QP500000soStJMAU,BE,0127Q000000eERIQA2,Status,New,Mailjourney
2026-08-20T11:31:48.000Z,00QP500000sp4QgMAI,BE,0127Q000000eERIQA2,Status,New,Not reached
2026-08-20T11:30:03.000Z,00QP500000soStKMAU,BE,0127Q000000eERIQA2,Status,New,Follow-up
2026-08-20T11:29:17.000Z,00QP500000shiWbMAI,NL,0127Q000000upr9QAA,Status,Brochure,Follow-up
2026-08-20T11:29:17.000Z,00QP500000sflWvMAI,NL,0127Q000000upr9QAA,Status,Brochure,Follow-up
2026-08-20T11:29:17.000Z,00QP500000smFFOMA2,NL,0127Q000000upr9QAA,Status,Brochure,Follow-up
2026-08-20T11:08:57.000Z,00QQD00000BtEYg2AN,NL,0127Q000000upr9QAA,Status,Mailjourney,Re-entered
2026-08-20T10:51:24.000Z,00QQD00000APzqc2AD,NL,0127Q000000upr9QAA,Status,Re-entered,Not Qualified
2026-08-20T10:49:09.000Z,00QP500000soU75MAE,NL,0127Q000000upr9QAA,Status,New,Not reached
2026-08-20T10:38:01.000Z,00QP500000skNvNMAU,NL,0127Q000000upr9QAA,Status,Not Qualified,Follow-up
2026-08-20T10:30:55.000Z,00QQD00000APzqc2AD,NL,0127Q000000upr9QAA,Status,Mailjourney,Re-entered
2026-08-20T10:30:18.000Z,00QP500000soqadMAA,NL,0127Q000000upr9QAA,Status,New,Follow-up
2026-08-20T10:22:19.000Z,00QP500000rkEmEMAU,NL,0127Q000000upr9QAA,Status,Follow-up,Mailjourney
2026-08-20T10:09:13.000Z,00QP500000soJejMAE,BE,0127Q000000eERIQA2,Status,New,Not Qualified
2026-08-20T10:09:01.000Z,00QP500000qkRH3MAM,BE,0127Q000000eERIQA2,Status,Not Qualified,Re-entered
2026-08-20T10:03:38.000Z,00QP500000roq3JMAQ,BE,0127Q000000eERIQA2,Status,Mailjourney,Follow-up
2026-08-20T10:00:16.000Z,00QP500000sor8TMAQ,NL,0127Q000000upr9QAA,Status,New,Not reached
2026-08-20T09:54:57.000Z,00QP500000qLL3ZMAW,BE,0127Q000000eERIQA2,Status,Mailjourney,Re-entered
2026-08-20T09:50:10.000Z,00QP500000sEnZfMAK,NL,0127Q000000upr9QAA,Status,Follow-up,Appointment
2026-08-20T09:44:43.000Z,00QP500000soqaeMAA,NL,0127Q000000upr9QAA,Status,New,Not Qualified
2026-08-20T09:44:22.000Z,00QP500000soE0iMAE,NL,0127Q000000upr9QAA,Status,New,Not reached
2026-08-20T09:36:00.000Z,00QP500000sZnI5MAK,NL,0127Q000000upr9QAA,Status,Follow-up,Appointment
2026-08-20T09:33:53.000Z,00QP500000soEwkMAE,NL,0127Q000000upr9QAA,Status,New,Not reached
2026-08-20T09:28:11.000Z,00QP500000sneGZMAY,NL,0127Q000000upr9QAA,Status,Not reached,Not Qualified
2026-08-20T09:24:05.000Z,00QP500000rqSLAMA2,NL,0127Q000000upr9QAA,Status,Mailjourney,Appointment
2026-08-20T09:22:06.000Z,00QP500000soF00MAE,BE,0127Q000000eERIQA2,Status,New,Not reached
2026-08-20T09:18:43.000Z,00QP500000slRs7MAE,NL,0127Q000000upr9QAA,Status,Not reached,Appointment
2026-08-20T09:17:35.000Z,00QP500000soZRiMAM,BE,0127Q000000eERIQA2,Status,New,Appointment
2026-08-20T09:05:50.000Z,00QP500000sneGZMAY,NL,0127Q000000upr9QAA,Status,Re-entered,Not reached
2026-08-20T08:58:50.000Z,00QP500000sn8obMAA,NL,0127Q000000upr9QAA,Status,New,Appointment
2026-08-20T08:56:30.000Z,00QP500000snZghMAE,NL,0127Q000000upr9QAA,Status,New,Appointment
2026-08-20T08:51:26.000Z,00QP500000snM6mMAE,NL,0127Q000000upr9QAA,Status,New,Mailjourney
2026-08-20T08:49:41.000Z,00QQD00000cpy7V2AQ,BE,0127Q000000eERIQA2,Status,Follow-up,Lost
2026-08-20T08:47:36.000Z,00QQD00000dO2zv2AC,NL,0127Q000000upr9QAA,Status,Follow-up,Lost
2026-08-20T08:47:15.000Z,00QP500000s4xLlMAI,BE,0127Q000000eERIQA2,Status,Follow-up,Mailjourney
2026-08-20T08:45:58.000Z,00QP500000sN4jtMAC,NL,0127Q000000upr9QAA,Status,Follow-up,Mailjourney
2026-08-20T08:45:55.000Z,00QP500000s4CZlMAM,BE,0127Q000000eERIQA2,Status,Follow-up,Mailjourney
2026-08-20T08:43:44.000Z,00QQD00000ZGwTZ2A1,BE,0127Q000000eERIQA2,Status,Re-entered,Not Qualified
2026-08-20T08:43:37.000Z,00QP500000sMoqNMAS,NL,0127Q000000upr9QAA,Status,Follow-up,Mailjourney
2026-08-20T08:39:50.000Z,00QP500000qKyV9MAK,NL,0127Q000000upr9QAA,Status,Follow-up,Not Qualified
2026-08-20T08:38:12.000Z,00QQD00000dsLXF2A2,NL,0127Q000000upr9QAA,Status,Follow-up,Mailjourney
2026-08-20T08:37:05.000Z,00QP500000s6BkwMAE,NL,0127Q000000upr9QAA,Status,Follow-up,Mailjourney
2026-08-20T08:37:02.000Z,00QP500000rtOmLMAU,NL,0127Q000000upr9QAA,Status,Follow-up,Lost
2026-08-20T08:35:27.000Z,00QP500000sYrPPMA0,BE,0127Q000000eERIQA2,Status,Re-entered - Phone Number Changed,Not reached
2026-08-20T08:33:21.000Z,00QP500000sQvRmMAK,NL,0127Q000000upr9QAA,Status,Follow-up,Appointment
2026-08-20T08:33:20.000Z,00QP500000rtBQxMAM,BE,0127Q000000eERIQA2,Status,Follow-up,Not Qualified
2026-08-20T08:32:49.000Z,00QP500000snzzKMAQ,BE,0127Q000000eERIQA2,Status,New,Lost
2026-08-20T08:32:15.000Z,00QP500000rWuJvMAK,NL,0127Q000000upr9QAA,Status,Follow-up,Mailjourney
2026-08-20T08:30:05.000Z,00QQD00000cI6Yw2AK,NL,0127Q000000upr9QAA,Status,Follow-up,Mailjourney
2026-08-20T08:30:02.000Z,00QP500000qIExqMAG,BE,0127Q000000eERIQA2,Status,Follow-up,Mailjourney
2026-08-20T08:28:44.000Z,00QQD00000aTfvt2AC,NL,0127Q000000upr9QAA,Status,Follow-up,Lost
2026-08-20T08:28:07.000Z,00QP500000slkbOMAQ,BE,0127Q000000eERIQA2,Status,Not reached,Mailjourney
2026-08-20T08:25:48.000Z,00QP500000rnPpzMAE,NL,0127Q000000upr9QAA,Status,New,Appointment
2026-08-20T08:25:14.000Z,00QP500000qPEJaMAO,NL,0127Q000000upr9QAA,Status,Follow-up,Mailjourney
2026-08-20T08:24:48.000Z,00QP500000smXqbMAE,NL,0127Q000000upr9QAA,Status,New,Appointment
2026-08-20T08:24:24.000Z,00QP500000rSeQbMAK,NL,0127Q000000upr9QAA,Status,Follow-up,Mailjourney
2026-08-20T08:23:22.000Z,00QP500000sYrPPMA0,BE,0127Q000000eERIQA2,Status,Mailjourney,Re-entered - Phone Number Changed
2026-08-20T08:22:51.000Z,00QP500000s1XVtMAM,NL,0127Q000000upr9QAA,Status,Follow-up,Mailjourney
2026-08-20T08:21:23.000Z,00QP500000sglt5MAA,BE,0127Q000000eERIQA2,Status,Not reached,Follow-up
2026-08-20T08:20:10.000Z,00QQD00000APx9V2AT,NL,0127Q000000upr9QAA,Status,Not reached,Mailjourney
2026-08-20T08:19:49.000Z,00QP500000s0JLMMA2,NL,0127Q000000upr9QAA,Status,Follow-up,Mailjourney
2026-08-20T08:18:48.000Z,00QP500000rR3T8MAK,NL,0127Q000000upr9QAA,Status,Follow-up,Not Qualified
2026-08-20T08:18:44.000Z,00QP500000sflWvMAI,NL,0127Q000000upr9QAA,Status,Not reached,Brochure
2026-08-20T08:18:31.000Z,00QQD00000bSx1V2AS,BE,0127Q000000eERIQA2,Status,Re-entered,Mailjourney
2026-08-20T08:16:48.000Z,00QP500000rFHlIMAW,NL,0127Q000000upr9QAA,Status,Follow-up,Mailjourney
2026-08-20T08:15:25.000Z,00QQD00000YxEcr2AF,NL,0127Q000000upr9QAA,Status,Follow-up,Mailjourney
2026-08-20T08:15:03.000Z,00QP500000sNk1RMAS,BE,0127Q000000eERIQA2,Status,Not reached,Mailjourney
2026-08-20T08:14:59.000Z,00QP500000sStcAMAS,BE,0127Q000000eERIQA2,Status,Follow-up,Not reached
2026-08-20T08:14:36.000Z,00QP500000sNeIdMAK,BE,0127Q000000eERIQA2,Status,Not reached,Mailjourney
2026-08-20T08:14:28.000Z,00QP500000rljciMAA,NL,0127Q000000upr9QAA,Status,Follow-up,Mailjourney
2026-08-20T08:14:07.000Z,00QP500000sNWhjMAG,BE,0127Q000000eERIQA2,Status,Not reached,Mailjourney
2026-08-20T08:13:41.000Z,00QP500000sNLHbMAO,BE,0127Q000000eERIQA2,Status,Not reached,Mailjourney
2026-08-20T08:12:29.000Z,00QP500000sL7iYMAS,BE,0127Q000000eERIQA2,Status,Not reached,Mailjourney
2026-08-20T08:10:25.000Z,00QP500000ra4Y1MAI,BE,0127Q000000eERIQA2,Status,Follow-up,Lost
2026-08-20T08:09:42.000Z,00QQD00000AQ9xj2AD,NL,0127Q000000upr9QAA,Status,Re-entered,Not reached
2026-08-20T08:09:35.000Z,00QP500000shiWbMAI,NL,0127Q000000upr9QAA,Status,Not reached,Brochure
2026-08-20T08:09:14.000Z,00QP500000slWyDMAU,BE,0127Q000000eERIQA2,Status,New,Not reached
2026-08-20T08:06:52.000Z,00QP500000sbgduMAA,BE,0127Q000000eERIQA2,Status,Not reached,Mailjourney
2026-08-20T08:06:38.000Z,00QP500000skZjdMAE,NL,0127Q000000upr9QAA,Status,New,Not reached
2026-08-20T08:06:14.000Z,00QP500000sR087MAC,BE,0127Q000000eERIQA2,Status,Not reached,Mailjourney
2026-08-20T08:05:06.000Z,00QQD00000ZGwTZ2A1,BE,0127Q000000eERIQA2,Status,Converted Old SF,Re-entered
2026-08-20T08:04:17.000Z,00QQD00000ATDFR2A5,NL,0127Q000000upr9QAA,Status,Re-entered,Not reached
2026-08-20T08:03:30.000Z,00QP500000smFFOMA2,NL,0127Q000000upr9QAA,Status,New,Brochure
2026-08-20T08:02:55.000Z,00QP500000slWlNMAU,NL,0127Q000000upr9QAA,Status,New,Appointment
2026-08-20T08:01:42.000Z,00QP500000skiYPMAY,BE,0127Q000000eERIQA2,Status,New,Mailjourney
2026-08-20T08:01:19.000Z,00QP500000skBhKMAU,BE,0127Q000000eERIQA2,Status,New,Mailjourney
2026-08-20T08:00:52.000Z,00QP500000skT6LMAU,BE,0127Q000000eERIQA2,Status,New,Mailjourney
2026-08-20T07:57:58.000Z,00QP500000slbGNMAY,NL,0127Q000000upr9QAA,Status,New,Appointment
2026-08-20T07:56:45.000Z,00QP500000sjYhcMAE,BE,0127Q000000eERIQA2,Status,Not reached,Appointment
2026-08-20T07:55:42.000Z,00QP500000sjUAvMAM,NL,0127Q000000upr9QAA,Status,Not reached,Mailjourney
2026-08-20T07:55:24.000Z,00QP500000sltYDMAY,NL,0127Q000000upr9QAA,Status,New,Lost
2026-08-20T07:55:19.000Z,00QP500000qHePqMAK,BE,0127Q000000eERIQA2,Status,Follow-up,Lost
2026-08-20T07:55:14.000Z,00QP500000snrKEMAY,BE,0127Q000000eERIQA2,Status,New,Appointment
2026-08-20T07:54:54.000Z,00QP500000sneGZMAY,NL,0127Q000000upr9QAA,Status,Mailjourney,Re-entered
2026-08-20T07:54:08.000Z,00QP500000sfNftMAE,NL,0127Q000000upr9QAA,Status,Not reached,Not Qualified
2026-08-20T07:52:23.000Z,00QP500000sltYFMAY,NL,0127Q000000upr9QAA,Status,New,Not reached
2026-08-20T07:51:54.000Z,00QP500000skXebMAE,NL,0127Q000000upr9QAA,Status,New,Not reached
2026-08-20T07:51:52.000Z,00QP500000snsmXMAQ,NL,0127Q000000upr9QAA,Status,New,Appointment
2026-08-20T07:51:27.000Z,00QP500000sKjOUMA0,NL,0127Q000000upr9QAA,Status,Follow-up,Mailjourney
2026-08-20T07:51:08.000Z,00QP500000slkWbMAI,NL,0127Q000000upr9QAA,Status,New,Not Qualified
2026-08-20T07:50:50.000Z,00QP500000slpBFMAY,NL,0127Q000000upr9QAA,Status,New,Not reached
2026-08-20T07:50:02.000Z,00QQD00000WvSGU2A3,NL,0127Q000000upr9QAA,Status,Not reached,Lost
2026-08-20T07:49:34.000Z,00QP500000slGTdMAM,NL,0127Q000000upr9QAA,Status,New,Not reached
2026-08-20T07:49:10.000Z,00QQD00000WvSGU2A3,NL,0127Q000000upr9QAA,Status,Re-entered,Not reached
2026-08-20T07:48:01.000Z,00QP500000shkIGMAY,BE,0127Q000000eERIQA2,Status,Not reached,Mailjourney
2026-08-20T07:47:12.000Z,00QQD00000FWcXl2AL,NL,0127Q000000upr9QAA,Status,Re-entered,Not reached
2026-08-20T07:46:19.000Z,00QP500000sjYhcMAE,BE,0127Q000000eERIQA2,Status,Not Qualified,Not reached
2026-08-20T07:46:01.000Z,00QP500000rqSLAMA2,NL,0127Q000000upr9QAA,Status,Follow-up,Mailjourney
2026-08-20T07:45:48.000Z,00QP500000slc9IMAQ,NL,0127Q000000upr9QAA,Status,New,Not reached
2026-08-20T07:43:56.000Z,00QP500000snkQnMAI,BE,0127Q000000eERIQA2,Status,New,Not reached
2026-08-20T07:42:26.000Z,00QP500000sn3iQMAQ,BE,0127Q000000eERIQA2,Status,New,Not reached
2026-08-20T07:41:55.000Z,00QP500000sgG7hMAE,BE,0127Q000000eERIQA2,Status,Not reached,Appointment
2026-08-20T07:41:02.000Z,00QP500000skYioMAE,NL,0127Q000000upr9QAA,Status,New,Not reached
2026-08-20T07:40:53.000Z,00QP500000sk377MAA,BE,0127Q000000eERIQA2,Status,New,Not reached
2026-08-20T07:40:21.000Z,00QP500000slkbOMAQ,BE,0127Q000000eERIQA2,Status,New,Not reached
2026-08-20T07:38:34.000Z,00QP500000skrwkMAA,NL,0127Q000000upr9QAA,Status,New,Not reached
2026-08-20T07:35:54.000Z,00QP500000sikXwMAI,NL,0127Q000000upr9QAA,Status,Not reached,Follow-up
2026-08-20T07:34:25.000Z,00QP500000smoeXMAQ,NL,0127Q000000upr9QAA,Status,New,Not reached
2026-08-20T07:32:41.000Z,00QP500000slQMYMA2,NL,0127Q000000upr9QAA,Status,New,Not Qualified
2026-08-20T07:30:05.000Z,00QP500000slRs7MAE,NL,0127Q000000upr9QAA,Status,New,Not reached
2026-08-20T07:29:23.000Z,00QP500000smp17MAA,NL,0127Q000000upr9QAA,Status,New,Not reached
2026-08-20T07:24:25.000Z,00QP500000sndifMAA,BE,0127Q000000eERIQA2,Status,New,Appointment
2026-08-20T07:15:29.000Z,00QP500000saeCjMAI,BE,0127Q000000eERIQA2,Status,Not reached,Mailjourney
2026-08-20T07:14:55.000Z,00QP500000sjY4vMAE,BE,0127Q000000eERIQA2,Status,New,Appointment
2026-08-20T07:13:34.000Z,00QP500000skLFIMA2,BE,0127Q000000eERIQA2,Status,New,Not reached
2026-08-20T07:13:06.000Z,00QP500000sYrPPMA0,BE,0127Q000000eERIQA2,Status,Not reached,Mailjourney
2026-08-20T07:12:22.000Z,00QP500000slfwhMAA,BE,0127Q000000eERIQA2,Status,New,Not reached
2026-08-20T07:10:07.000Z,00QP500000smDWxMAM,BE,0127Q000000eERIQA2,Status,New,Not Qualified
2026-08-20T07:10:00.000Z,00QP500000sjtShMAI,BE,0127Q000000eERIQA2,Status,New,Not reached
2026-08-20T07:07:11.000Z,00QP500000sjYhcMAE,BE,0127Q000000eERIQA2,Status,New,Not Qualified
2026-08-20T07:07:08.000Z,00QQD00000FWcXl2AL,NL,0127Q000000upr9QAA,Status,Mailjourney,Re-entered
2026-08-20T07:06:03.000Z,00QP500000slpmLMAQ,BE,0127Q000000eERIQA2,Status,New,Not reached
2026-08-20T07:04:03.000Z,00QP500000skNx0MAE,BE,0127Q000000eERIQA2,Status,New,Mailjourney
2026-08-20T06:46:32.000Z,00QP500000qLL3ZMAW,BE,0127Q000000eERIQA2,Status,Re-entered,Mailjourney
2026-08-20T06:46:29.000Z,00QP500000sjcBiMAI,BE,0127Q000000eERIQA2,Status,Not reached,Appointment
2026-08-20T06:45:36.000Z,00QP500000siuSSMAY,NL,0127Q000000upr9QAA,Status,Not Qualified,Appointment
2026-08-20T06:44:51.000Z,00QP500000sltYEMAY,BE,0127Q000000eERIQA2,Status,New,Not Qualified
2026-08-20T06:43:09.000Z,00QP500000sjjQ7MAI,BE,0127Q000000eERIQA2,Status,New,Not Qualified
2026-08-20T06:40:00.000Z,00QQD00000bSx1V2AS,BE,0127Q000000eERIQA2,Status,Mailjourney,Re-entered
2026-08-20T06:30:27.000Z,00QP500000shDHWMA2,NL,0127Q000000upr9QAA,Status,Not reached,Lost
2026-08-20T06:13:15.000Z,00QP500000skRKfMAM,BE,0127Q000000eERIQA2,Status,New,Appointment
2026-08-20T06:08:58.000Z,00QP500000sKctFMAS,BE,0127Q000000eERIQA2,Status,Follow-up,Appointment
2026-08-20T06:03:33.000Z,00QP500000siXNpMAM,BE,0127Q000000eERIQA2,Status,Not reached,Appointment
2026-08-20T06:02:53.000Z,00QP500000s5m3QMAQ,FR,012QD000002ylXZYAY,Status,New,Mailjourney
2026-08-20T06:02:53.000Z,00QP500000s5m3KMAQ,FR,012QD000002ylXZYAY,Status,New,Mailjourney
2026-08-20T06:02:53.000Z,00QP500000s5m3RMAQ,FR,012QD000002ylXZYAY,Status,New,Mailjourney
2026-08-20T06:02:53.000Z,00QQD00000ZGNxK2AX,IT,012QD000002ylcPYAQ,Status,Mailjourney,Re-entered
2026-08-19T20:12:56.000Z,00QQD00000ATDFR2A5,NL,0127Q000000upr9QAA,Status,Lost,Re-entered
2026-08-19T17:32:53.000Z,00QQD00000AQ9xj2AD,NL,0127Q000000upr9QAA,Status,Mailjourney,Re-entered
2026-08-19T16:12:50.000Z,00QQD00000AQAnk2AH,NL,0127Q000000upr9QAA,Status,Not Qualified,Re-entered
2026-08-19T15:47:07.000Z,00QQD00000WvSGU2A3,NL,0127Q000000upr9QAA,Status,Not Qualified,Re-entered
2026-08-19T15:16:48.000Z,00QP500000sQCssMAG,BE,0127Q000000eERIQA2,Status,Follow-up,Lost
2026-08-19T14:58:00.000Z,00QP500000siXNpMAM,BE,0127Q000000eERIQA2,Status,New,Not reached
2026-08-19T14:56:23.000Z,00QP500000skNvNMAU,NL,0127Q000000upr9QAA,Status,New,Not Qualified
2026-08-19T14:51:40.000Z,00QP500000sjBd2MAE,NL,0127Q000000upr9QAA,Status,New,Follow-up
2026-08-19T14:46:53.000Z,00QP500000siuSSMAY,NL,0127Q000000upr9QAA,Status,New,Not Qualified
2026-08-19T14:46:50.000Z,00QP500000qLL3ZMAW,BE,0127Q000000eERIQA2,Status,Mailjourney,Re-entered
2026-08-19T14:41:54.000Z,00QP500000sk8OTMAY,NL,0127Q000000upr9QAA,Status,New,Appointment
2026-08-19T14:39:28.000Z,00QP500000sjj9zMAA,BE,0127Q000000eERIQA2,Status,New,Not Qualified
2026-08-19T14:39:02.000Z,00QP500000sStcAMAS,BE,0127Q000000eERIQA2,Status,Mailjourney,Follow-up
2026-08-19T14:37:31.000Z,00QQD00000IlSjF2AV,NL,0127Q000000upr9QAA,Status,Re-entered,Not Qualified
2026-08-19T14:36:53.000Z,00QP500000rvTJjMAM,NL,0127Q000000upr9QAA,Status,Re-entered - Phone Number Changed,Appointment
2026-08-19T14:30:34.000Z,00QP500000sMLpyMAG,NL,0127Q000000upr9QAA,Status,Re-entered,Mailjourney
2026-08-19T14:30:19.000Z,00QQD00000dTlLG2A0,NL,0127Q000000upr9QAA,Status,Follow-up,Lost
2026-08-19T14:28:20.000Z,00QP500000s9cOjMAI,NL,0127Q000000upr9QAA,Status,Follow-up,Lost
2026-08-19T14:24:27.000Z,00QP500000sMLpyMAG,NL,0127Q000000upr9QAA,Status,Mailjourney,Re-entered
2026-08-19T14:24:11.000Z,00QP500000rdMN8MAM,NL,0127Q000000upr9QAA,Status,Follow-up,Lost
2026-08-19T14:20:57.000Z,00QQD00000AQ0KZ2A1,NL,0127Q000000upr9QAA,Status,Re-entered,Follow-up
2026-08-19T14:20:43.000Z,00QP500000rVX65MAG,NL,0127Q000000upr9QAA,Status,Follow-up,Lost
2026-08-19T14:18:47.000Z,00QP500000qbS7TMAU,NL,0127Q000000upr9QAA,Status,Follow-up,Mailjourney
2026-08-19T14:16:58.000Z,00QP500000rcTnJMAU,NL,0127Q000000upr9QAA,Status,Re-entered,Not Qualified
2026-08-19T14:11:52.000Z,00QP500000sjcBiMAI,BE,0127Q000000eERIQA2,Status,New,Not reached
2026-08-19T14:11:03.000Z,00QP500000sj1LrMAI,NL,0127Q000000upr9QAA,Status,New,Follow-up
2026-08-19T14:10:56.000Z,00QP500000skADNMA2,BE,0127Q000000eERIQA2,Status,New,Follow-up
2026-08-19T14:10:01.000Z,00QP500000sj9rHMAQ,BE,0127Q000000eERIQA2,Status,New,Not reached
2026-08-19T14:08:59.000Z,00QP500000rcTnJMAU,NL,0127Q000000upr9QAA,Status,Not Qualified,Re-entered
2026-08-19T14:07:32.000Z,00QQD00000djYrt2AE,NL,0127Q000000upr9QAA,Status,Follow-up,Mailjourney
2026-08-19T14:06:06.000Z,00QQD00000APzsn2AD,NL,0127Q000000upr9QAA,Status,Follow-up,Mailjourney
2026-08-19T14:05:06.000Z,00QP500000sjoOAMAY,BE,0127Q000000eERIQA2,Status,New,Not reached
2026-08-19T14:03:47.000Z,00QP500000r7MGbMAM,NL,0127Q000000upr9QAA,Status,Follow-up,Mailjourney
2026-08-19T14:03:47.000Z,00QP500000sjNB4MAM,BE,0127Q000000eERIQA2,Status,New,Follow-up
2026-08-19T14:02:26.000Z,00QP500000qTBwbMAG,NL,0127Q000000upr9QAA,Status,Follow-up,Mailjourney
2026-08-19T14:02:12.000Z,00QP500000rvTJjMAM,NL,0127Q000000upr9QAA,Status,Mailjourney,Re-entered - Phone Number Changed
2026-08-19T14:01:10.000Z,00QP500000sifZqMAI,BE,0127Q000000eERIQA2,Status,New,Not Qualified
2026-08-19T14:00:31.000Z,00QP500000q0G5FMAU,NL,0127Q000000upr9QAA,Status,Follow-up,Lost
2026-08-19T13:58:41.000Z,00QP500000sgzHkMAI,NL,0127Q000000upr9QAA,Status,Brochure,Follow-up
2026-08-19T13:58:41.000Z,00QP500000sb6P7MAI,NL,0127Q000000upr9QAA,Status,Brochure,Follow-up
2026-08-19T13:58:41.000Z,00QP500000saBAkMAM,NL,0127Q000000upr9QAA,Status,Brochure,Follow-up
2026-08-19T13:58:41.000Z,00QP500000sgT6YMAU,NL,0127Q000000upr9QAA,Status,Brochure,Follow-up
2026-08-19T13:53:45.000Z,00QQD00000ZGvbv2AD,BE,0127Q000000eERIQA2,Status,Follow-up,Appointment
2026-08-19T13:46:43.000Z,00QQD00000VB4GA2A1,NL,0127Q000000upr9QAA,Status,Re-entered,Appointment
2026-08-19T13:39:24.000Z,00QP500000siqn1MAA,NL,0127Q000000upr9QAA,Status,New,Lost
2026-08-19T13:37:19.000Z,00QP500000shvbuMAA,BE,0127Q000000eERIQA2,Status,New,Appointment
2026-08-19T13:37:04.000Z,00QQD00000AQLrP2AX,NL,0127Q000000upr9QAA,Status,Re-entered,Mailjourney
2026-08-19T13:35:15.000Z,00QP500000sjgGzMAI,NL,0127Q000000upr9QAA,Status,New,Mailjourney
2026-08-19T13:26:54.000Z,00QQD00000VB4GA2A1,NL,0127Q000000upr9QAA,Status,Mailjourney,Re-entered
2026-08-19T13:25:01.000Z,00QP500000sixdGMAQ,BE,0127Q000000eERIQA2,Status,New,Follow-up
2026-08-19T13:23:39.000Z,00QP500000sKqurMAC,NL,0127Q000000upr9QAA,Status,Follow-up,Mailjourney
2026-08-19T13:18:47.000Z,00QQD00000AQ0KZ2A1,NL,0127Q000000upr9QAA,Status,Mailjourney,Re-entered
2026-08-19T13:16:21.000Z,00QP500000scfCjMAI,BE,0127Q000000eERIQA2,Status,Not reached,Not Qualified
2026-08-19T13:16:10.000Z,00QQD00000ZGlef2AD,BE,0127Q000000eERIQA2,Status,Follow-up,Appointment
2026-08-19T13:11:51.000Z,00QQD00000AQLrP2AX,NL,0127Q000000upr9QAA,Status,Mailjourney,Re-entered
2026-08-19T13:00:18.000Z,00QP500000sjUAvMAM,NL,0127Q000000upr9QAA,Status,New,Not reached
2026-08-19T12:58:14.000Z,00QP500000sj2jMMAQ,NL,0127Q000000upr9QAA,Status,New,Follow-up
2026-08-19T12:55:52.000Z,00QP500000sjM0TMAU,NL,0127Q000000upr9QAA,Status,New,Mailjourney
2026-08-19T12:52:26.000Z,00QP500000sdQd6MAE,NL,0127Q000000upr9QAA,Status,Not reached,Follow-up
2026-08-19T12:51:06.000Z,00QQD00000IlSjF2AV,NL,0127Q000000upr9QAA,Status,Mailjourney,Re-entered
2026-08-19T12:48:51.000Z,00QP500000sVXyUMAW,NL,0127Q000000upr9QAA,Status,Not reached,Lost
2026-08-19T12:46:58.000Z,00QP500000sVLIpMAO,BE,0127Q000000eERIQA2,Status,Not reached,Mailjourney
2026-08-19T12:46:18.000Z,00QP500000sjM0UMAU,BE,0127Q000000eERIQA2,Status,New,Follow-up
2026-08-19T12:43:06.000Z,00QP500000sfnTtMAI,NL,0127Q000000upr9QAA,Status,Not reached,Appointment
2026-08-19T12:41:12.000Z,00QQD00000AQ4O92AL,NL,0127Q000000upr9QAA,Status,Re-entered,Not Qualified
2026-08-19T12:32:46.000Z,00QP500000sc0WEMAY,NL,0127Q000000upr9QAA,Status,Not reached,Follow-up
2026-08-19T12:29:32.000Z,00QP500000sj8GrMAI,NL,0127Q000000upr9QAA,Status,New,Not reached
2026-08-19T12:27:44.000Z,00QP500000si6p5MAA,NL,0127Q000000upr9QAA,Status,New,Follow-up
2026-08-19T12:27:12.000Z,00QP500000shiWbMAI,NL,0127Q000000upr9QAA,Status,New,Not reached
2026-08-19T12:17:34.000Z,00QP500000sZ7nWMAS,NL,0127Q000000upr9QAA,Status,Not reached,Follow-up
2026-08-19T12:16:42.000Z,00QQD00000AQarf2AD,NL,0127Q000000upr9QAA,Status,Mailjourney,Appointment
2026-08-19T12:14:29.000Z,00QP500000sfuVQMAY,NL,0127Q000000upr9QAA,Status,Not reached,Follow-up
2026-08-19T12:13:05.000Z,00QP500000rvK5AMAU,NL,0127Q000000upr9QAA,Status,Not reached,Lost
2026-08-19T12:10:20.000Z,00QP500000rY2k2MAC,BE,0127Q000000eERIQA2,Status,Follow-up,Mailjourney
2026-08-19T12:09:33.000Z,00QP500000siq3qMAA,BE,0127Q000000eERIQA2,Status,Not reached,Not Qualified
2026-08-19T12:08:53.000Z,00QP500000siAPcMAM,BE,0127Q000000eERIQA2,Status,New,Follow-up
2026-08-19T12:02:33.000Z,00QQD00000APx9V2AT,NL,0127Q000000upr9QAA,Status,Re-entered,Not reached
2026-08-19T12:01:27.000Z,00QP500000sgEIoMAM,NL,0127Q000000upr9QAA,Status,Follow-up,Appointment
2026-08-19T11:57:42.000Z,00QP500000siq3pMAA,BE,0127Q000000eERIQA2,Status,New,Follow-up
2026-08-19T11:57:37.000Z,00QP500000sbXfRMAU,NL,0127Q000000upr9QAA,Status,Not reached,Follow-up
2026-08-19T11:57:22.000Z,00QP500000siwE7MAI,NL,0127Q000000upr9QAA,Status,New,Appointment
2026-08-19T11:54:30.000Z,00QP500000shLDOMA2,NL,0127Q000000upr9QAA,Status,Not reached,Mailjourney
2026-08-19T11:54:28.000Z,00QP500000sgT6YMAU,NL,0127Q000000upr9QAA,Status,Not reached,Brochure
2026-08-19T11:48:14.000Z,00QP500000rr8SNMAY,BE,0127Q000000eERIQA2,Status,Follow-up,Lost
2026-08-19T11:47:28.000Z,00QP500000sblTtMAI,NL,0127Q000000upr9QAA,Status,Not reached,Not Qualified
2026-08-19T11:46:09.000Z,00QP500000sit6YMAQ,NL,0127Q000000upr9QAA,Status,New,Appointment
2026-08-19T11:45:57.000Z,00QP500000roq3JMAQ,BE,0127Q000000eERIQA2,Status,Follow-up,Mailjourney
2026-08-19T11:45:11.000Z,00QP500000ronn1MAA,BE,0127Q000000eERIQA2,Status,Follow-up,Mailjourney
2026-08-19T11:44:04.000Z,00QP500000rk4OfMAI,BE,0127Q000000eERIQA2,Status,Follow-up,Mailjourney
2026-08-19T11:41:58.000Z,00QP500000sg5c6MAA,NL,0127Q000000upr9QAA,Status,Not reached,Follow-up
2026-08-19T11:41:41.000Z,00QP500000sZuEkMAK,NL,0127Q000000upr9QAA,Status,Not reached,Follow-up
2026-08-19T11:41:15.000Z,00QP500000rk3nbMAA,BE,0127Q000000eERIQA2,Status,Follow-up,Mailjourney
2026-08-19T11:38:55.000Z,00QP500000sb6P7MAI,NL,0127Q000000upr9QAA,Status,Not reached,Brochure
2026-08-19T11:38:05.000Z,00QP500000sTcUfMAK,NL,0127Q000000upr9QAA,Status,Follow-up,Lost
2026-08-19T11:37:41.000Z,00QP500000saBAkMAM,NL,0127Q000000upr9QAA,Status,Not reached,Brochure
2026-08-19T11:36:50.000Z,00QP500000sf1gzMAA,NL,0127Q000000upr9QAA,Status,Not reached,Follow-up
2026-08-19T11:36:28.000Z,00QP500000s3qFyMAI,BE,0127Q000000eERIQA2,Status,Follow-up,Appointment
2026-08-19T11:35:49.000Z,00QQD00000APx9V2AT,NL,0127Q000000upr9QAA,Status,Lost,Re-entered
2026-08-19T11:35:30.000Z,00QP500000sZsxjMAC,BE,0127Q000000eERIQA2,Status,Not reached,Follow-up
2026-08-19T11:34:10.000Z,00QQD00000AQ4O92AL,NL,0127Q000000upr9QAA,Status,Lost,Re-entered
2026-08-19T11:33:20.000Z,00QP500000sTcUfMAK,NL,0127Q000000upr9QAA,Status,Not reached,Follow-up
2026-08-19T11:31:22.000Z,00QP500000sikXwMAI,NL,0127Q000000upr9QAA,Status,New,Not reached
2026-08-19T11:31:15.000Z,00QP500000sihF3MAI,NL,0127Q000000upr9QAA,Status,New,Follow-up
2026-08-19T11:30:53.000Z,00QP500000siq3qMAA,BE,0127Q000000eERIQA2,Status,New,Not reached
2026-08-19T11:30:09.000Z,00QP500000shVj2MAE,NL,0127Q000000upr9QAA,Status,New,Follow-up
2026-08-19T11:29:26.000Z,00QP500000sigcLMAQ,BE,0127Q000000eERIQA2,Status,New,Not reached
2026-08-19T11:27:39.000Z,00QP500000rO8NkMAK,BE,0127Q000000eERIQA2,Status,Follow-up,Mailjourney
2026-08-19T11:26:20.000Z,00QP500000shNSAMA2,BE,0127Q000000eERIQA2,Status,New,Not reached
2026-08-19T11:25:48.000Z,00QQD00000bSx1V2AS,BE,0127Q000000eERIQA2,Status,Re-entered,Mailjourney
2026-08-19T11:25:09.000Z,00QP500000siciPMAQ,NL,0127Q000000upr9QAA,Status,New,Follow-up
2026-08-19T11:24:19.000Z,00QP500000sig2rMAA,NL,0127Q000000upr9QAA,Status,New,Mailjourney
2026-08-19T11:23:34.000Z,00QP500000shkIGMAY,BE,0127Q000000eERIQA2,Status,New,Not reached
2026-08-19T11:21:28.000Z,00QP500000si1MMMAY,NL,0127Q000000upr9QAA,Status,New,Follow-up
2026-08-19T11:15:15.000Z,00QP500000shdiFMAQ,BE,0127Q000000eERIQA2,Status,Not reached,Not Qualified
2026-08-19T11:10:47.000Z,00QP500000siaqHMAQ,NL,0127Q000000upr9QAA,Status,New,Appointment
2026-08-19T11:08:36.000Z,00QP500000shRDCMA2,NL,0127Q000000upr9QAA,Status,New,Follow-up
2026-08-19T10:39:38.000Z,00QP500000shcxNMAQ,BE,0127Q000000eERIQA2,Status,Not reached,Follow-up
2026-08-19T10:38:27.000Z,00QP500000shkIFMAY,BE,0127Q000000eERIQA2,Status,New,Mailjourney
2026-08-19T10:37:19.000Z,00QP500000r8WfMMAU,NL,0127Q000000upr9QAA,Status,Mailjourney,Appointment
2026-08-19T10:36:39.000Z,00QP500000siC81MAE,BE,0127Q000000eERIQA2,Status,New,Mailjourney
2026-08-19T10:27:49.000Z,00QQD00000bPj332AC,NL,0127Q000000upr9QAA,Status,Follow-up,Lost
2026-08-19T10:26:14.000Z,00QP500000si8PNMAY,BE,0127Q000000eERIQA2,Status,Not reached,Appointment
2026-08-19T10:24:06.000Z,00QQD00000AQarf2AD,NL,0127Q000000upr9QAA,Status,Follow-up,Mailjourney
2026-08-19T10:13:19.000Z,00QP500000si12wMAA,NL,0127Q000000upr9QAA,Status,New,Not reached
2026-08-19T10:12:59.000Z,00QP500000shrhtMAA,NL,0127Q000000upr9QAA,Status,New,Appointment
2026-08-19T10:12:48.000Z,00QP500000shcxNMAQ,BE,0127Q000000eERIQA2,Status,New,Not reached
2026-08-19T10:10:36.000Z,00QP500000si8PNMAY,BE,0127Q000000eERIQA2,Status,New,Not reached
2026-08-19T10:09:51.000Z,00QP500000shT67MAE,BE,0127Q000000eERIQA2,Status,New,Not reached
2026-08-19T10:09:21.000Z,00QP500000shdiFMAQ,BE,0127Q000000eERIQA2,Status,New,Not reached
2026-08-19T10:07:36.000Z,00QP500000sh5bgMAA,BE,0127Q000000eERIQA2,Status,Not reached,Mailjourney
2026-08-19T10:07:03.000Z,00QP500000qepAnMAI,NL,0127Q000000upr9QAA,Status,Follow-up,Lost
2026-08-19T10:03:44.000Z,00QP500000shDHWMA2,NL,0127Q000000upr9QAA,Status,New,Not reached
2026-08-19T10:00:53.000Z,00QP500000sbgxFMAQ,NL,0127Q000000upr9QAA,Status,Not reached,Follow-up
2026-08-19T10:00:32.000Z,00QQD00000AQPtl2AH,NL,0127Q000000upr9QAA,Status,Follow-up,Mailjourney
2026-08-19T09:58:16.000Z,00QP500000sZV5HMAW,NL,0127Q000000upr9QAA,Status,Not reached,Not Qualified
2026-08-19T09:56:05.000Z,00QP500000sZtvNMAS,NL,0127Q000000upr9QAA,Status,Not reached,Follow-up
2026-08-19T09:55:48.000Z,00QP500000rnGRjMAM,NL,0127Q000000upr9QAA,Status,Follow-up,Mailjourney
2026-08-19T09:54:40.000Z,00QP500000rflivMAA,NL,0127Q000000upr9QAA,Status,Follow-up,Mailjourney
2026-08-19T09:54:36.000Z,00QP500000sh5bgMAA,BE,0127Q000000eERIQA2,Status,New,Not reached
2026-08-19T09:53:43.000Z,00QP500000sWsqzMAC,NL,0127Q000000upr9QAA,Status,Not reached,Lost
2026-08-19T09:51:59.000Z,00QP500000sF7QKMA0,NL,0127Q000000upr9QAA,Status,Re-entered,Lost
2026-08-19T09:51:29.000Z,00QQD00000Xnc172AB,NL,0127Q000000upr9QAA,Status,Follow-up,Mailjourney
2026-08-19T09:48:08.000Z,00QP500000sRQ2XMAW,NL,0127Q000000upr9QAA,Status,Not reached,Follow-up
2026-08-19T09:47:02.000Z,00QP500000sgiLlMAI,NL,0127Q000000upr9QAA,Status,New,Appointment
2026-08-19T09:47:00.000Z,00QP500000sWYHEMA4,NL,0127Q000000upr9QAA,Status,Not reached,Follow-up
2026-08-19T09:46:47.000Z,00QP500000sEKfmMAG,NL,0127Q000000upr9QAA,Status,Follow-up,Mailjourney
2026-08-19T09:46:06.000Z,00QP500000shT69MAE,BE,0127Q000000eERIQA2,Status,New,Not Qualified
2026-08-19T09:44:56.000Z,00QP500000rvK5AMAU,NL,0127Q000000upr9QAA,Status,Re-entered,Not reached
2026-08-19T09:40:56.000Z,00QQD00000AQLKF2A5,NL,0127Q000000upr9QAA,Status,Re-entered,Appointment
2026-08-19T09:40:19.000Z,00QP500000shLDOMA2,NL,0127Q000000upr9QAA,Status,New,Not reached
2026-08-19T09:38:23.000Z,00QQD00000aqbZp2AI,NL,0127Q000000upr9QAA,Status,Mailjourney,Appointment
2026-08-19T09:36:48.000Z,00QP500000sh1Y5MAI,BE,0127Q000000eERIQA2,Status,New,Appointment
2026-08-19T09:35:53.000Z,00QQD00000APyCC2A1,NL,0127Q000000upr9QAA,Status,Re-entered,Appointment
2026-08-19T09:32:29.000Z,00QP500000s9NazMAE,NL,0127Q000000upr9QAA,Status,Follow-up,Mailjourney
2026-08-19T09:31:13.000Z,00QP500000sgzHkMAI,NL,0127Q000000upr9QAA,Status,New,Brochure
2026-08-19T09:30:49.000Z,00QQD00000APyCC2A1,NL,0127Q000000upr9QAA,Status,Mailjourney,Re-entered
2026-08-19T09:29:05.000Z,00QP500000ryv3JMAQ,NL,0127Q000000upr9QAA,Status,Follow-up,Mailjourney
2026-08-19T09:25:34.000Z,00QP500000sakVDMAY,NL,0127Q000000upr9QAA,Status,Brochure,Follow-up
2026-08-19T09:25:34.000Z,00QP500000sb2wbMAA,NL,0127Q000000upr9QAA,Status,Brochure,Follow-up
2026-08-19T09:25:34.000Z,00QP500000sahwzMAA,NL,0127Q000000upr9QAA,Status,Brochure,Follow-up
2026-08-19T09:25:34.000Z,00QP500000sWnXxMAK,NL,0127Q000000upr9QAA,Status,Brochure,Follow-up
2026-08-19T09:25:34.000Z,00QP500000sa07KMAQ,NL,0127Q000000upr9QAA,Status,Brochure,Follow-up
2026-08-19T09:25:34.000Z,00QP500000scgTpMAI,NL,0127Q000000upr9QAA,Status,Brochure,Follow-up
2026-08-19T09:24:15.000Z,00QP500000shNAPMA2,BE,0127Q000000eERIQA2,Status,New,Appointment
2026-08-19T09:23:49.000Z,00QQD00000UMGHo2AP,NL,0127Q000000upr9QAA,Status,Follow-up,Mailjourney
2026-08-19T09:22:55.000Z,00QP500000sgT6YMAU,NL,0127Q000000upr9QAA,Status,New,Not reached
2026-08-19T09:20:51.000Z,00QQD00000dq1Hh2AI,NL,0127Q000000upr9QAA,Status,Mailjourney,Appointment
2026-08-19T09:20:41.000Z,00QP500000ruwCXMAY,NL,0127Q000000upr9QAA,Status,Follow-up,Lost
2026-08-19T09:18:49.000Z,00QP500000rvTJjMAM,NL,0127Q000000upr9QAA,Status,Follow-up,Mailjourney
2026-08-19T09:17:35.000Z,00QP500000ruwCYMAY,NL,0127Q000000upr9QAA,Status,Follow-up,Mailjourney
2026-08-19T09:15:48.000Z,00QP500000qteeoMAA,NL,0127Q000000upr9QAA,Status,Lost,Appointment
2026-08-19T09:13:54.000Z,00QP500000rqCPxMAM,NL,0127Q000000upr9QAA,Status,Follow-up,Mailjourney
2026-08-19T09:13:22.000Z,00QP500000sEBFuMAO,BE,0127Q000000eERIQA2,Status,Mailjourney,Appointment
2026-08-19T09:10:14.000Z,00QP500000rLKV5MAO,NL,0127Q000000upr9QAA,Status,Follow-up,Mailjourney
2026-08-19T09:06:49.000Z,00QP500000rY3wJMAS,NL,0127Q000000upr9QAA,Status,Follow-up,Mailjourney
2026-08-19T09:04:22.000Z,00QP500000qdU3WMAU,NL,0127Q000000upr9QAA,Status,Follow-up,Lost
2026-08-19T09:03:34.000Z,00QP500000sb3w3MAA,NL,0127Q000000upr9QAA,Status,New,Appointment
2026-08-19T08:58:36.000Z,00QP500000sglhpMAA,BE,0127Q000000eERIQA2,Status,New,Appointment
2026-08-19T08:49:01.000Z,00QP500000sguLHMAY,NL,0127Q000000upr9QAA,Status,New,Appointment
2026-08-19T08:47:45.000Z,00QQD00000ZGlef2AD,BE,0127Q000000eERIQA2,Status,Mailjourney,Follow-up
2026-08-19T08:45:12.000Z,00QP500000sgRfvMAE,BE,0127Q000000eERIQA2,Status,New,Appointment
2026-08-19T08:44:15.000Z,00QP500000sTaU2MAK,NL,0127Q000000upr9QAA,Status,Not reached,Mailjourney
2026-08-19T08:42:04.000Z,00QQD00000SZ4bh2AD,NL,0127Q000000upr9QAA,Status,Re-entered,Mailjourney
2026-08-19T08:40:01.000Z,00QP500000sgEIoMAM,NL,0127Q000000upr9QAA,Status,New,Follow-up
2026-08-19T08:38:27.000Z,00QP500000sb8M8MAI,NL,0127Q000000upr9QAA,Status,Not reached,Not Qualified
2026-08-19T08:36:27.000Z,00QQD00000bXGqI2AW,NL,0127Q000000upr9QAA,Status,Mailjourney,Appointment
2026-08-19T08:36:06.000Z,00QP500000sagHoMAI,NL,0127Q000000upr9QAA,Status,New,Appointment
2026-08-19T08:35:30.000Z,00QP500000sfNftMAE,NL,0127Q000000upr9QAA,Status,New,Not reached
2026-08-19T08:34:49.000Z,00QP500000rjRfAMAU,NL,0127Q000000upr9QAA,Status,Follow-up,Lost
2026-08-19T08:31:34.000Z,00QP500000rQjkXMAS,BE,0127Q000000eERIQA2,Status,Re-entered,Follow-up
2026-08-19T08:28:45.000Z,00QP500000sfuVQMAY,NL,0127Q000000upr9QAA,Status,New,Not reached
2026-08-19T08:28:16.000Z,00QQD00000dqZpd2AE,BE,0127Q000000eERIQA2,Status,Follow-up,Mailjourney
2026-08-19T08:26:33.000Z,00QQD00000Dmeri2AB,NL,0127Q000000upr9QAA,Status,Re-entered,Appointment
2026-08-19T08:26:32.000Z,00QP500000scohUMAQ,NL,0127Q000000upr9QAA,Status,New,Appointment
2026-08-19T08:24:07.000Z,00QQD00000ai9MH2AY,BE,0127Q000000eERIQA2,Status,Mailjourney,Follow-up
2026-08-19T08:22:34.000Z,00QP500000sbDVVMA2,NL,0127Q000000upr9QAA,Status,New,Not reached
2026-08-19T08:21:17.000Z,00QP500000sg5c6MAA,NL,0127Q000000upr9QAA,Status,New,Not reached
2026-08-19T08:19:52.000Z,00QP500000sbKYZMA2,NL,0127Q000000upr9QAA,Status,New,Not reached
2026-08-19T08:19:24.000Z,00QP500000sas9GMAQ,BE,0127Q000000eERIQA2,Status,Not reached,Not Qualified
2026-08-19T08:18:25.000Z,00QP500000sb8M8MAI,NL,0127Q000000upr9QAA,Status,New,Not reached
2026-08-19T08:16:51.000Z,00QP500000sg0aqMAA,NL,0127Q000000upr9QAA,Status,New,Appointment
2026-08-19T08:15:35.000Z,00QP500000rXRvnMAG,BE,0127Q000000eERIQA2,Status,Follow-up,Mailjourney
2026-08-19T08:15:21.000Z,00QP500000sStcAMAS,BE,0127Q000000eERIQA2,Status,Not reached,Mailjourney
2026-08-19T08:08:10.000Z,00QP500000sR91hMAC,NL,0127Q000000upr9QAA,Status,Re-entered,Appointment
2026-08-19T08:05:17.000Z,00QP500000sfnTtMAI,NL,0127Q000000upr9QAA,Status,New,Not reached
2026-08-19T08:04:42.000Z,00QP500000sZjo7MAC,NL,0127Q000000upr9QAA,Status,Not reached,Not Qualified
2026-08-19T08:04:01.000Z,00QP500000sc0WEMAY,NL,0127Q000000upr9QAA,Status,New,Not reached
2026-08-19T08:03:01.000Z,00QP500000qDc3FMAS,BE,0127Q000000eERIQA2,Status,Follow-up,Mailjourney
2026-08-19T08:02:54.000Z,00QQD00000Dmeri2AB,NL,0127Q000000upr9QAA,Status,Mailjourney,Re-entered
2026-08-19T08:01:43.000Z,00QP500000scNSlMAM,BE,0127Q000000eERIQA2,Status,Not reached,Mailjourney
2026-08-19T08:01:02.000Z,00QQD00000bSx1V2AS,BE,0127Q000000eERIQA2,Status,Mailjourney,Re-entered
2026-08-19T07:59:58.000Z,00QP500000scMwWMAU,NL,0127Q000000upr9QAA,Status,New,Appointment
2026-08-19T07:59:15.000Z,00QP500000sU6m7MAC,NL,0127Q000000upr9QAA,Status,Not reached,Mailjourney
2026-08-19T07:59:04.000Z,00QP500000sM9lVMAS,BE,0127Q000000eERIQA2,Status,Not reached,Brochure
2026-08-19T07:57:49.000Z,00QP500000sGknnMAC,BE,0127Q000000eERIQA2,Status,Not reached,Mailjourney
2026-08-19T07:57:35.000Z,00QQD00000aIH7L2AW,NL,0127Q000000upr9QAA,Status,Re-entered,Lost
2026-08-19T07:55:46.000Z,00QP500000sflWvMAI,NL,0127Q000000upr9QAA,Status,New,Not reached
2026-08-19T07:53:39.000Z,00QP500000samVIMAY,NL,0127Q000000upr9QAA,Status,Not reached,Not Qualified
2026-08-19T07:53:30.000Z,00QP500000rZHttMAG,NL,0127Q000000upr9QAA,Status,Mailjourney,Appointment
2026-08-19T07:52:03.000Z,00QP500000sYrPPMA0,BE,0127Q000000eERIQA2,Status,Re-entered - Phone Number Changed,Not reached
2026-08-19T07:49:48.000Z,00QP500000sglt5MAA,BE,0127Q000000eERIQA2,Status,New,Not reached
2026-08-19T07:49:47.000Z,00QP500000scLsLMAU,NL,0127Q000000upr9QAA,Status,New,Appointment
2026-08-19T07:49:23.000Z,00QP500000sggBpMAI,BE,0127Q000000eERIQA2,Status,New,Brochure
2026-08-19T07:47:23.000Z,00QP500000sUIoVMAW,BE,0127Q000000eERIQA2,Status,Not reached,Brochure
2026-08-19T07:46:37.000Z,00QQD00000ZGmg22AD,BE,0127Q000000eERIQA2,Status,Not reached,Not Qualified
2026-08-19T07:46:29.000Z,00QP500000scgTpMAI,NL,0127Q000000upr9QAA,Status,New,Brochure
2026-08-19T07:45:48.000Z,00QQD00000AQZ2c2AH,NL,0127Q000000upr9QAA,Status,Re-entered,Not Qualified
2026-08-19T07:45:44.000Z,00QP500000sTJwFMAW,BE,0127Q000000eERIQA2,Status,Not reached,Mailjourney
2026-08-19T07:44:44.000Z,00QP500000sbyfdMAA,NL,0127Q000000upr9QAA,Status,New,Follow-up
2026-08-19T07:43:37.000Z,00QP500000sRExVMAW,BE,0127Q000000eERIQA2,Status,Not reached,Follow-up
2026-08-19T07:42:09.000Z,00QP500000sf1gzMAA,NL,0127Q000000upr9QAA,Status,New,Not reached
2026-08-19T07:40:43.000Z,00QP500000samVIMAY,NL,0127Q000000upr9QAA,Status,New,Not reached
2026-08-19T07:40:38.000Z,00QP500000sdDEVMA2,NL,0127Q000000upr9QAA,Status,New,Appointment
2026-08-19T07:38:04.000Z,00QP500000sMMPNMA4,BE,0127Q000000eERIQA2,Status,Not reached,Follow-up
2026-08-19T07:36:13.000Z,00QP500000sKhMhMAK,BE,0127Q000000eERIQA2,Status,Not reached,Mailjourney
2026-08-19T07:34:08.000Z,00QP500000sKeNEMA0,BE,0127Q000000eERIQA2,Status,Not reached,Lost
2026-08-19T07:33:56.000Z,00QP500000sNG4zMAG,BE,0127Q000000eERIQA2,Status,Not reached,Lost
2026-08-19T07:33:08.000Z,00QP500000sKctFMAS,BE,0127Q000000eERIQA2,Status,Not reached,Follow-up
2026-08-19T07:32:25.000Z,00QP500000sdQd6MAE,NL,0127Q000000upr9QAA,Status,New,Not reached
2026-08-19T07:31:21.000Z,00QP500000sKbcFMAS,BE,0127Q000000eERIQA2,Status,Not reached,Follow-up
2026-08-19T07:30:26.000Z,00QP500000rv46uMAA,NL,0127Q000000upr9QAA,Status,Follow-up,Appointment
2026-08-19T07:29:53.000Z,00QP500000sJvd7MAC,BE,0127Q000000eERIQA2,Status,Not reached,Follow-up
2026-08-19T07:29:46.000Z,00QP500000sfztHMAQ,NL,0127Q000000upr9QAA,Status,New,Appointment
2026-08-19T07:29:43.000Z,00QP500000rv46uMAA,NL,0127Q000000upr9QAA,Status,Mailjourney,Follow-up
2026-08-19T07:29:36.000Z,00QP500000scNSlMAM,BE,0127Q000000eERIQA2,Status,New,Not reached
2026-08-19T07:29:05.000Z,00QP500000scfCjMAI,BE,0127Q000000eERIQA2,Status,New,Not reached
2026-08-19T07:28:59.000Z,00QP500000sMdtFMAS,BE,0127Q000000eERIQA2,Status,Not reached,Not Qualified
2026-08-19T07:28:09.000Z,00QP500000sMZ8FMAW,BE,0127Q000000eERIQA2,Status,Not reached,Mailjourney
2026-08-19T07:27:42.000Z,00QP500000sLUFUMA4,BE,0127Q000000eERIQA2,Status,Not reached,Mailjourney
2026-08-19T07:27:09.000Z,00QQD00000cpy7V2AQ,BE,0127Q000000eERIQA2,Status,Not reached,Follow-up
2026-08-19T07:25:16.000Z,00QP500000s9AAlMAM,BE,0127Q000000eERIQA2,Status,Not reached,Lost
2026-08-19T07:25:06.000Z,00QP500000sYrPPMA0,BE,0127Q000000eERIQA2,Status,Mailjourney,Re-entered - Phone Number Changed
2026-08-19T07:24:31.000Z,00QP500000sgG7hMAE,BE,0127Q000000eERIQA2,Status,New,Not reached
2026-08-19T07:23:07.000Z,00QQD00000SZ4bh2AD,NL,0127Q000000upr9QAA,Status,Lost,Re-entered
2026-08-19T07:22:35.000Z,00QP500000sbmhnMAA,BE,0127Q000000eERIQA2,Status,New,Not Qualified
2026-08-19T07:20:40.000Z,00QQD00000AQcQX2A1,NL,0127Q000000upr9QAA,Status,Converted Old SF,Follow-up
2026-08-19T07:19:09.000Z,00QP500000sbgduMAA,BE,0127Q000000eERIQA2,Status,New,Not reached
2026-08-19T07:17:00.000Z,00QP500000sb0ZuMAI,BE,0127Q000000eERIQA2,Status,New,Not reached
2026-08-19T07:16:25.000Z,00QP500000se0YUMAY,BE,0127Q000000eERIQA2,Status,New,Appointment
2026-08-19T07:14:48.000Z,00QP500000sbrsfMAA,BE,0127Q000000eERIQA2,Status,New,Not reached
2026-08-19T07:13:35.000Z,00QP500000scakwMAA,BE,0127Q000000eERIQA2,Status,New,Not Qualified
2026-08-19T07:12:45.000Z,00QQD00000cpy7V2AQ,BE,0127Q000000eERIQA2,Status,Mailjourney,Not reached
2026-08-19T07:10:25.000Z,00QP500000sd77hMAA,BE,0127Q000000eERIQA2,Status,New,Follow-up
2026-08-19T07:06:08.000Z,00QP500000scfMQMAY,BE,0127Q000000eERIQA2,Status,New,Not reached
2026-08-19T06:46:50.000Z,00QP500000sb05DMAQ,BE,0127Q000000eERIQA2,Status,New,Not Qualified
2026-08-19T06:01:48.000Z,00QP500000rz1GwMAI,FR,012QD000002ylXZYAY,Status,New,Not Qualified
2026-08-19T06:01:48.000Z,00QQD00000ZF6MI2A1,IT,012QD000002ylcPYAQ,Status,Mailjourney,Re-entered
2026-08-19T06:01:48.000Z,00QQD00000ZFLs02AH,IT,012QD000002ylcPYAQ,Status,Not Qualified,Re-entered
2026-08-19T06:01:48.000Z,00QP500000rz1GsMAI,FR,012QD000002ylXZYAY,Status,New,Follow-up
2026-08-19T06:01:48.000Z,00QP500000rz1GrMAI,IT,012QD000002ylcPYAQ,Status,New,Mailjourney
2026-08-19T06:01:48.000Z,00QP500000rz1GqMAI,FR,012QD000002ylXZYAY,Status,New,Follow-up
2026-08-19T06:01:48.000Z,00QP500000rz1GnMAI,FR,012QD000002ylXZYAY,Status,New,Mailjourney
2026-08-18T23:31:57.000Z,00QP500000sF7QKMA0,NL,0127Q000000upr9QAA,Status,Follow-up,Re-entered
2026-08-18T22:41:19.000Z,00QP500000rQjkXMAS,BE,0127Q000000eERIQA2,Status,Follow-up,Re-entered
2026-08-18T18:16:55.000Z,00QQD00000AQLKF2A5,NL,0127Q000000upr9QAA,Status,Mailjourney,Re-entered
2026-08-18T18:11:50.000Z,00QP500000sR91hMAC,NL,0127Q000000upr9QAA,Status,Follow-up,Re-entered
2026-08-18T17:49:00.000Z,00QP500000rvK5AMAU,NL,0127Q000000upr9QAA,Status,Follow-up,Re-entered
2026-08-18T17:38:59.000Z,00QQD00000AQZ2c2AH,NL,0127Q000000upr9QAA,Status,Converted Old SF,Re-entered
2026-08-18T15:41:07.000Z,00QQD00000aIH7L2AW,NL,0127Q000000upr9QAA,Status,Lost,Re-entered
2026-08-18T15:19:24.000Z,00QP500000sbtPpMAI,BE,0127Q000000eERIQA2,Status,New,Appointment
2026-08-18T15:02:44.000Z,00QP500000sbQakMAE,BE,0127Q000000eERIQA2,Status,New,Follow-up
2026-08-18T14:53:59.000Z,00QP500000sblTtMAI,NL,0127Q000000upr9QAA,Status,New,Not reached
2026-08-18T14:53:42.000Z,00QP500000sb7zWMAQ,NL,0127Q000000upr9QAA,Status,New,Appointment
2026-08-18T14:53:21.000Z,00QP500000sbgxFMAQ,NL,0127Q000000upr9QAA,Status,New,Not reached
2026-08-18T14:44:27.000Z,00QP500000sbXfRMAU,NL,0127Q000000upr9QAA,Status,New,Not reached
2026-08-18T14:35:51.000Z,00QP500000saCgLMAU,NL,0127Q000000upr9QAA,Status,New,Appointment
2026-08-18T14:30:49.000Z,00QP500000sba0cMAA,BE,0127Q000000eERIQA2,Status,Not reached,Not Qualified
2026-08-18T14:30:42.000Z,00QP500000sas9GMAQ,BE,0127Q000000eERIQA2,Status,New,Not reached
2026-08-18T14:30:33.000Z,00QP500000sba0cMAA,BE,0127Q000000eERIQA2,Status,New,Not reached
2026-08-18T14:27:53.000Z,00QP500000sbWufMAE,NL,0127Q000000upr9QAA,Status,New,Appointment
2026-08-18T14:22:19.000Z,00QP500000sJbKxMAK,BE,0127Q000000eERIQA2,Status,Not reached,Not Qualified
2026-08-18T14:09:11.000Z,00QP500000saQeSMAU,NL,0127Q000000upr9QAA,Status,New,Mailjourney
2026-08-18T14:05:41.000Z,00QP500000sNyxFMAS,BE,0127Q000000eERIQA2,Status,Follow-up,Lost
2026-08-18T14:02:33.000Z,00QP500000sZcJiMAK,BE,0127Q000000eERIQA2,Status,New,Not Qualified
2026-08-18T14:00:56.000Z,00QP500000sb2wbMAA,NL,0127Q000000upr9QAA,Status,New,Brochure
2026-08-18T13:55:54.000Z,00QP500000sZV5HMAW,NL,0127Q000000upr9QAA,Status,New,Not reached
2026-08-18T13:48:54.000Z,00QP500000saRSUMA2,NL,0127Q000000upr9QAA,Status,New,Not Qualified
2026-08-18T13:47:30.000Z,00QP500000sb6P7MAI,NL,0127Q000000upr9QAA,Status,New,Not reached
2026-08-18T13:47:23.000Z,00QP500000r57dRMAQ,BE,0127Q000000eERIQA2,Status,Mailjourney,Appointment
2026-08-18T13:45:09.000Z,00QP500000sa64gMAA,NL,0127Q000000upr9QAA,Status,New,Appointment
2026-08-18T13:45:07.000Z,00QP500000savWxMAI,NL,0127Q000000upr9QAA,Status,New,Appointment
2026-08-18T13:39:58.000Z,00QQD00000AQic82AD,NL,0127Q000000upr9QAA,Status,Re-entered,Lost
2026-08-18T13:36:33.000Z,00QP500000s1jdZMAQ,BE,0127Q000000eERIQA2,Status,Follow-up,Mailjourney
2026-08-18T13:27:50.000Z,00QP500000saYyiMAE,NL,0127Q000000upr9QAA,Status,New,Follow-up
2026-08-18T13:26:51.000Z,00QP500000sScUjMAK,NL,0127Q000000upr9QAA,Status,Not reached,Appointment
2026-08-18T13:17:51.000Z,00QP500000saM2yMAE,BE,0127Q000000eERIQA2,Status,New,Follow-up
2026-08-18T13:12:52.000Z,00QQD00000AQic82AD,NL,0127Q000000upr9QAA,Status,Mailjourney,Re-entered
2026-08-18T13:12:21.000Z,00QP500000sZjo7MAC,NL,0127Q000000upr9QAA,Status,New,Not reached
2026-08-18T13:12:14.000Z,00QP500000sakVDMAY,NL,0127Q000000upr9QAA,Status,New,Brochure
2026-08-18T13:10:47.000Z,00QP500000sZxW0MAK,NL,0127Q000000upr9QAA,Status,New,Follow-up
2026-08-18T13:07:00.000Z,00QP500000saSWYMA2,BE,0127Q000000eERIQA2,Status,New,Not Qualified
2026-08-18T13:05:06.000Z,00QP500000sahgrMAA,BE,0127Q000000eERIQA2,Status,New,Appointment
2026-08-18T13:04:56.000Z,00QP500000sT5ZvMAK,NL,0127Q000000upr9QAA,Status,Not reached,Appointment
2026-08-18T13:02:46.000Z,00QP500000s3lZaMAI,BE,0127Q000000eERIQA2,Status,Follow-up,Mailjourney
2026-08-18T13:01:21.000Z,00QP500000sZuEkMAK,NL,0127Q000000upr9QAA,Status,New,Not reached
2026-08-18T13:00:02.000Z,00QQD00000ZGKEG2A5,BE,0127Q000000eERIQA2,Status,Follow-up,Mailjourney
2026-08-18T12:59:49.000Z,00QQD00000ZFkdM2AT,BE,0127Q000000eERIQA2,Status,Follow-up,Mailjourney
2026-08-18T12:54:26.000Z,00QP500000saeCjMAI,BE,0127Q000000eERIQA2,Status,New,Not reached
2026-08-18T12:48:02.000Z,00QP500000sIxQnMAK,NL,0127Q000000upr9QAA,Status,Follow-up,Mailjourney
2026-08-18T12:46:20.000Z,00QP500000sZsxjMAC,BE,0127Q000000eERIQA2,Status,New,Not reached
2026-08-18T12:44:10.000Z,00QP500000sMbJcMAK,NL,0127Q000000upr9QAA,Status,Not reached,Follow-up
2026-08-18T12:42:55.000Z,00QP500000saBAkMAM,NL,0127Q000000upr9QAA,Status,New,Not reached
2026-08-18T12:41:58.000Z,00QP500000saItmMAE,BE,0127Q000000eERIQA2,Status,Brochure,Appointment
2026-08-18T12:40:33.000Z,00QP500000sQ7I8MAK,NL,0127Q000000upr9QAA,Status,Not reached,Follow-up
2026-08-18T12:39:04.000Z,00QP500000sJ3m7MAC,NL,0127Q000000upr9QAA,Status,Not reached,Lost
2026-08-18T12:36:16.000Z,00QP500000sZqpUMAS,NL,0127Q000000upr9QAA,Status,New,Appointment
2026-08-18T12:35:19.000Z,00QP500000sa7KBMAY,BE,0127Q000000eERIQA2,Status,New,Appointment
2026-08-18T12:34:58.000Z,00QP500000sahwzMAA,NL,0127Q000000upr9QAA,Status,New,Brochure
2026-08-18T12:34:35.000Z,00QQD00000APzsn2AD,NL,0127Q000000upr9QAA,Status,Not reached,Follow-up
2026-08-18T12:33:17.000Z,00QP500000s8MieMAE,NL,0127Q000000upr9QAA,Status,Not reached,Follow-up
2026-08-18T12:32:28.000Z,00QP500000sFd6sMAC,NL,0127Q000000upr9QAA,Status,Not reached,Follow-up
2026-08-18T12:31:16.000Z,00QP500000sMxlYMAS,NL,0127Q000000upr9QAA,Status,Not reached,Follow-up
2026-08-18T12:29:41.000Z,00QP500000sMVFmMAO,NL,0127Q000000upr9QAA,Status,Not reached,Follow-up
2026-08-18T12:28:46.000Z,00QP500000sHhkcMAC,NL,0127Q000000upr9QAA,Status,Not reached,Follow-up
2026-08-18T12:25:42.000Z,00QP500000saJcvMAE,NL,0127Q000000upr9QAA,Status,New,Mailjourney
2026-08-18T12:23:05.000Z,00QP500000sHj6WMAS,BE,0127Q000000eERIQA2,Status,Not reached,Mailjourney
2026-08-18T12:21:33.000Z,00QP500000sGxBVMA0,BE,0127Q000000eERIQA2,Status,Not reached,Mailjourney
2026-08-18T12:19:17.000Z,00QP500000sa8HmMAI,NL,0127Q000000upr9QAA,Status,New,Appointment
2026-08-18T12:18:50.000Z,00QP500000sa07KMAQ,NL,0127Q000000upr9QAA,Status,New,Brochure
2026-08-18T12:18:17.000Z,00QP500000sLwOTMA0,BE,0127Q000000eERIQA2,Status,Not reached,Mailjourney
2026-08-18T12:14:45.000Z,00QP500000saItmMAE,BE,0127Q000000eERIQA2,Status,Not reached,Brochure
2026-08-18T12:13:59.000Z,00QP500000sWnXxMAK,NL,0127Q000000upr9QAA,Status,Not reached,Brochure
2026-08-18T12:13:48.000Z,00QQD00000duyXh2AI,BE,0127Q000000eERIQA2,Status,Not reached,Mailjourney
2026-08-18T12:11:29.000Z,00QP500000sXQ7uMAG,NL,0127Q000000upr9QAA,Status,Not reached,Appointment
2026-08-18T12:09:58.000Z,00QP500000sZCTqMAO,NL,0127Q000000upr9QAA,Status,New,Appointment
2026-08-18T12:04:41.000Z,00QP500000sZtAfMAK,NL,0127Q000000upr9QAA,Status,New,Not Qualified
2026-08-18T12:04:30.000Z,00QP500000saItmMAE,BE,0127Q000000eERIQA2,Status,New,Not reached
2026-08-18T12:03:57.000Z,00QP500000sZ0WGMA0,BE,0127Q000000eERIQA2,Status,New,Appointment
2026-08-18T12:02:34.000Z,00QP500000sZ7dtMAC,NL,0127Q000000upr9QAA,Status,New,Appointment
2026-08-18T11:57:35.000Z,00QP500000rqEbRMAU,BE,0127Q000000eERIQA2,Status,Follow-up,Appointment
2026-08-18T11:54:34.000Z,00QP500000sWb29MAC,NL,0127Q000000upr9QAA,Status,Brochure,Follow-up
2026-08-18T11:54:34.000Z,00QP500000sYHdjMAG,NL,0127Q000000upr9QAA,Status,Brochure,Follow-up
2026-08-18T11:54:34.000Z,00QP500000sX7YKMA0,NL,0127Q000000upr9QAA,Status,Brochure,Follow-up
2026-08-18T11:54:34.000Z,00QP500000sZskoMAC,NL,0127Q000000upr9QAA,Status,Brochure,Follow-up
2026-08-18T11:54:34.000Z,00QP500000sMVPRMA4,NL,0127Q000000upr9QAA,Status,Brochure,Follow-up
2026-08-18T11:54:34.000Z,00QP500000sStLsMAK,NL,0127Q000000upr9QAA,Status,Brochure,Follow-up
2026-08-18T11:54:25.000Z,00QQD00000PJX572AH,NL,0127Q000000upr9QAA,Status,Not reached,Appointment
2026-08-18T11:54:21.000Z,00QQD00000djWuv2AE,NL,0127Q000000upr9QAA,Status,Re-entered,Lost
2026-08-18T11:53:57.000Z,00QQD00000cc7Ij2AI,NL,0127Q000000upr9QAA,Status,Not reached,Follow-up
2026-08-18T11:52:21.000Z,00QP500000sSPkOMAW,NL,0127Q000000upr9QAA,Status,Not reached,Mailjourney
2026-08-18T11:51:47.000Z,00QQD00000DWlQw2AL,NL,0127Q000000upr9QAA,Status,Mailjourney,Appointment
2026-08-18T11:51:36.000Z,00QP500000sXzAUMA0,NL,0127Q000000upr9QAA,Status,Brochure,Follow-up
2026-08-18T11:50:43.000Z,00QP500000s7CwkMAE,NL,0127Q000000upr9QAA,Status,Brochure,Follow-up
2026-08-18T11:50:43.000Z,00QP500000sWonVMAS,NL,0127Q000000upr9QAA,Status,Brochure,Follow-up
2026-08-18T11:50:43.000Z,00QP500000sYkTAMA0,NL,0127Q000000upr9QAA,Status,Brochure,Follow-up
2026-08-18T11:50:43.000Z,00QP500000sRSCPMA4,NL,0127Q000000upr9QAA,Status,Brochure,Follow-up
2026-08-18T11:50:43.000Z,00QP500000sXi1cMAC,NL,0127Q000000upr9QAA,Status,Brochure,Follow-up
2026-08-18T11:50:27.000Z,00QQD00000dtGNS2A2,BE,0127Q000000eERIQA2,Status,Follow-up,Lost
2026-08-18T11:50:20.000Z,00QP500000sMMkZMAW,NL,0127Q000000upr9QAA,Status,Follow-up,Not Qualified
2026-08-18T11:50:10.000Z,00QP500000sWjkTMAS,NL,0127Q000000upr9QAA,Status,Not reached,Mailjourney
2026-08-18T11:49:44.000Z,00QQD00000ZGYyJ2AX,BE,0127Q000000eERIQA2,Status,Re-entered,Not reached
2026-08-18T11:48:36.000Z,00QP500000sYbcMMAS,NL,0127Q000000upr9QAA,Status,Brochure,Follow-up
2026-08-18T11:48:36.000Z,00QP500000sUrPZMA0,NL,0127Q000000upr9QAA,Status,Brochure,Follow-up
2026-08-18T11:48:36.000Z,00QP500000s8EDGMA2,NL,0127Q000000upr9QAA,Status,Brochure,Follow-up
2026-08-18T11:47:47.000Z,00QP500000sT7S2MAK,NL,0127Q000000upr9QAA,Status,Not reached,Follow-up
2026-08-18T11:47:04.000Z,00QP500000sYrPPMA0,BE,0127Q000000eERIQA2,Status,Not reached,Mailjourney
2026-08-18T11:46:36.000Z,00QP500000s9Xj9MAE,NL,0127Q000000upr9QAA,Status,Not reached,Follow-up
2026-08-18T11:45:47.000Z,00QP500000sJeXWMA0,NL,0127Q000000upr9QAA,Status,Not reached,Follow-up
2026-08-18T11:45:45.000Z,00QP500000sYrPPMA0,BE,0127Q000000eERIQA2,Status,New,Not reached
2026-08-18T11:44:01.000Z,00QP500000sMthvMAC,NL,0127Q000000upr9QAA,Status,Not reached,Appointment
2026-08-18T11:43:57.000Z,00QP500000sWMfpMAG,NL,0127Q000000upr9QAA,Status,Not reached,Follow-up
2026-08-18T11:43:55.000Z,00QP500000sYkTAMA0,NL,0127Q000000upr9QAA,Status,New,Brochure
2026-08-18T11:43:49.000Z,00QP500000sZskoMAC,NL,0127Q000000upr9QAA,Status,New,Brochure
2026-08-18T11:42:24.000Z,00QP500000rwr75MAA,BE,0127Q000000eERIQA2,Status,Follow-up,Mailjourney
2026-08-18T11:42:10.000Z,00QP500000sZxXZMA0,NL,0127Q000000upr9QAA,Status,New,Lost
2026-08-18T11:41:31.000Z,00QQD00000djWuv2AE,NL,0127Q000000upr9QAA,Status,Lost,Re-entered
2026-08-18T11:37:02.000Z,00QP500000rbz2qMAA,BE,0127Q000000eERIQA2,Status,Not reached,Mailjourney
2026-08-18T11:33:11.000Z,00QP500000sIxQnMAK,NL,0127Q000000upr9QAA,Status,Not reached,Follow-up
2026-08-18T11:31:46.000Z,00QP500000s8EDGMA2,NL,0127Q000000upr9QAA,Status,Not reached,Brochure
2026-08-18T11:30:05.000Z,00QP500000sZtvNMAS,NL,0127Q000000upr9QAA,Status,New,Not reached
2026-08-18T11:29:07.000Z,00QQD00000bWtfC2AS,NL,0127Q000000upr9QAA,Status,Not reached,Mailjourney
2026-08-18T11:25:47.000Z,00QP500000sD6msMAC,BE,0127Q000000eERIQA2,Status,Follow-up,Lost
2026-08-18T11:24:55.000Z,00QP500000sYBq0MAG,BE,0127Q000000eERIQA2,Status,New,Appointment
2026-08-18T11:20:36.000Z,00QP500000sYrPOMA0,NL,0127Q000000upr9QAA,Status,New,Appointment
2026-08-18T11:12:40.000Z,00QP500000rh6N1MAI,BE,0127Q000000eERIQA2,Status,Follow-up,Mailjourney
2026-08-18T11:09:29.000Z,00QP500000sZxXaMAK,NL,0127Q000000upr9QAA,Status,New,Not Qualified
2026-08-18T11:02:03.000Z,00QP500000sRSCPMA4,NL,0127Q000000upr9QAA,Status,Not reached,Brochure
2026-08-18T10:56:31.000Z,00QP500000sN4jtMAC,NL,0127Q000000upr9QAA,Status,Not reached,Follow-up
2026-08-18T10:54:48.000Z,00QP500000sMoqNMAS,NL,0127Q000000upr9QAA,Status,Not reached,Follow-up
2026-08-18T10:53:24.000Z,00QP500000sNq3eMAC,NL,0127Q000000upr9QAA,Status,Not reached,Follow-up
2026-08-18T10:52:01.000Z,00QQD00000ZGYyJ2AX,BE,0127Q000000eERIQA2,Status,Mailjourney,Re-entered
2026-08-18T10:30:42.000Z,00QP500000sZnI5MAK,NL,0127Q000000upr9QAA,Status,New,Follow-up
2026-08-18T10:30:26.000Z,00QP500000sY0xoMAC,NL,0127Q000000upr9QAA,Status,New,Follow-up
2026-08-18T10:30:05.000Z,00QP500000sY8ycMAC,NL,0127Q000000upr9QAA,Status,New,Appointment
2026-08-18T10:29:11.000Z,00QP500000sX7YKMA0,NL,0127Q000000upr9QAA,Status,New,Brochure
2026-08-18T10:20:06.000Z,00QP500000rp8I0MAI,BE,0127Q000000eERIQA2,Status,Follow-up,Mailjourney
2026-08-18T10:13:22.000Z,00QP500000sZ7nWMAS,NL,0127Q000000upr9QAA,Status,New,Not reached
2026-08-18T10:11:42.000Z,00QP500000qS0AQMA0,BE,0127Q000000eERIQA2,Status,Follow-up,Not Qualified
2026-08-18T10:11:13.000Z,00QP500000sXSD0MAO,NL,0127Q000000upr9QAA,Status,New,Follow-up
2026-08-18T10:10:39.000Z,00QP500000s7CwkMAE,NL,0127Q000000upr9QAA,Status,Re-entered - Phone Number Changed,Brochure
2026-08-18T10:05:55.000Z,00QP500000rASR9MAO,NL,0127Q000000upr9QAA,Status,Follow-up,Mailjourney
2026-08-18T10:04:30.000Z,00QP500000r9P0kMAE,NL,0127Q000000upr9QAA,Status,Follow-up,Mailjourney
2026-08-18T10:04:26.000Z,00QP500000sWYHEMA4,NL,0127Q000000upr9QAA,Status,New,Not reached
2026-08-18T10:00:53.000Z,00QP500000qLKR6MAO,NL,0127Q000000upr9QAA,Status,Follow-up,Mailjourney
2026-08-18T10:00:40.000Z,00QQD00000awzOA2AY,BE,0127Q000000eERIQA2,Status,Follow-up,Lost
2026-08-18T09:56:41.000Z,00QQD00000ZFq9z2AD,BE,0127Q000000eERIQA2,Status,Not reached,Mailjourney
2026-08-18T09:55:51.000Z,00QP500000sJ4s4MAC,BE,0127Q000000eERIQA2,Status,Follow-up,Lost
2026-08-18T09:51:16.000Z,00QP500000sQe2jMAC,BE,0127Q000000eERIQA2,Status,Not reached,Appointment
2026-08-18T09:50:09.000Z,00QP500000rbz2qMAA,BE,0127Q000000eERIQA2,Status,Follow-up,Not reached
2026-08-18T09:49:12.000Z,00QQD00000awSiM2AU,NL,0127Q000000upr9QAA,Status,Not reached,Mailjourney
2026-08-18T09:49:07.000Z,00QQD00000DEL0H2AX,NL,0127Q000000upr9QAA,Status,Re-entered,Lost
2026-08-18T09:48:21.000Z,00QQD00000awSiM2AU,NL,0127Q000000upr9QAA,Status,Follow-up,Not reached
2026-08-18T09:44:48.000Z,00QP500000rZYjVMAW,BE,0127Q000000eERIQA2,Status,Follow-up,Not Qualified
2026-08-18T09:44:04.000Z,00QP500000s7CwkMAE,NL,0127Q000000upr9QAA,Status,Mailjourney,Re-entered - Phone Number Changed
2026-08-18T09:43:26.000Z,00QP500000sYXtlMAG,NL,0127Q000000upr9QAA,Status,New,Appointment
2026-08-18T09:43:17.000Z,00QP500000sYe0lMAC,BE,0127Q000000eERIQA2,Status,New,Appointment
2026-08-18T09:43:09.000Z,00QP500000rljOAMAY,BE,0127Q000000eERIQA2,Status,Follow-up,Mailjourney
2026-08-18T09:41:21.000Z,00QP500000rkT25MAE,BE,0127Q000000eERIQA2,Status,Follow-up,Mailjourney
2026-08-18T09:40:54.000Z,00QQD00000DEL0H2AX,NL,0127Q000000upr9QAA,Status,Mailjourney,Re-entered
2026-08-18T09:40:39.000Z,00QP500000rjsKNMAY,BE,0127Q000000eERIQA2,Status,Follow-up,Mailjourney
2026-08-18T09:40:20.000Z,00QP500000sYHdjMAG,NL,0127Q000000upr9QAA,Status,New,Brochure
2026-08-18T09:38:36.000Z,00QP500000sXXnoMAG,NL,0127Q000000upr9QAA,Status,New,Appointment
2026-08-18T09:37:16.000Z,00QP500000rh82EMAQ,BE,0127Q000000eERIQA2,Status,Follow-up,Mailjourney
2026-08-18T09:36:47.000Z,00QP500000rv46uMAA,NL,0127Q000000upr9QAA,Status,Follow-up,Mailjourney
2026-08-18T09:36:36.000Z,00QP500000rfH9dMAE,BE,0127Q000000eERIQA2,Status,Follow-up,Mailjourney
2026-08-18T09:34:04.000Z,00QP500000sYzRlMAK,BE,0127Q000000eERIQA2,Status,New,Appointment
2026-08-18T09:32:21.000Z,00QQD00000AQ9bX2AT,NL,0127Q000000upr9QAA,Status,Re-entered,Appointment
2026-08-18T09:28:05.000Z,00QP500000sRExUMAW,NL,0127Q000000upr9QAA,Status,Not reached,Follow-up
2026-08-18T09:23:18.000Z,00QP500000rs9noMAA,NL,0127Q000000upr9QAA,Status,Follow-up,Mailjourney
2026-08-18T09:21:39.000Z,00QQD00000ZGhZ42AL,BE,0127Q000000eERIQA2,Status,Re-entered,Follow-up
2026-08-18T09:21:28.000Z,00QP500000rXy0TMAS,BE,0127Q000000eERIQA2,Status,Follow-up,Lost
2026-08-18T09:21:14.000Z,00QP500000sXuHKMA0,NL,0127Q000000upr9QAA,Status,New,Appointment
2026-08-18T09:20:39.000Z,00QP500000sP4u9MAC,BE,0127Q000000eERIQA2,Status,Not reached,Lost
2026-08-18T09:14:44.000Z,00QP500000rWkVsMAK,BE,0127Q000000eERIQA2,Status,Follow-up,Mailjourney
2026-08-18T09:14:43.000Z,00QP500000sYbcMMAS,NL,0127Q000000upr9QAA,Status,New,Brochure
2026-08-18T09:12:30.000Z,00QP500000sNMggMAG,BE,0127Q000000eERIQA2,Status,Not reached,Appointment
2026-08-18T09:11:20.000Z,00QP500000sTwsvMAC,NL,0127Q000000upr9QAA,Status,Not reached,Follow-up
2026-08-18T09:11:16.000Z,00QP500000rQryDMAS,BE,0127Q000000eERIQA2,Status,Follow-up,Mailjourney
2026-08-18T09:10:53.000Z,00QP500000rvTJkMAM,NL,0127Q000000upr9QAA,Status,Follow-up,Mailjourney
2026-08-18T09:08:36.000Z,00QP500000rMSyPMAW,BE,0127Q000000eERIQA2,Status,Not reached,Mailjourney
2026-08-18T09:07:59.000Z,00QP500000rMSyPMAW,BE,0127Q000000eERIQA2,Status,Follow-up,Not reached
2026-08-18T09:06:51.000Z,00QP500000sXi1cMAC,NL,0127Q000000upr9QAA,Status,New,Brochure
2026-08-18T09:04:52.000Z,00QP500000rJkiAMAS,BE,0127Q000000eERIQA2,Status,Follow-up,Mailjourney
2026-08-18T09:04:24.000Z,00QP500000rvEz1MAE,NL,0127Q000000upr9QAA,Status,Follow-up,Mailjourney
2026-08-18T09:01:05.000Z,00QP500000r6XpCMAU,BE,0127Q000000eERIQA2,Status,Not reached,Mailjourney
2026-08-18T09:00:48.000Z,00QP500000r6XpCMAU,BE,0127Q000000eERIQA2,Status,Follow-up,Not reached
2026-08-18T08:59:45.000Z,00QP500000r3wAfMAI,BE,0127Q000000eERIQA2,Status,Follow-up,Mailjourney
2026-08-18T08:58:01.000Z,00QP500000sNvjFMAS,BE,0127Q000000eERIQA2,Status,Not reached,Mailjourney
2026-08-18T08:57:55.000Z,00QP500000sXi1bMAC,NL,0127Q000000upr9QAA,Status,New,Appointment
2026-08-18T08:57:27.000Z,00QP500000sNvjFMAS,BE,0127Q000000eERIQA2,Status,Follow-up,Not reached
2026-08-18T08:57:00.000Z,00QP500000rpiIFMAY,NL,0127Q000000upr9QAA,Status,Follow-up,Lost
2026-08-18T08:55:50.000Z,00QQD00000AQ9bX2AT,NL,0127Q000000upr9QAA,Status,Follow-up,Re-entered
2026-08-18T08:54:24.000Z,00QP500000rgtKvMAI,NL,0127Q000000upr9QAA,Status,Follow-up,Mailjourney
2026-08-18T08:54:07.000Z,00QP500000phKZMMA2,BE,0127Q000000eERIQA2,Status,Follow-up,Appointment
2026-08-18T08:52:08.000Z,00QQD00000Iw6FZ2AZ,NL,0127Q000000upr9QAA,Status,New,Appointment
2026-08-18T08:49:47.000Z,00QP500000rvDA9MAM,NL,0127Q000000upr9QAA,Status,Follow-up,Mailjourney
2026-08-18T08:45:56.000Z,00QP500000rg1veMAA,NL,0127Q000000upr9QAA,Status,Follow-up,Lost
2026-08-18T08:44:32.000Z,00QP500000sYKzhMAG,NL,0127Q000000upr9QAA,Status,New,Not Qualified
2026-08-18T08:44:09.000Z,00QQD00000JEQED2A5,NL,0127Q000000upr9QAA,Status,Re-entered,Mailjourney
2026-08-18T08:43:48.000Z,00QP500000sMO7tMAG,BE,0127Q000000eERIQA2,Status,Not reached,Lost
2026-08-18T08:43:42.000Z,00QP500000sXLEgMAO,NL,0127Q000000upr9QAA,Status,New,Not Qualified
2026-08-18T08:39:02.000Z,00QQD00000ZGhZ42AL,BE,0127Q000000eERIQA2,Status,Mailjourney,Re-entered
2026-08-18T08:38:01.000Z,00QP500000rsXrhMAE,NL,0127Q000000upr9QAA,Status,Follow-up,Lost
2026-08-18T08:37:03.000Z,00QP500000sMLpxMAG,BE,0127Q000000eERIQA2,Status,Not reached,Mailjourney
2026-08-18T08:36:49.000Z,00QP500000sFu7dMAC,BE,0127Q000000eERIQA2,Status,Follow-up,Appointment
2026-08-18T08:36:25.000Z,00QP500000sXLEhMAO,BE,0127Q000000eERIQA2,Status,New,Appointment
2026-08-18T08:35:52.000Z,00QP500000rlcL6MAI,NL,0127Q000000upr9QAA,Status,Follow-up,Mailjourney
2026-08-18T08:33:16.000Z,00QP500000rjNAEMA2,NL,0127Q000000upr9QAA,Status,Not reached,Mailjourney
2026-08-18T08:32:27.000Z,00QP500000sMJwHMAW,BE,0127Q000000eERIQA2,Status,Not reached,Appointment
2026-08-18T08:32:25.000Z,00QP500000rjNAEMA2,NL,0127Q000000upr9QAA,Status,Follow-up,Not reached
2026-08-18T08:31:46.000Z,00QP500000rNdQLMA0,NL,0127Q000000upr9QAA,Status,Follow-up,Mailjourney
2026-08-18T08:31:16.000Z,00QP500000sGRJjMAO,BE,0127Q000000eERIQA2,Status,Not reached,Follow-up
2026-08-18T08:29:31.000Z,00QP500000sY0rKMAS,NL,0127Q000000upr9QAA,Status,New,Appointment
2026-08-18T08:26:01.000Z,00QP500000rIuV3MAK,NL,0127Q000000upr9QAA,Status,Follow-up,Mailjourney
2026-08-18T08:25:37.000Z,00QP500000sWonVMAS,NL,0127Q000000upr9QAA,Status,New,Brochure
2026-08-18T08:24:44.000Z,00QP500000sXoesMAC,NL,0127Q000000upr9QAA,Status,New,Mailjourney
2026-08-18T08:21:34.000Z,00QQD00000cNCnN2AW,NL,0127Q000000upr9QAA,Status,Follow-up,Mailjourney
2026-08-18T08:21:31.000Z,00QP500000sX62jMAC,NL,0127Q000000upr9QAA,Status,New,Follow-up
2026-08-18T08:20:09.000Z,00QP500000sRExTMAW,BE,0127Q000000eERIQA2,Status,Not reached,Mailjourney
2026-08-18T08:19:57.000Z,00QP500000qHcb3MAC,NL,0127Q000000upr9QAA,Status,Follow-up,Mailjourney
2026-08-18T08:19:04.000Z,00QP500000sXzAUMA0,NL,0127Q000000upr9QAA,Status,New,Brochure
2026-08-18T08:14:29.000Z,00QP500000raD8HMAU,NL,0127Q000000upr9QAA,Status,Follow-up,Mailjourney
2026-08-18T08:13:33.000Z,00QP500000rt1jJMAQ,NL,0127Q000000upr9QAA,Status,Follow-up,Mailjourney
2026-08-18T08:13:09.000Z,00QP500000sKUalMAG,BE,0127Q000000eERIQA2,Status,Not reached,Mailjourney
2026-08-18T08:12:41.000Z,00QP500000rW9xjMAC,NL,0127Q000000upr9QAA,Status,Follow-up,Mailjourney
2026-08-18T08:11:28.000Z,00QP500000rgxZcMAI,NL,0127Q000000upr9QAA,Status,Follow-up,Mailjourney
2026-08-18T08:11:10.000Z,00QP500000sIjNlMAK,BE,0127Q000000eERIQA2,Status,Not reached,Mailjourney
2026-08-18T08:10:40.000Z,00QQD00000ZErUe2AL,BE,0127Q000000eERIQA2,Status,Not reached,Not Qualified
2026-08-18T08:09:52.000Z,00QP500000rFdiUMAS,NL,0127Q000000upr9QAA,Status,Follow-up,Appointment
2026-08-18T08:08:53.000Z,00QP500000sWsqzMAC,NL,0127Q000000upr9QAA,Status,New,Not reached
2026-08-18T08:07:35.000Z,00QQD00000AQDez2AH,NL,0127Q000000upr9QAA,Status,Re-entered,Mailjourney
2026-08-18T08:06:41.000Z,00QP500000sGYd2MAG,BE,0127Q000000eERIQA2,Status,Follow-up,Mailjourney
2026-08-18T08:05:48.000Z,00QQD00000JEQED2A5,NL,0127Q000000upr9QAA,Status,Mailjourney,Re-entered
2026-08-18T08:05:03.000Z,00QP500000sXQ7uMAG,NL,0127Q000000upr9QAA,Status,New,Not reached
2026-08-18T08:03:37.000Z,00QP500000sMVPRMA4,NL,0127Q000000upr9QAA,Status,Not reached,Brochure
2026-08-18T08:03:35.000Z,00QP500000sWjkTMAS,NL,0127Q000000upr9QAA,Status,New,Not reached
2026-08-18T08:02:24.000Z,00QP500000sWnXxMAK,NL,0127Q000000upr9QAA,Status,New,Not reached
2026-08-18T08:02:04.000Z,00QP500000sJaGpMAK,NL,0127Q000000upr9QAA,Status,Not reached,Mailjourney
2026-08-18T08:01:56.000Z,00QP500000sHBcfMAG,BE,0127Q000000eERIQA2,Status,Not reached,Mailjourney
2026-08-18T08:01:15.000Z,00QP500000sUrPZMA0,NL,0127Q000000upr9QAA,Status,New,Brochure
2026-08-18T08:00:40.000Z,00QQD00000PJX572AH,NL,0127Q000000upr9QAA,Status,Re-entered,Not reached
2026-08-18T07:58:27.000Z,00QP500000sJQR8MAO,BE,0127Q000000eERIQA2,Status,Not reached,Not Qualified
2026-08-18T07:56:31.000Z,00QP500000sUXhAMAW,NL,0127Q000000upr9QAA,Status,New,Appointment
2026-08-18T07:55:33.000Z,00QP500000s5gdrMAA,NL,0127Q000000upr9QAA,Status,Not reached,Appointment
2026-08-18T07:53:20.000Z,00QP500000sTcUfMAK,NL,0127Q000000upr9QAA,Status,New,Not reached
2026-08-18T07:52:28.000Z,00QP500000sKjOUMA0,NL,0127Q000000upr9QAA,Status,Not reached,Follow-up
2026-08-18T07:52:08.000Z,00QP500000sTwsvMAC,NL,0127Q000000upr9QAA,Status,New,Not reached
2026-08-18T07:51:52.000Z,00QP500000sGYd2MAG,BE,0127Q000000eERIQA2,Status,Not reached,Follow-up
2026-08-18T07:51:22.000Z,00QP500000sK8bsMAC,NL,0127Q000000upr9QAA,Status,Not reached,Appointment
2026-08-18T07:50:51.000Z,00QP500000sKqurMAC,NL,0127Q000000upr9QAA,Status,Not reached,Follow-up
2026-08-18T07:49:19.000Z,00QP500000sUAdyMAG,NL,0127Q000000upr9QAA,Status,New,Appointment
2026-08-18T07:49:14.000Z,00QQD00000PJX572AH,NL,0127Q000000upr9QAA,Status,Not Qualified,Re-entered
2026-08-18T07:48:44.000Z,00QP500000sFw54MAC,BE,0127Q000000eERIQA2,Status,Not reached,Follow-up
2026-08-18T07:47:07.000Z,00QP500000sKstCMAS,NL,0127Q000000upr9QAA,Status,Not reached,Follow-up
2026-08-18T07:45:19.000Z,00QP500000sU6m7MAC,NL,0127Q000000upr9QAA,Status,New,Not reached
2026-08-18T07:44:55.000Z,00QP500000sTWWwMAO,NL,0127Q000000upr9QAA,Status,New,Mailjourney
2026-08-18T07:44:35.000Z,00QP500000sNSMIMA4,NL,0127Q000000upr9QAA,Status,Re-entered,Follow-up
2026-08-18T07:44:16.000Z,00QP500000sU1FhMAK,NL,0127Q000000upr9QAA,Status,New,Mailjourney
2026-08-18T07:44:14.000Z,00QP500000sXIblMAG,BE,0127Q000000eERIQA2,Status,New,Lost
2026-08-18T07:44:02.000Z,00QP500000sVUqnMAG,NL,0127Q000000upr9QAA,Status,New,Not Qualified
2026-08-18T07:43:44.000Z,00QP500000sT5ZvMAK,NL,0127Q000000upr9QAA,Status,New,Not reached
2026-08-18T07:43:42.000Z,00QP500000sT9nDMAS,NL,0127Q000000upr9QAA,Status,Not reached,Follow-up
2026-08-18T07:42:15.000Z,00QP500000sU6lxMAC,NL,0127Q000000upr9QAA,Status,New,Lost
2026-08-18T07:42:08.000Z,00QP500000sS6RdMAK,BE,0127Q000000eERIQA2,Status,Not reached,Follow-up
2026-08-18T07:40:13.000Z,00QP500000sUntpMAC,BE,0127Q000000eERIQA2,Status,New,Brochure
2026-08-18T07:38:51.000Z,00QP500000sTaU2MAK,NL,0127Q000000upr9QAA,Status,New,Not reached
2026-08-18T07:38:23.000Z,00QP500000sVXyUMAW,NL,0127Q000000upr9QAA,Status,New,Not reached
2026-08-18T07:37:50.000Z,00QQD00000cc7Ij2AI,NL,0127Q000000upr9QAA,Status,Re-entered,Not reached
2026-08-18T07:37:15.000Z,00QP500000rnx0PMAQ,NL,0127Q000000upr9QAA,Status,Not reached,Lost
2026-08-18T07:37:05.000Z,00QP500000sTLy2MAG,NL,0127Q000000upr9QAA,Status,New,Follow-up
2026-08-18T07:36:51.000Z,00QP500000sWMfpMAG,NL,0127Q000000upr9QAA,Status,New,Not reached
2026-08-18T07:36:32.000Z,00QP500000sT7S5MAK,NL,0127Q000000upr9QAA,Status,New,Lost
2026-08-18T07:35:54.000Z,00QQD00000bWtfC2AS,NL,0127Q000000upr9QAA,Status,Re-entered,Not reached
2026-08-18T07:34:34.000Z,00QP500000sVMOXMA4,NL,0127Q000000upr9QAA,Status,New,Appointment
2026-08-18T07:34:15.000Z,00QP500000sJO9FMAW,BE,0127Q000000eERIQA2,Status,Not reached,Appointment
2026-08-18T07:32:36.000Z,00QP500000sUZcLMAW,NL,0127Q000000upr9QAA,Status,New,Appointment
2026-08-18T07:31:43.000Z,00QQD00000Yze092AB,NL,0127Q000000upr9QAA,Status,Lost,Not Qualified
2026-08-18T07:30:31.000Z,00QP500000sVMhvMAG,NL,0127Q000000upr9QAA,Status,New,Appointment
2026-08-18T07:29:19.000Z,00QP500000sT9nDMAS,NL,0127Q000000upr9QAA,Status,New,Not reached
2026-08-18T07:27:00.000Z,00QP500000sEnZgMAK,BE,0127Q000000eERIQA2,Status,Not reached,Follow-up
2026-08-18T07:26:17.000Z,00QP500000sWb29MAC,NL,0127Q000000upr9QAA,Status,New,Brochure
2026-08-18T07:25:02.000Z,00QQD00000AQDez2AH,NL,0127Q000000upr9QAA,Status,Mailjourney,Re-entered
2026-08-18T07:18:54.000Z,00QQD00000duyXh2AI,BE,0127Q000000eERIQA2,Status,Re-entered,Not reached
2026-08-18T07:18:34.000Z,00QP500000qWwvoMAC,NL,0127Q000000upr9QAA,Status,Follow-up,Mailjourney
2026-08-18T07:17:13.000Z,00QP500000pu6gTMAQ,NL,0127Q000000upr9QAA,Status,Follow-up,Lost
2026-08-18T07:16:14.000Z,00QP500000sVLIpMAO,BE,0127Q000000eERIQA2,Status,New,Not reached
2026-08-18T07:15:20.000Z,00QP500000sUIoVMAW,BE,0127Q000000eERIQA2,Status,New,Not reached
2026-08-18T07:14:19.000Z,00QP500000qXrXcMAK,NL,0127Q000000upr9QAA,Status,Follow-up,Mailjourney
2026-08-18T07:12:21.000Z,00QP500000rsQ73MAE,NL,0127Q000000upr9QAA,Status,Follow-up,Lost
2026-08-18T07:12:00.000Z,00QP500000sUlf7MAC,BE,0127Q000000eERIQA2,Status,New,Appointment
2026-08-18T07:11:46.000Z,00QP500000sW1UvMAK,BE,0127Q000000eERIQA2,Status,New,Not reached
2026-08-18T07:10:32.000Z,00QQD00000a0Q952AE,NL,0127Q000000upr9QAA,Status,Follow-up,Mailjourney
2026-08-18T07:10:17.000Z,00QP500000sStcAMAS,BE,0127Q000000eERIQA2,Status,New,Not reached
2026-08-18T07:08:59.000Z,00QQD00000dVEJa2AO,NL,0127Q000000upr9QAA,Status,Follow-up,Mailjourney
2026-08-18T07:08:31.000Z,00QQD00000ZGmg22AD,BE,0127Q000000eERIQA2,Status,Re-entered,Not reached
2026-08-18T07:07:32.000Z,00QQD00000dwOQ62AM,NL,0127Q000000upr9QAA,Status,Follow-up,Mailjourney
2026-08-18T07:04:28.000Z,00QP500000sTJwFMAW,BE,0127Q000000eERIQA2,Status,New,Not reached
2026-08-18T06:01:48.000Z,00QQD00000cvt2E2AQ,IT,012QD000002ylcPYAQ,Status,Not Qualified,Re-entered
2026-08-18T06:01:48.000Z,00QP500000rsVoHMAU,IT,012QD000002ylcPYAQ,Status,Re-entered,Not Qualified
2026-08-18T06:01:48.000Z,00QQD00000dMPOz2AO,FR,012QD000002ylXZYAY,Status,Re-entered,Not Qualified
2026-08-18T06:01:48.000Z,00QQD00000ZFY5T2AX,IT,012QD000002ylcPYAQ,Status,Not Qualified,Re-entered
2026-08-18T05:41:47.000Z,00QP500000sUSPaMAO,NL,0127Q000000upr9QAA,Status,New,Not Qualified
2026-08-17T17:31:01.000Z,00QQD00000cc7Ij2AI,NL,0127Q000000upr9QAA,Status,Mailjourney,Re-entered
2026-08-17T17:11:15.000Z,00QP500000sNSMIMA4,NL,0127Q000000upr9QAA,Status,Follow-up,Re-entered
2026-08-17T16:20:59.000Z,00QQD00000ZGmg22AD,BE,0127Q000000eERIQA2,Status,Converted Old SF,Re-entered
2026-08-17T16:05:08.000Z,00QQD00000bWtfC2AS,NL,0127Q000000upr9QAA,Status,Mailjourney,Re-entered
2026-08-17T15:24:05.000Z,00QQD00000duyXh2AI,BE,0127Q000000eERIQA2,Status,Mailjourney,Re-entered
2026-08-17T15:05:47.000Z,00QP500000sR0L2MAK,BE,0127Q000000eERIQA2,Status,Follow-up,Appointment
2026-08-17T15:04:37.000Z,00QP500000sSsOAMA0,BE,0127Q000000eERIQA2,Status,New,Follow-up
2026-08-17T14:48:18.000Z,00QP500000sTKHCMA4,NL,0127Q000000upr9QAA,Status,New,Follow-up
2026-08-17T14:43:26.000Z,00QP500000sT7S2MAK,NL,0127Q000000upr9QAA,Status,New,Not reached
2026-08-17T14:38:14.000Z,00QP500000sQXSfMAO,BE,0127Q000000eERIQA2,Status,Not reached,Appointment
2026-08-17T14:35:03.000Z,00QP500000sNWPuMAO,BE,0127Q000000eERIQA2,Status,Follow-up,Appointment
2026-08-17T14:30:17.000Z,00QQD00000ZGAh72AH,BE,0127Q000000eERIQA2,Status,Not reached,Mailjourney
2026-08-17T14:29:21.000Z,00QP500000sOLlrMAG,BE,0127Q000000eERIQA2,Status,Not reached,Not Qualified
2026-08-17T14:29:01.000Z,00QP500000sFu7dMAC,BE,0127Q000000eERIQA2,Status,Not reached,Follow-up
2026-08-17T14:23:00.000Z,00QP500000sFQ37MAG,BE,0127Q000000eERIQA2,Status,Follow-up,Not Qualified
2026-08-17T14:22:40.000Z,00QP500000sStLsMAK,NL,0127Q000000upr9QAA,Status,New,Brochure
2026-08-17T14:21:07.000Z,00QQD00000ZGACd2AP,BE,0127Q000000eERIQA2,Status,Not reached,Not Qualified
2026-08-17T14:20:00.000Z,00QP500000sSyVBMA0,NL,0127Q000000upr9QAA,Status,New,Appointment
2026-08-17T14:18:32.000Z,00QP500000sEEbvMAG,BE,0127Q000000eERIQA2,Status,Not reached,Brochure
2026-08-17T14:16:45.000Z,00QP500000s8EYAMA2,BE,0127Q000000eERIQA2,Status,Not reached,Mailjourney
2026-08-17T14:12:17.000Z,00QQD00000dN0KD2A0,NL,0127Q000000upr9QAA,Status,Not reached,Lost
2026-08-17T14:12:02.000Z,00QP500000sCA1TMAW,BE,0127Q000000eERIQA2,Status,Not reached,Not Qualified
2026-08-17T14:10:44.000Z,00QP500000sE1zfMAC,BE,0127Q000000eERIQA2,Status,Not reached,Mailjourney
2026-08-17T14:10:43.000Z,00QP500000s4WQRMA2,BE,0127Q000000eERIQA2,Status,Not reached,Mailjourney
2026-08-17T14:09:36.000Z,00QP500000sQXE9MAO,NL,0127Q000000upr9QAA,Status,Not reached,Appointment
2026-08-17T14:08:24.000Z,00QP500000sS6ReMAK,BE,0127Q000000eERIQA2,Status,New,Mailjourney
2026-08-17T14:08:06.000Z,00QP500000sSJsAMAW,NL,0127Q000000upr9QAA,Status,New,Lost
2026-08-17T14:05:45.000Z,00QP500000sAAocMAG,BE,0127Q000000eERIQA2,Status,Not reached,Mailjourney
2026-08-17T14:04:21.000Z,00QP500000s3rgcMAA,BE,0127Q000000eERIQA2,Status,Not reached,Mailjourney
2026-08-17T14:03:45.000Z,00QP500000s618nMAA,BE,0127Q000000eERIQA2,Status,Not reached,Mailjourney
2026-08-17T14:00:54.000Z,00QP500000sF2dWMAS,BE,0127Q000000eERIQA2,Status,Not reached,Mailjourney
2026-08-17T13:58:23.000Z,00QP500000sSPkOMAW,NL,0127Q000000upr9QAA,Status,New,Not reached
2026-08-17T13:58:14.000Z,00QQD00000e1PQM2A2,BE,0127Q000000eERIQA2,Status,Re-entered,Appointment
2026-08-17T13:57:02.000Z,00QP500000sFsFXMA0,NL,0127Q000000upr9QAA,Status,Follow-up,Mailjourney
2026-08-17T13:56:34.000Z,00QP500000sLMG9MAO,NL,0127Q000000upr9QAA,Status,Not reached,Follow-up
2026-08-17T13:56:33.000Z,00QP500000sD6msMAC,BE,0127Q000000eERIQA2,Status,Not reached,Follow-up
2026-08-17T13:55:21.000Z,00QP500000sSyVCMA0,NL,0127Q000000upr9QAA,Status,Not reached,Appointment
2026-08-17T13:55:03.000Z,00QP500000sQuidMAC,BE,0127Q000000eERIQA2,Status,New,Appointment
2026-08-17T13:49:37.000Z,00QP500000sSyVCMA0,NL,0127Q000000upr9QAA,Status,New,Not reached
2026-08-17T13:46:46.000Z,00QP500000sS6RdMAK,BE,0127Q000000eERIQA2,Status,New,Not reached
2026-08-17T13:46:41.000Z,00QP500000sSQbkMAG,NL,0127Q000000upr9QAA,Status,Brochure,Follow-up
2026-08-17T13:46:25.000Z,00QP500000sJucCMAS,NL,0127Q000000upr9QAA,Status,Brochure,Follow-up
2026-08-17T13:46:06.000Z,00QP500000sKeF8MAK,NL,0127Q000000upr9QAA,Status,Brochure,Follow-up
2026-08-17T13:45:39.000Z,00QP500000sNQ7gMAG,NL,0127Q000000upr9QAA,Status,Brochure,Follow-up
2026-08-17T13:45:39.000Z,00QP500000sQvRmMAK,NL,0127Q000000upr9QAA,Status,Brochure,Follow-up
2026-08-17T13:45:39.000Z,00QP500000sSXbTMAW,NL,0127Q000000upr9QAA,Status,Brochure,Follow-up
2026-08-17T13:45:39.000Z,00QP500000rnnylMAA,NL,0127Q000000upr9QAA,Status,Brochure,Follow-up
2026-08-17T13:45:36.000Z,00QP500000sRfETMA0,NL,0127Q000000upr9QAA,Status,Brochure,Follow-up
2026-08-17T13:45:29.000Z,00QP500000sScUjMAK,NL,0127Q000000upr9QAA,Status,New,Not reached
2026-08-17T13:45:09.000Z,00QP500000sRlroMAC,NL,0127Q000000upr9QAA,Status,Brochure,Follow-up
2026-08-17T13:44:13.000Z,00QP500000sSpTWMA0,BE,0127Q000000eERIQA2,Status,New,Appointment
2026-08-17T13:41:17.000Z,00QP500000sSPNmMAO,NL,0127Q000000upr9QAA,Status,New,Appointment
2026-08-17T13:39:47.000Z,00QP500000s9P9nMAE,BE,0127Q000000eERIQA2,Status,Not reached,Follow-up
2026-08-17T13:39:00.000Z,00QQD00000AQSlv2AH,NL,0127Q000000upr9QAA,Status,Not reached,Mailjourney
2026-08-17T13:36:10.000Z,00QP500000s8cH7MAI,BE,0127Q000000eERIQA2,Status,Not reached,Mailjourney
2026-08-17T13:34:06.000Z,00QP500000sSJNDMA4,NL,0127Q000000upr9QAA,Status,New,Appointment
2026-08-17T13:33:56.000Z,00QP500000sI2PHMA0,NL,0127Q000000upr9QAA,Status,Not reached,Lost
2026-08-17T13:30:54.000Z,00QP500000sB4pEMAS,BE,0127Q000000eERIQA2,Status,Not reached,Appointment
2026-08-17T13:27:03.000Z,00QP500000sSqvqMAC,NL,0127Q000000upr9QAA,Status,New,Appointment
2026-08-17T13:25:00.000Z,00QP500000s6X3pMAE,BE,0127Q000000eERIQA2,Status,Follow-up,Mailjourney
2026-08-17T13:23:33.000Z,00QQD00000e1PQM2A2,BE,0127Q000000eERIQA2,Status,Not Qualified,Re-entered
2026-08-17T13:23:07.000Z,00QP500000sGknnMAC,BE,0127Q000000eERIQA2,Status,Follow-up,Not reached
2026-08-17T13:21:51.000Z,00QP500000sRlroMAC,NL,0127Q000000upr9QAA,Status,New,Brochure
2026-08-17T13:20:23.000Z,00QP500000sAIMMMA4,BE,0127Q000000eERIQA2,Status,Mailjourney,Appointment
2026-08-17T13:19:35.000Z,00QP500000sSrzxMAC,NL,0127Q000000upr9QAA,Status,New,Follow-up
2026-08-17T13:19:29.000Z,00QP500000rd5kVMAQ,BE,0127Q000000eERIQA2,Status,Follow-up,Mailjourney
2026-08-17T13:17:25.000Z,00QP500000sMK2fMAG,NL,0127Q000000upr9QAA,Status,Not reached,Follow-up
2026-08-17T13:12:28.000Z,00QQD00000cS83P2AS,BE,0127Q000000eERIQA2,Status,Follow-up,Mailjourney
2026-08-17T13:09:52.000Z,00QQD00000ZFq9z2AD,BE,0127Q000000eERIQA2,Status,Follow-up,Not reached
2026-08-17T13:09:22.000Z,00QP500000sNQ7gMAG,NL,0127Q000000upr9QAA,Status,Not reached,Brochure
2026-08-17T13:04:38.000Z,00QP500000sSQbkMAG,NL,0127Q000000upr9QAA,Status,New,Brochure
2026-08-17T13:04:32.000Z,00QP500000sC9MzMAK,BE,0127Q000000eERIQA2,Status,Follow-up,Not Qualified
2026-08-17T13:04:22.000Z,00QP500000rp8jQMAQ,NL,0127Q000000upr9QAA,Status,Follow-up,Appointment
2026-08-17T12:59:18.000Z,00QP500000sSXbTMAW,NL,0127Q000000upr9QAA,Status,New,Brochure
2026-08-17T12:58:20.000Z,00QP500000sNyxFMAS,BE,0127Q000000eERIQA2,Status,New,Follow-up
2026-08-17T12:57:52.000Z,00QP500000sRjJmMAK,NL,0127Q000000upr9QAA,Status,Not reached,Appointment
2026-08-17T12:56:37.000Z,00QP500000sSCDdMAO,NL,0127Q000000upr9QAA,Status,New,Appointment
2026-08-17T12:55:28.000Z,00QQD00000ZGfhw2AD,BE,0127Q000000eERIQA2,Status,Re-entered,Follow-up
2026-08-17T12:53:21.000Z,00QQD00000ZbUiv2AF,BE,0127Q000000eERIQA2,Status,Not reached,Appointment
2026-08-17T12:53:21.000Z,00QP500000pk2zAMAQ,BE,0127Q000000eERIQA2,Status,Not reached,Not Qualified
2026-08-17T12:51:14.000Z,00QP500000sRjJmMAK,NL,0127Q000000upr9QAA,Status,New,Not reached
2026-08-17T12:51:07.000Z,00QP500000sS83ZMAS,BE,0127Q000000eERIQA2,Status,Not reached,Not Qualified
2026-08-17T12:48:30.000Z,00QP500000sRg4AMAS,NL,0127Q000000upr9QAA,Status,New,Appointment
2026-08-17T12:47:48.000Z,00QP500000sR91hMAC,NL,0127Q000000upr9QAA,Status,New,Follow-up
2026-08-17T12:40:44.000Z,00QP500000sS5thMAC,NL,0127Q000000upr9QAA,Status,New,Appointment
2026-08-17T12:40:06.000Z,00QP500000sQCssMAG,BE,0127Q000000eERIQA2,Status,New,Follow-up
2026-08-17T12:39:57.000Z,00QP500000sS83ZMAS,BE,0127Q000000eERIQA2,Status,New,Not reached
2026-08-17T12:39:19.000Z,00QP500000sRSvZMAW,BE,0127Q000000eERIQA2,Status,New,Appointment
2026-08-17T12:39:03.000Z,00QP500000s2u8hMAA,NL,0127Q000000upr9QAA,Status,Not reached,Mailjourney
2026-08-17T12:37:10.000Z,00QQD00000ZGfhw2AD,BE,0127Q000000eERIQA2,Status,Mailjourney,Re-entered
2026-08-17T12:35:07.000Z,00QP500000sS9R3MAK,NL,0127Q000000upr9QAA,Status,New,Mailjourney
2026-08-17T12:35:04.000Z,00QP500000sS55hMAC,BE,0127Q000000eERIQA2,Status,New,Appointment
2026-08-17T12:32:22.000Z,00QP500000sR7hWMAS,NL,0127Q000000upr9QAA,Status,New,Appointment
2026-08-17T12:31:47.000Z,00QP500000sN42HMAS,NL,0127Q000000upr9QAA,Status,Not reached,Follow-up
2026-08-17T12:31:25.000Z,00QP500000r5KlzMAE,NL,0127Q000000upr9QAA,Status,Follow-up,Mailjourney
2026-08-17T12:31:05.000Z,00QQD00000ZbUiv2AF,BE,0127Q000000eERIQA2,Status,Re-entered,Not reached
2026-08-17T12:28:22.000Z,00QP500000sNLHbMAO,BE,0127Q000000eERIQA2,Status,New,Not reached
2026-08-17T12:27:32.000Z,00QP500000sOfCdMAK,BE,0127Q000000eERIQA2,Status,New,Mailjourney
2026-08-17T12:27:06.000Z,00QP500000qSS0EMAW,NL,0127Q000000upr9QAA,Status,Follow-up,Mailjourney
2026-08-17T12:26:08.000Z,00QQD00000ZErUe2AL,BE,0127Q000000eERIQA2,Status,Re-entered,Not reached
2026-08-17T12:25:04.000Z,00QP500000sR087MAC,BE,0127Q000000eERIQA2,Status,New,Not reached
2026-08-17T12:22:19.000Z,00QP500000sOLlrMAG,BE,0127Q000000eERIQA2,Status,New,Not reached
2026-08-17T12:20:54.000Z,00QP500000sSKskMAG,NL,0127Q000000upr9QAA,Status,New,Appointment
2026-08-17T12:20:11.000Z,00QP500000sPcEHMA0,BE,0127Q000000eERIQA2,Status,New,Not Qualified
2026-08-17T12:17:55.000Z,00QP500000rnx0PMAQ,NL,0127Q000000upr9QAA,Status,Re-entered,Not reached
2026-08-17T12:15:05.000Z,00QP500000sNL1SMAW,NL,0127Q000000upr9QAA,Status,Not reached,Lost
2026-08-17T12:10:38.000Z,00QP500000sMakAMAS,NL,0127Q000000upr9QAA,Status,Not reached,Mailjourney
2026-08-17T12:08:42.000Z,00QP500000sMrZeMAK,NL,0127Q000000upr9QAA,Status,Not reached,Lost
2026-08-17T12:07:53.000Z,00QQD00000GGF6m2AH,NL,0127Q000000upr9QAA,Status,Follow-up,Mailjourney
2026-08-17T12:06:15.000Z,00QQD00000ZFcKr2AL,BE,0127Q000000eERIQA2,Status,Re-entered,Appointment
2026-08-17T12:05:28.000Z,00QP500000sNvjFMAS,BE,0127Q000000eERIQA2,Status,Not reached,Follow-up
2026-08-17T12:04:37.000Z,00QP500000rgJPWMA2,NL,0127Q000000upr9QAA,Status,Follow-up,Mailjourney
2026-08-17T12:03:18.000Z,00QP500000rnx0PMAQ,NL,0127Q000000upr9QAA,Status,Lost,Re-entered
2026-08-17T12:00:39.000Z,00QP500000sKeF8MAK,NL,0127Q000000upr9QAA,Status,Not reached,Brochure
2026-08-17T11:59:19.000Z,00QP500000sS8V0MAK,NL,0127Q000000upr9QAA,Status,New,Appointment
2026-08-17T11:59:13.000Z,00QP500000sGy5xMAC,BE,0127Q000000eERIQA2,Status,Not reached,Follow-up
2026-08-17T11:58:09.000Z,00QP500000sJaVMMA0,NL,0127Q000000upr9QAA,Status,Not reached,Mailjourney
2026-08-17T11:57:39.000Z,00QP500000sMhyVMAS,NL,0127Q000000upr9QAA,Status,Not reached,Follow-up
2026-08-17T11:57:04.000Z,00QQD00000F9ji12AB,NL,0127Q000000upr9QAA,Status,Not reached,Mailjourney
2026-08-17T11:55:27.000Z,00QQD00000cYIW52AO,BE,0127Q000000eERIQA2,Status,Re-entered,Appointment
2026-08-17T11:53:43.000Z,00QP500000sRTTSMA4,NL,0127Q000000upr9QAA,Status,New,Appointment
2026-08-17T11:50:41.000Z,00QP500000sRExTMAW,BE,0127Q000000eERIQA2,Status,New,Not reached
2026-08-17T11:49:44.000Z,00QP500000sNvjFMAS,BE,0127Q000000eERIQA2,Status,New,Not reached
2026-08-17T11:49:01.000Z,00QP500000sFBLtMAO,NL,0127Q000000upr9QAA,Status,Not reached,Not Qualified
2026-08-17T11:48:27.000Z,00QP500000sNeIdMAK,BE,0127Q000000eERIQA2,Status,New,Not reached
2026-08-17T11:47:54.000Z,00QP500000sNWhjMAG,BE,0127Q000000eERIQA2,Status,New,Not reached
2026-08-17T11:47:47.000Z,00QP500000sNAJ2MAO,NL,0127Q000000upr9QAA,Status,Not reached,Follow-up
2026-08-17T11:47:31.000Z,00QQD00000byfiv2AA,BE,0127Q000000eERIQA2,Status,Re-entered,Appointment
2026-08-17T11:46:50.000Z,00QP500000sJucCMAS,NL,0127Q000000upr9QAA,Status,Not reached,Brochure
2026-08-17T11:44:24.000Z,00QP500000sMDu7MAG,NL,0127Q000000upr9QAA,Status,Re-entered - Phone Number Changed,Not Qualified
2026-08-17T11:44:15.000Z,00QP500000sNLHaMAO,NL,0127Q000000upr9QAA,Status,Mailjourney,Lost
2026-08-17T11:42:11.000Z,00QP500000s5gdrMAA,NL,0127Q000000upr9QAA,Status,Re-entered - Phone Number Changed,Not reached
2026-08-17T11:41:57.000Z,00QP500000sJmgPMAS,NL,0127Q000000upr9QAA,Status,Not reached,Mailjourney
2026-08-17T11:41:37.000Z,00QP500000s2JndMAE,NL,0127Q000000upr9QAA,Status,New,Mailjourney
2026-08-17T11:38:23.000Z,00QP500000sR0L2MAK,BE,0127Q000000eERIQA2,Status,New,Follow-up
2026-08-17T11:37:19.000Z,00QP500000sQzbsMAC,NL,0127Q000000upr9QAA,Status,New,Appointment
2026-08-17T11:36:06.000Z,00QP500000sRExVMAW,BE,0127Q000000eERIQA2,Status,New,Not reached
2026-08-17T11:35:31.000Z,00QP500000sRExUMAW,NL,0127Q000000upr9QAA,Status,New,Not reached
2026-08-17T11:33:13.000Z,00QP500000sQdjQMAS,BE,0127Q000000eERIQA2,Status,New,Mailjourney
2026-08-17T11:31:43.000Z,00QP500000s5gdrMAA,NL,0127Q000000upr9QAA,Status,Not reached,Re-entered - Phone Number Changed
2026-08-17T11:30:25.000Z,00QP500000s6S5lMAE,NL,0127Q000000upr9QAA,Status,Not reached,Follow-up
2026-08-17T11:30:15.000Z,00QP500000sMeHSMA0,BE,0127Q000000eERIQA2,Status,Follow-up,Appointment
2026-08-17T11:28:55.000Z,00QP500000sQXSfMAO,BE,0127Q000000eERIQA2,Status,New,Not reached
2026-08-17T11:28:31.000Z,00QP500000sRSCPMA4,NL,0127Q000000upr9QAA,Status,New,Not reached
2026-08-17T11:22:47.000Z,00QP500000sM9lVMAS,BE,0127Q000000eERIQA2,Status,New,Not reached
2026-08-17T11:18:04.000Z,00QP500000sFVHMMA4,NL,0127Q000000upr9QAA,Status,Not reached,Appointment
2026-08-17T11:02:55.000Z,00QP500000sRfETMA0,NL,0127Q000000upr9QAA,Status,New,Brochure
2026-08-17T11:02:11.000Z,00QQD00000dffQX2AY,NL,0127Q000000upr9QAA,Status,Mailjourney,Appointment
2026-08-17T10:59:37.000Z,00QP500000sMDu7MAG,NL,0127Q000000upr9QAA,Status,Mailjourney,Re-entered - Phone Number Changed
2026-08-17T10:54:01.000Z,00QP500000sRdMLMA0,BE,0127Q000000eERIQA2,Status,New,Appointment
2026-08-17T10:52:27.000Z,00QP500000sRExWMAW,BE,0127Q000000eERIQA2,Status,New,Not Qualified
2026-08-17T10:48:48.000Z,00QP500000sQhofMAC,NL,0127Q000000upr9QAA,Status,New,Appointment
2026-08-17T10:48:11.000Z,00QP500000sQSzGMAW,BE,0127Q000000eERIQA2,Status,New,Appointment
2026-08-17T10:38:07.000Z,00QP500000sRUNtMAO,NL,0127Q000000upr9QAA,Status,New,Appointment
2026-08-17T10:38:07.000Z,00QP500000sNWPuMAO,BE,0127Q000000eERIQA2,Status,New,Follow-up
2026-08-17T10:38:06.000Z,00QP500000sJ4s4MAC,BE,0127Q000000eERIQA2,Status,Re-entered - Phone Number Changed,Follow-up
2026-08-17T10:37:04.000Z,00QQD00000dN0KD2A0,NL,0127Q000000upr9QAA,Status,Re-entered,Not reached
2026-08-17T10:36:52.000Z,00QQD00000ZFcKr2AL,BE,0127Q000000eERIQA2,Status,Converted Old SF,Re-entered
2026-08-17T10:35:28.000Z,00QP500000sFVHMMA4,NL,0127Q000000upr9QAA,Status,New,Not reached
2026-08-17T10:34:56.000Z,00QQD00000AQMPu2AP,NL,0127Q000000upr9QAA,Status,Mailjourney,Appointment
2026-08-17T10:34:25.000Z,00QP500000sQdOQMA0,NL,0127Q000000upr9QAA,Status,New,Not Qualified
2026-08-17T10:32:22.000Z,00QP500000r3wfIMAQ,NL,0127Q000000upr9QAA,Status,Re-entered,Not Qualified
2026-08-17T10:31:37.000Z,00QP500000sMZ8EMAW,NL,0127Q000000upr9QAA,Status,Brochure,Follow-up
2026-08-17T10:30:57.000Z,00QP500000sNG4zMAG,BE,0127Q000000eERIQA2,Status,New,Not reached
2026-08-17T10:30:19.000Z,00QQD00000AQSlv2AH,NL,0127Q000000upr9QAA,Status,New,Not reached
2026-08-17T10:29:15.000Z,00QP500000sRQ2XMAW,NL,0127Q000000upr9QAA,Status,New,Not reached
2026-08-17T10:27:18.000Z,00QP500000sQD5mMAG,NL,0127Q000000upr9QAA,Status,New,Not Qualified
2026-08-17T10:24:57.000Z,00QQD00000dN0KD2A0,NL,0127Q000000upr9QAA,Status,Lost,Re-entered
2026-08-17T10:23:04.000Z,00QP500000sQe2jMAC,BE,0127Q000000eERIQA2,Status,New,Not reached
2026-08-17T10:22:27.000Z,00QP500000sR3xCMAS,NL,0127Q000000upr9QAA,Status,New,Appointment
2026-08-17T10:22:26.000Z,00QP500000sN4bkMAC,BE,0127Q000000eERIQA2,Status,New,Brochure
2026-08-17T10:19:16.000Z,00QP500000sMMPNMA4,BE,0127Q000000eERIQA2,Status,New,Not reached
2026-08-17T10:17:22.000Z,00QP500000sNls4MAC,NL,0127Q000000upr9QAA,Status,Not reached,Appointment
2026-08-17T10:16:24.000Z,00QP500000sM07BMAS,BE,0127Q000000eERIQA2,Status,New,Appointment
2026-08-17T10:15:35.000Z,00QP500000sMLpxMAG,BE,0127Q000000eERIQA2,Status,New,Not reached
2026-08-17T10:14:02.000Z,00QP500000sMJwHMAW,BE,0127Q000000eERIQA2,Status,New,Not reached
2026-08-17T10:13:52.000Z,00QP500000rnnylMAA,NL,0127Q000000upr9QAA,Status,Follow-up,Brochure
2026-08-17T10:13:20.000Z,00QP500000sQCMcMAO,NL,0127Q000000upr9QAA,Status,New,Appointment
2026-08-17T10:12:51.000Z,00QP500000sMGjmMAG,BE,0127Q000000eERIQA2,Status,New,Follow-up
2026-08-17T10:11:03.000Z,00QP500000sGUOtMAO,NL,0127Q000000upr9QAA,Status,New,Follow-up
2026-08-17T10:10:33.000Z,00QQD00000ARpn32AD,NL,0127Q000000upr9QAA,Status,Follow-up,Mailjourney
2026-08-17T10:10:01.000Z,00QP500000sQvRmMAK,NL,0127Q000000upr9QAA,Status,New,Brochure
2026-08-17T10:08:59.000Z,00QP500000r3wfIMAQ,NL,0127Q000000upr9QAA,Status,Not Qualified,Re-entered
2026-08-17T10:08:46.000Z,00QP500000sAzKqMAK,NL,0127Q000000upr9QAA,Status,Follow-up,Mailjourney
2026-08-17T10:07:44.000Z,00QP500000s7CwkMAE,NL,0127Q000000upr9QAA,Status,Follow-up,Mailjourney
2026-08-17T10:05:20.000Z,00QP500000s6a1hMAA,NL,0127Q000000upr9QAA,Status,Follow-up,Mailjourney
2026-08-17T10:05:12.000Z,00QP500000sQu5vMAC,NL,0127Q000000upr9QAA,Status,New,Mailjourney
2026-08-17T10:04:51.000Z,00QP500000roRRZMA2,NL,0127Q000000upr9QAA,Status,Follow-up,Mailjourney
2026-08-17T10:04:24.000Z,00QP500000pq8CFMAY,NL,0127Q000000upr9QAA,Status,Follow-up,Mailjourney
2026-08-17T10:02:06.000Z,00QP500000sM3mZMAS,BE,0127Q000000eERIQA2,Status,Not reached,Appointment
2026-08-17T10:00:38.000Z,00QP500000roD8PMAU,NL,0127Q000000upr9QAA,Status,Follow-up,Mailjourney
2026-08-17T09:57:48.000Z,00QP500000q0GGcMAM,NL,0127Q000000upr9QAA,Status,Follow-up,Lost
2026-08-17T09:56:17.000Z,00QP500000sGUOtMAO,NL,0127Q000000upr9QAA,Status,Mailjourney,New
2026-08-17T09:55:58.000Z,00QP500000sFVHMMA4,NL,0127Q000000upr9QAA,Status,Mailjourney,New
2026-08-17T09:55:44.000Z,00QP500000sMeanMAC,BE,0127Q000000eERIQA2,Status,New,Appointment
2026-08-17T09:55:27.000Z,00QP500000s2JndMAE,NL,0127Q000000upr9QAA,Status,Mailjourney,New
2026-08-17T09:55:18.000Z,00QQD00000APziD2AT,NL,0127Q000000upr9QAA,Status,New,Mailjourney
2026-08-17T09:53:43.000Z,00QP500000s74axMAA,NL,0127Q000000upr9QAA,Status,New,Mailjourney
2026-08-17T09:53:41.000Z,00QP500000s9cjhMAA,NL,0127Q000000upr9QAA,Status,Re-entered,Mailjourney
2026-08-17T09:53:39.000Z,00QP500000rj8z7MAA,NL,0127Q000000upr9QAA,Status,Follow-up,Mailjourney
2026-08-17T09:53:34.000Z,00QP500000s6arJMAQ,NL,0127Q000000upr9QAA,Status,New,Mailjourney
2026-08-17T09:52:50.000Z,00QP500000sQgfeMAC,BE,0127Q000000eERIQA2,Status,New,Mailjourney
2026-08-17T09:52:50.000Z,00QP500000s74axMAA,NL,0127Q000000upr9QAA,Status,Mailjourney,New
2026-08-17T09:52:49.000Z,00QP500000rg0hrMAA,NL,0127Q000000upr9QAA,Status,Follow-up,Mailjourney
2026-08-17T09:52:21.000Z,00QP500000s6arJMAQ,NL,0127Q000000upr9QAA,Status,Mailjourney,New
2026-08-17T09:50:39.000Z,00QP500000sAJ3tMAG,NL,0127Q000000upr9QAA,Status,Follow-up,Appointment
2026-08-17T09:50:38.000Z,00QP500000rZkJDMA0,NL,0127Q000000upr9QAA,Status,Follow-up,Appointment
2026-08-17T09:50:19.000Z,00QQD00000AQSlv2AH,NL,0127Q000000upr9QAA,Status,Mailjourney,New
2026-08-17T09:49:38.000Z,00QQD00000APziD2AT,NL,0127Q000000upr9QAA,Status,Mailjourney,New
2026-08-17T09:48:56.000Z,00QP500000s8EDGMA2,NL,0127Q000000upr9QAA,Status,Re-entered,Not reached
2026-08-17T09:48:08.000Z,00QP500000sAFWXMA4,NL,0127Q000000upr9QAA,Status,Re-entered,Mailjourney
2026-08-17T09:47:54.000Z,00QP500000sMeHSMA0,BE,0127Q000000eERIQA2,Status,New,Follow-up
2026-08-17T09:47:47.000Z,00QP500000rXVL3MAO,NL,0127Q000000upr9QAA,Status,Follow-up,Lost
2026-08-17T09:47:18.000Z,00QP500000sQozlMAC,NL,0127Q000000upr9QAA,Status,New,Appointment
2026-08-17T09:47:17.000Z,00QQD00000AQd1V2AT,NL,0127Q000000upr9QAA,Status,Re-entered,Mailjourney
2026-08-17T09:45:06.000Z,00QP500000s9Xj9MAE,NL,0127Q000000upr9QAA,Status,Re-entered,Not reached
2026-08-17T09:44:01.000Z,00QQD00000e3J3v2AE,NL,0127Q000000upr9QAA,Status,Follow-up,Mailjourney
2026-08-17T09:43:45.000Z,00QP500000rEK6oMAG,NL,0127Q000000upr9QAA,Status,Follow-up,Mailjourney
2026-08-17T09:43:26.000Z,00QP500000sJ4s4MAC,BE,0127Q000000eERIQA2,Status,Not reached,Re-entered - Phone Number Changed
2026-08-17T09:43:06.000Z,00QQD00000e1G5K2AU,NL,0127Q000000upr9QAA,Status,Follow-up,Mailjourney
2026-08-17T09:42:43.000Z,00QP500000rowqRMAQ,NL,0127Q000000upr9QAA,Status,Follow-up,Mailjourney
2026-08-17T09:41:17.000Z,00QP500000pwWLXMA2,NL,0127Q000000upr9QAA,Status,Follow-up,Lost
2026-08-17T09:39:59.000Z,00QP500000sLwOTMA0,BE,0127Q000000eERIQA2,Status,New,Not reached
2026-08-17T09:39:24.000Z,00QP500000rqDAlMAM,NL,0127Q000000upr9QAA,Status,Follow-up,Mailjourney
2026-08-17T09:38:55.000Z,00QP500000sKjEqMAK,BE,0127Q000000eERIQA2,Status,New,Lost
2026-08-17T09:38:14.000Z,00QP500000rknYiMAI,NL,0127Q000000upr9QAA,Status,Follow-up,Appointment
2026-08-17T09:36:02.000Z,00QP500000rH2rkMAC,NL,0127Q000000upr9QAA,Status,Follow-up,Mailjourney
2026-08-17T09:35:17.000Z,00QP500000sJ62bMAC,BE,0127Q000000eERIQA2,Status,New,Appointment
2026-08-17T09:34:09.000Z,00QQD00000YwhDt2AJ,NL,0127Q000000upr9QAA,Status,Follow-up,Not Qualified
2026-08-17T09:30:59.000Z,00QP500000rX6MjMAK,NL,0127Q000000upr9QAA,Status,Follow-up,Mailjourney
2026-08-17T09:30:40.000Z,00QP500000rkG01MAE,NL,0127Q000000upr9QAA,Status,Follow-up,Lost
2026-08-17T09:29:47.000Z,00QP500000rTQf0MAG,NL,0127Q000000upr9QAA,Status,Follow-up,Mailjourney
2026-08-17T09:29:09.000Z,00QP500000sP4u9MAC,BE,0127Q000000eERIQA2,Status,New,Not reached
2026-08-17T09:29:07.000Z,00QP500000rirrvMAA,NL,0127Q000000upr9QAA,Status,Follow-up,Mailjourney
2026-08-17T09:28:25.000Z,00QP500000sMdtFMAS,BE,0127Q000000eERIQA2,Status,New,Not reached
2026-08-17T09:28:16.000Z,00QP500000rNv0hMAC,NL,0127Q000000upr9QAA,Status,Follow-up,Mailjourney
2026-08-17T09:28:10.000Z,00QP500000sQXEAMA4,NL,0127Q000000upr9QAA,Status,New,Appointment
2026-08-17T09:27:34.000Z,00QP500000sQ7I8MAK,NL,0127Q000000upr9QAA,Status,New,Not reached
2026-08-17T09:27:29.000Z,00QP500000sKhMhMAK,BE,0127Q000000eERIQA2,Status,New,Not reached
2026-08-17T09:27:01.000Z,00QQD00000AQd1V2AT,NL,0127Q000000upr9QAA,Status,Converted Old SF,Re-entered
2026-08-17T09:26:53.000Z,00QP500000sMZ8EMAW,NL,0127Q000000upr9QAA,Status,Not reached,Brochure
2026-08-17T09:26:24.000Z,00QP500000sMbpxMAC,BE,0127Q000000eERIQA2,Status,New,Brochure
2026-08-17T09:24:56.000Z,00QP500000sKeNEMA0,BE,0127Q000000eERIQA2,Status,New,Not reached
2026-08-17T09:24:42.000Z,00QP500000pmW3RMAU,NL,0127Q000000upr9QAA,Status,Follow-up,Lost
2026-08-17T09:24:33.000Z,00QP500000sHcwDMAS,NL,0127Q000000upr9QAA,Status,Brochure,Follow-up
2026-08-17T09:24:33.000Z,00QP500000sH4piMAC,NL,0127Q000000upr9QAA,Status,Brochure,Follow-up
2026-08-17T09:23:10.000Z,00QP500000sMZ8FMAW,BE,0127Q000000eERIQA2,Status,New,Not reached
2026-08-17T09:22:18.000Z,00QP500000sKgtfMAC,NL,0127Q000000upr9QAA,Status,Not reached,Appointment
2026-08-17T09:22:04.000Z,00QP500000sKbcFMAS,BE,0127Q000000eERIQA2,Status,New,Not reached
2026-08-17T09:21:42.000Z,00QP500000sQXE9MAO,NL,0127Q000000upr9QAA,Status,New,Not reached
2026-08-17T09:21:01.000Z,00QP500000s2u8hMAA,NL,0127Q000000upr9QAA,Status,Re-entered,Not reached
2026-08-17T09:20:54.000Z,00QP500000sJ4s4MAC,BE,0127Q000000eERIQA2,Status,New,Not reached
2026-08-17T09:20:08.000Z,00QP500000sMYqTMAW,BE,0127Q000000eERIQA2,Status,New,Appointment
2026-08-17T09:18:55.000Z,00QP500000sInCrMAK,BE,0127Q000000eERIQA2,Status,New,Mailjourney
2026-08-17T09:18:46.000Z,00QQD00000cruHV2AY,NL,0127Q000000upr9QAA,Status,Re-entered,Follow-up
2026-08-17T09:18:02.000Z,00QP500000sPDayMAG,NL,0127Q000000upr9QAA,Status,New,Not Qualified
2026-08-17T09:17:58.000Z,00QP500000sKbVlMAK,BE,0127Q000000eERIQA2,Status,New,Mailjourney
2026-08-17T09:17:10.000Z,00QP500000sItjnMAC,NL,0127Q000000upr9QAA,Status,Not reached,Follow-up
2026-08-17T09:13:57.000Z,00QP500000s5gdrMAA,NL,0127Q000000upr9QAA,Status,Re-entered,Not reached
2026-08-17T09:13:01.000Z,00QQD00000AQeQN2A1,NL,0127Q000000upr9QAA,Status,Re-entered,Not Qualified
2026-08-17T09:11:02.000Z,00QP500000sMy9iMAC,NL,0127Q000000upr9QAA,Status,Re-entered,Mailjourney
2026-08-17T09:10:40.000Z,00QP500000sNSMJMA4,NL,0127Q000000upr9QAA,Status,Not reached,Follow-up
2026-08-17T09:10:01.000Z,00QP500000sMO7tMAG,BE,0127Q000000eERIQA2,Status,New,Not reached
2026-08-17T09:09:25.000Z,00QP500000sJ2QQMA0,BE,0127Q000000eERIQA2,Status,Not reached,Not Qualified
2026-08-17T09:08:25.000Z,00QP500000sKctFMAS,BE,0127Q000000eERIQA2,Status,New,Not reached
2026-08-17T09:07:39.000Z,00QP500000sN4jtMAC,NL,0127Q000000upr9QAA,Status,Re-entered,Not reached
2026-08-17T09:07:34.000Z,00QP500000sKYL1MAO,BE,0127Q000000eERIQA2,Status,New,Mailjourney
2026-08-17T09:06:42.000Z,00QP500000sJ2QQMA0,BE,0127Q000000eERIQA2,Status,New,Not reached
2026-08-17T09:05:44.000Z,00QP500000sMWNBMA4,NL,0127Q000000upr9QAA,Status,Re-entered,Mailjourney
2026-08-17T09:05:36.000Z,00QP500000sMphbMAC,NL,0127Q000000upr9QAA,Status,New,Appointment
2026-08-17T09:05:19.000Z,00QP500000sHj6WMAS,BE,0127Q000000eERIQA2,Status,New,Not reached
2026-08-17T09:04:34.000Z,00QP500000sHQv3MAG,BE,0127Q000000eERIQA2,Status,New,Not Qualified
2026-08-17T09:03:44.000Z,00QP500000sKUNqMAO,BE,0127Q000000eERIQA2,Status,New,Lost
2026-08-17T09:02:29.000Z,00QP500000sFd6sMAC,NL,0127Q000000upr9QAA,Status,Re-entered,Not reached
2026-08-17T09:02:17.000Z,00QQD00000bnd7l2AA,NL,0127Q000000upr9QAA,Status,Follow-up,Mailjourney
2026-08-17T09:01:39.000Z,00QP500000sPCn0MAG,NL,0127Q000000upr9QAA,Status,Not reached,Not Qualified
2026-08-17T09:01:25.000Z,00QP500000sLUFUMA4,BE,0127Q000000eERIQA2,Status,New,Not reached
2026-08-17T09:00:59.000Z,00QP500000s8MieMAE,NL,0127Q000000upr9QAA,Status,Re-entered,Not reached
2026-08-17T08:59:17.000Z,00QP500000sQcH3MAK,NL,0127Q000000upr9QAA,Status,New,Appointment
2026-08-17T08:56:29.000Z,00QP500000s2u8hMAA,NL,0127Q000000upr9QAA,Status,Mailjourney,Re-entered
2026-08-17T08:55:49.000Z,00QP500000s5gdrMAA,NL,0127Q000000upr9QAA,Status,Not Qualified,Re-entered
2026-08-17T08:55:39.000Z,00QP500000s5gdrMAA,NL,0127Q000000upr9QAA,Status,Mailjourney,Not Qualified
2026-08-17T08:55:17.000Z,00QP500000s8EDGMA2,NL,0127Q000000upr9QAA,Status,Mailjourney,Re-entered
2026-08-17T08:55:13.000Z,00QP500000sPCn0MAG,NL,0127Q000000upr9QAA,Status,New,Not reached
2026-08-17T08:55:01.000Z,00QP500000sQGA8MAO,NL,0127Q000000upr9QAA,Status,New,Appointment
2026-08-17T08:54:59.000Z,00QP500000s8MieMAE,NL,0127Q000000upr9QAA,Status,Mailjourney,Re-entered
2026-08-17T08:54:42.000Z,00QP500000rXGvXMAW,NL,0127Q000000upr9QAA,Status,Follow-up,Appointment
2026-08-17T08:54:41.000Z,00QP500000s9cjhMAA,NL,0127Q000000upr9QAA,Status,Mailjourney,Re-entered
2026-08-17T08:54:34.000Z,00QQD00000CVfKv2AL,NL,0127Q000000upr9QAA,Status,Not reached,Lost
2026-08-17T08:54:22.000Z,00QP500000sAFWXMA4,NL,0127Q000000upr9QAA,Status,Mailjourney,Re-entered
2026-08-17T08:53:58.000Z,00QP500000sMLpyMAG,NL,0127Q000000upr9QAA,Status,New,Mailjourney
2026-08-17T08:53:42.000Z,00QP500000s9Xj9MAE,NL,0127Q000000upr9QAA,Status,Mailjourney,Re-entered
2026-08-17T08:53:17.000Z,00QP500000sFd6sMAC,NL,0127Q000000upr9QAA,Status,Mailjourney,Re-entered
2026-08-17T08:53:11.000Z,00QP500000sK4y5MAC,BE,0127Q000000eERIQA2,Status,New,Appointment
2026-08-17T08:52:08.000Z,00QP500000sPSlEMAW,NL,0127Q000000upr9QAA,Status,New,Appointment
2026-08-17T08:51:33.000Z,00QP500000sGy5xMAC,BE,0127Q000000eERIQA2,Status,New,Not reached
2026-08-17T08:51:27.000Z,00QP500000rji1dMAA,NL,0127Q000000upr9QAA,Status,Follow-up,Mailjourney
2026-08-17T08:50:40.000Z,00QP500000sGxBVMA0,BE,0127Q000000eERIQA2,Status,New,Not reached
2026-08-17T08:48:53.000Z,00QP500000sNq3eMAC,NL,0127Q000000upr9QAA,Status,New,Not reached
2026-08-17T08:48:52.000Z,00QP500000sGknnMAC,BE,0127Q000000eERIQA2,Status,New,Follow-up
2026-08-17T08:47:51.000Z,00QP500000qXvmSMAS,BE,0127Q000000eERIQA2,Status,Mailjourney,Appointment
2026-08-17T08:47:13.000Z,00QQD00000cruHV2AY,NL,0127Q000000upr9QAA,Status,Mailjourney,Re-entered
2026-08-17T08:46:54.000Z,00QP500000sMWNBMA4,NL,0127Q000000upr9QAA,Status,Mailjourney,Re-entered
2026-08-17T08:46:33.000Z,00QP500000sMy9iMAC,NL,0127Q000000upr9QAA,Status,Mailjourney,Re-entered
2026-08-17T08:46:33.000Z,00QP500000qItmUMAS,NL,0127Q000000upr9QAA,Status,Follow-up,Mailjourney
2026-08-17T08:46:32.000Z,00QP500000sHJITMA4,BE,0127Q000000eERIQA2,Status,New,Follow-up
2026-08-17T08:46:05.000Z,00QP500000sN4jtMAC,NL,0127Q000000upr9QAA,Status,Mailjourney,Re-entered
2026-08-17T08:45:59.000Z,00QP500000sKgtfMAC,NL,0127Q000000upr9QAA,Status,New,Not reached
2026-08-17T08:45:10.000Z,00QP500000sK8bpMAC,BE,0127Q000000eERIQA2,Status,New,Not Qualified
2026-08-17T08:44:48.000Z,00QQD00000CVfKv2AL,NL,0127Q000000upr9QAA,Status,Re-entered,Not reached
2026-08-17T08:44:00.000Z,00QP500000sGgNaMAK,BE,0127Q000000eERIQA2,Status,Not reached,Not Qualified
2026-08-17T08:43:18.000Z,00QP500000sNDYYMA4,NL,0127Q000000upr9QAA,Status,New,Appointment
2026-08-17T08:42:51.000Z,00QP500000sNSMIMA4,NL,0127Q000000upr9QAA,Status,New,Follow-up
2026-08-17T08:41:03.000Z,00QP500000sMrZeMAK,NL,0127Q000000upr9QAA,Status,New,Not reached
2026-08-17T08:40:57.000Z,00QP500000sObsGMAS,NL,0127Q000000upr9QAA,Status,New,Appointment
2026-08-17T08:39:54.000Z,00QP500000sMoqNMAS,NL,0127Q000000upr9QAA,Status,New,Not reached
2026-08-17T08:38:26.000Z,00QP500000sLuEcMAK,NL,0127Q000000upr9QAA,Status,Not reached,Appointment
2026-08-17T08:36:32.000Z,00QP500000sQQ9RMAW,BE,0127Q000000eERIQA2,Status,New,Appointment
2026-08-17T08:35:58.000Z,00QP500000sMbJcMAK,NL,0127Q000000upr9QAA,Status,New,Not reached
2026-08-17T08:34:45.000Z,00QP500000sNsFAMA0,NL,0127Q000000upr9QAA,Status,New,Not Qualified
2026-08-17T08:34:28.000Z,00QP500000sNLHaMAO,NL,0127Q000000upr9QAA,Status,New,Mailjourney
2026-08-17T08:32:53.000Z,00QP500000sNFyZMAW,NL,0127Q000000upr9QAA,Status,New,Appointment
2026-08-17T08:32:12.000Z,00QP500000sN4jtMAC,NL,0127Q000000upr9QAA,Status,New,Mailjourney
2026-08-17T08:31:49.000Z,00QP500000sMy9iMAC,NL,0127Q000000upr9QAA,Status,New,Mailjourney
2026-08-17T08:31:27.000Z,00QP500000sMakAMAS,NL,0127Q000000upr9QAA,Status,New,Not reached
2026-08-17T08:30:59.000Z,00QP500000sIzp8MAC,NL,0127Q000000upr9QAA,Status,New,Follow-up
2026-08-17T08:30:52.000Z,00QP500000sJaVMMA0,NL,0127Q000000upr9QAA,Status,New,Not reached
2026-08-17T08:30:19.000Z,00QP500000sM3mZMAS,BE,0127Q000000eERIQA2,Status,New,Not reached
2026-08-17T08:29:54.000Z,00QP500000sJZr1MAG,NL,0127Q000000upr9QAA,Status,New,Not Qualified
2026-08-17T08:29:22.000Z,00QP500000sMY5bMAG,NL,0127Q000000upr9QAA,Status,New,Not Qualified
2026-08-17T08:29:17.000Z,00QP500000sHBcfMAG,BE,0127Q000000eERIQA2,Status,New,Not reached
2026-08-17T08:27:17.000Z,00QP500000sMekWMAS,NL,0127Q000000upr9QAA,Status,New,Appointment
2026-08-17T08:27:15.000Z,00QP500000sJbCrMAK,NL,0127Q000000upr9QAA,Status,New,Appointment
2026-08-17T08:26:41.000Z,00QP500000sKNfkMAG,NL,0127Q000000upr9QAA,Status,New,Appointment
2026-08-17T08:24:19.000Z,00QP500000sMJHuMAO,NL,0127Q000000upr9QAA,Status,New,Appointment
2026-08-17T08:22:34.000Z,00QP500000sIjNlMAK,BE,0127Q000000eERIQA2,Status,New,Not reached
2026-08-17T08:21:06.000Z,00QP500000sLh2rMAC,NL,0127Q000000upr9QAA,Status,New,Appointment
2026-08-17T08:20:18.000Z,00QP500000sGgNaMAK,BE,0127Q000000eERIQA2,Status,New,Not reached
2026-08-17T08:19:39.000Z,00QQD00000dwl4v2AA,BE,0127Q000000eERIQA2,Status,Follow-up,Appointment
2026-08-17T08:18:39.000Z,00QP500000sOFtFMAW,NL,0127Q000000upr9QAA,Status,New,Mailjourney
2026-08-17T08:17:13.000Z,00QP500000sMWS3MAO,NL,0127Q000000upr9QAA,Status,New,Lost
2026-08-17T08:17:03.000Z,00QP500000sNls4MAC,NL,0127Q000000upr9QAA,Status,New,Not reached
2026-08-17T08:16:04.000Z,00QP500000sHRCnMAO,BE,0127Q000000eERIQA2,Status,New,Appointment
2026-08-17T08:15:32.000Z,00QP500000sN42HMAS,NL,0127Q000000upr9QAA,Status,New,Not reached
2026-08-17T08:15:29.000Z,00QP500000sL3bhMAC,NL,0127Q000000upr9QAA,Status,New,Mailjourney
2026-08-17T08:14:29.000Z,00QP500000sODWTMA4,NL,0127Q000000upr9QAA,Status,New,Mailjourney
2026-08-17T08:14:19.000Z,00QP500000sMxlYMAS,NL,0127Q000000upr9QAA,Status,New,Not reached
2026-08-17T08:13:52.000Z,00QP500000sKaxwMAC,NL,0127Q000000upr9QAA,Status,New,Appointment
2026-08-17T08:13:32.000Z,00QP500000sLMG9MAO,NL,0127Q000000upr9QAA,Status,New,Not reached
2026-08-17T08:12:50.000Z,00QP500000sMVFmMAO,NL,0127Q000000upr9QAA,Status,New,Not reached
2026-08-17T08:12:31.000Z,00QP500000sItjnMAC,NL,0127Q000000upr9QAA,Status,New,Not reached
2026-08-17T08:12:02.000Z,00QP500000sJ0QFMA0,NL,0127Q000000upr9QAA,Status,New,Mailjourney
2026-08-17T08:11:30.000Z,00QP500000sLuEcMAK,NL,0127Q000000upr9QAA,Status,New,Not reached
2026-08-17T08:09:39.000Z,00QP500000sMMkZMAW,NL,0127Q000000upr9QAA,Status,New,Follow-up
2026-08-17T08:09:26.000Z,00QP500000sMn6EMAS,NL,0127Q000000upr9QAA,Status,New,Mailjourney
2026-08-17T08:08:37.000Z,00QP500000sK8bsMAC,NL,0127Q000000upr9QAA,Status,Re-entered,Not reached
2026-08-17T08:07:50.000Z,00QP500000sKeF8MAK,NL,0127Q000000upr9QAA,Status,New,Not reached
2026-08-17T08:07:44.000Z,00QP500000sIxQnMAK,NL,0127Q000000upr9QAA,Status,New,Not reached
2026-08-17T08:06:50.000Z,00QP500000sNSMJMA4,NL,0127Q000000upr9QAA,Status,New,Not reached
2026-08-17T08:06:50.000Z,00QP500000sNQ7gMAG,NL,0127Q000000upr9QAA,Status,New,Not reached
2026-08-17T08:06:41.000Z,00QP500000sJQW2MAO,NL,0127Q000000upr9QAA,Status,New,Follow-up
2026-08-17T08:06:15.000Z,00QP500000sK1LsMAK,NL,0127Q000000upr9QAA,Status,New,Mailjourney
2026-08-17T08:05:43.000Z,00QP500000sNL1SMAW,NL,0127Q000000upr9QAA,Status,New,Not reached
2026-08-17T08:05:39.000Z,00QP500000sMvjhMAC,NL,0127Q000000upr9QAA,Status,New,Appointment
2026-08-17T08:05:33.000Z,00QP500000sDA0sMAG,BE,0127Q000000eERIQA2,Status,Mailjourney,Appointment
2026-08-17T08:04:36.000Z,00QP500000sLuEcMAK,NL,0127Q000000upr9QAA,Status,Mailjourney,New
2026-08-17T08:04:23.000Z,00QP500000sK4LTMA0,BE,0127Q000000eERIQA2,Status,New,Appointment
2026-08-17T08:04:13.000Z,00QP500000sMK2fMAG,NL,0127Q000000upr9QAA,Status,New,Not reached
2026-08-17T08:03:38.000Z,00QP500000sMVPRMA4,NL,0127Q000000upr9QAA,Status,New,Not reached
2026-08-17T08:03:26.000Z,00QP500000sMthvMAC,NL,0127Q000000upr9QAA,Status,New,Not reached
2026-08-17T08:02:55.000Z,00QP500000sJmgPMAS,NL,0127Q000000upr9QAA,Status,New,Not reached
2026-08-17T08:02:31.000Z,00QP500000sHcwDMAS,NL,0127Q000000upr9QAA,Status,New,Brochure
2026-08-17T08:02:24.000Z,00QP500000sM5V1MAK,NL,0127Q000000upr9QAA,Status,New,Lost
2026-08-17T08:02:20.000Z,00QP500000sJPV8MAO,NL,0127Q000000upr9QAA,Status,New,Appointment
2026-08-17T08:01:14.000Z,00QP500000sJiB9MAK,NL,0127Q000000upr9QAA,Status,New,Follow-up
2026-08-17T08:00:23.000Z,00QP500000sOFtFMAW,NL,0127Q000000upr9QAA,Status,Mailjourney,New
2026-08-17T08:00:15.000Z,00QQD00000F9ji12AB,NL,0127Q000000upr9QAA,Status,Re-entered,Not reached
2026-08-17T08:00:05.000Z,00QQD00000ZGuA72AL,BE,0127Q000000eERIQA2,Status,Re-entered,Mailjourney
2026-08-17T07:59:20.000Z,00QP500000sKstCMAS,NL,0127Q000000upr9QAA,Status,New,Not reached
2026-08-17T07:59:16.000Z,00QP500000sODWTMA4,NL,0127Q000000upr9QAA,Status,Mailjourney,New
2026-08-17T07:59:16.000Z,00QP500000sMWNBMA4,NL,0127Q000000upr9QAA,Status,New,Mailjourney
2026-08-17T07:58:44.000Z,00QP500000sNsFAMA0,NL,0127Q000000upr9QAA,Status,Mailjourney,New
2026-08-17T07:58:36.000Z,00QP500000sGpFdMAK,NL,0127Q000000upr9QAA,Status,New,Appointment
2026-08-17T07:58:23.000Z,00QP500000sNL1SMAW,NL,0127Q000000upr9QAA,Status,Mailjourney,New
2026-08-17T07:57:43.000Z,00QP500000sMthvMAC,NL,0127Q000000upr9QAA,Status,Mailjourney,New
2026-08-17T07:57:24.000Z,00QP500000sLuEcMAK,NL,0127Q000000upr9QAA,Status,New,Mailjourney
2026-08-17T07:57:09.000Z,00QP500000sMWNBMA4,NL,0127Q000000upr9QAA,Status,Mailjourney,New
2026-08-17T07:57:06.000Z,00QP500000sKCVpMAO,NL,0127Q000000upr9QAA,Status,New,Mailjourney
2026-08-17T07:57:02.000Z,00QP500000sKqurMAC,NL,0127Q000000upr9QAA,Status,New,Not reached
2026-08-17T07:57:00.000Z,00QP500000sHhkcMAC,NL,0127Q000000upr9QAA,Status,New,Not reached
2026-08-17T07:56:44.000Z,00QP500000sLuEcMAK,NL,0127Q000000upr9QAA,Status,Mailjourney,New
2026-08-17T07:56:12.000Z,00QP500000sItjnMAC,NL,0127Q000000upr9QAA,Status,Mailjourney,New
2026-08-17T07:56:09.000Z,00QP500000sJeXWMA0,NL,0127Q000000upr9QAA,Status,New,Not reached
2026-08-17T07:55:47.000Z,00QP500000sGUOtMAO,NL,0127Q000000upr9QAA,Status,New,Mailjourney
2026-08-17T07:55:35.000Z,00QP500000sIzp8MAC,NL,0127Q000000upr9QAA,Status,Mailjourney,New
2026-08-17T07:55:34.000Z,00QP500000sKjOUMA0,NL,0127Q000000upr9QAA,Status,New,Not reached
2026-08-17T07:55:22.000Z,00QP500000sJ3m7MAC,NL,0127Q000000upr9QAA,Status,New,Not reached
2026-08-17T07:54:55.000Z,00QP500000sMhyVMAS,NL,0127Q000000upr9QAA,Status,New,Not reached
2026-08-17T07:54:52.000Z,00QP500000sH4piMAC,NL,0127Q000000upr9QAA,Status,New,Brochure
2026-08-17T07:54:44.000Z,00QP500000sJR3rMAG,NL,0127Q000000upr9QAA,Status,New,Mailjourney
2026-08-17T07:54:38.000Z,00QP500000sJvd4MAC,BE,0127Q000000eERIQA2,Status,Not reached,Appointment
2026-08-17T07:54:21.000Z,00QP500000sNAJ2MAO,NL,0127Q000000upr9QAA,Status,New,Not reached
2026-08-17T07:53:33.000Z,00QP500000sIwcmMAC,NL,0127Q000000upr9QAA,Status,Not reached,Appointment
2026-08-17T07:53:22.000Z,00QP500000sN5JHMA0,NL,0127Q000000upr9QAA,Status,New,Not Qualified
2026-08-17T07:53:10.000Z,00QP500000sJeSaMAK,NL,0127Q000000upr9QAA,Status,New,Appointment
2026-08-17T07:53:09.000Z,00QQD00000AQeQN2A1,NL,0127Q000000upr9QAA,Status,Converted Old SF,Re-entered
2026-08-17T07:51:18.000Z,00QP500000sGqegMAC,NL,0127Q000000upr9QAA,Status,Not reached,Mailjourney
2026-08-17T07:51:14.000Z,00QP500000sMRk9MAG,NL,0127Q000000upr9QAA,Status,New,Follow-up
2026-08-17T07:50:46.000Z,00QP500000sMZ8EMAW,NL,0127Q000000upr9QAA,Status,New,Not reached
2026-08-17T07:49:41.000Z,00QQD00000cC4mk2AC,NL,0127Q000000upr9QAA,Status,Not reached,Mailjourney
2026-08-17T07:49:03.000Z,00QQD00000cC4mk2AC,NL,0127Q000000upr9QAA,Status,Re-entered,Not reached
2026-08-17T07:48:58.000Z,00QQD00000CVfKv2AL,NL,0127Q000000upr9QAA,Status,Mailjourney,Re-entered
2026-08-17T07:48:34.000Z,00QP500000sGqegMAC,NL,0127Q000000upr9QAA,Status,New,Not reached
2026-08-17T07:47:52.000Z,00QP500000sObytMAC,NL,0127Q000000upr9QAA,Status,New,Not Qualified
2026-08-17T07:46:48.000Z,00QQD00000APzsn2AD,NL,0127Q000000upr9QAA,Status,Re-entered,Not reached
2026-08-17T07:46:47.000Z,00QP500000sGUOtMAO,NL,0127Q000000upr9QAA,Status,Mailjourney,New
2026-08-17T07:45:55.000Z,00QP500000sJCROMA4,BE,0127Q000000eERIQA2,Status,New,Follow-up
2026-08-17T07:45:50.000Z,00QP500000sKQYkMAO,NL,0127Q000000upr9QAA,Status,New,Appointment
2026-08-17T07:45:41.000Z,00QP500000qLhlZMAS,NL,0127Q000000upr9QAA,Status,Not reached,Appointment
2026-08-17T07:45:24.000Z,00QP500000sJucCMAS,NL,0127Q000000upr9QAA,Status,New,Not reached
2026-08-17T07:45:07.000Z,00QP500000sGaoSMAS,NL,0127Q000000upr9QAA,Status,New,Appointment
2026-08-17T07:44:42.000Z,00QP500000sJvd7MAC,BE,0127Q000000eERIQA2,Status,New,Not reached
2026-08-17T07:44:22.000Z,00QP500000sKq3OMAS,BE,0127Q000000eERIQA2,Status,Not reached,Appointment
2026-08-17T07:42:47.000Z,00QP500000sJaGpMAK,NL,0127Q000000upr9QAA,Status,New,Not reached
2026-08-17T07:42:25.000Z,00QP500000sIwxiMAC,NL,0127Q000000upr9QAA,Status,New,Not Qualified
2026-08-17T07:40:24.000Z,00QP500000sIWWzMAO,NL,0127Q000000upr9QAA,Status,New,Appointment
2026-08-17T07:39:58.000Z,00QP500000sJvd4MAC,BE,0127Q000000eERIQA2,Status,New,Not reached
2026-08-17T07:39:20.000Z,00QP500000sIwcmMAC,NL,0127Q000000upr9QAA,Status,New,Not reached
2026-08-17T07:38:25.000Z,00QP500000sJbKxMAK,BE,0127Q000000eERIQA2,Status,New,Not reached
2026-08-17T07:36:51.000Z,00QP500000sPAZmMAO,NL,0127Q000000upr9QAA,Status,New,Appointment
2026-08-17T07:36:42.000Z,00QP500000qLhlZMAS,NL,0127Q000000upr9QAA,Status,Re-entered,Not reached
2026-08-17T07:36:40.000Z,00QP500000sJ96wMAC,BE,0127Q000000eERIQA2,Status,New,Appointment
2026-08-17T07:35:26.000Z,00QP500000sI2PHMA0,NL,0127Q000000upr9QAA,Status,New,Not reached
2026-08-17T07:32:46.000Z,00QP500000sJUUnMAO,BE,0127Q000000eERIQA2,Status,New,Not Qualified
2026-08-17T07:30:33.000Z,00QP500000sJQR8MAO,BE,0127Q000000eERIQA2,Status,New,Not reached
2026-08-17T07:28:29.000Z,00QP500000sJQ7mMAG,BE,0127Q000000eERIQA2,Status,New,Follow-up
2026-08-17T07:27:23.000Z,00QQD00000APyLC2A1,NL,0127Q000000upr9QAA,Status,Mailjourney,Appointment
2026-08-17T07:27:11.000Z,00QP500000sL3ILMA0,BE,0127Q000000eERIQA2,Status,New,Mailjourney
2026-08-17T07:25:33.000Z,00QP500000sI1zTMAS,BE,0127Q000000eERIQA2,Status,New,Appointment
2026-08-17T07:23:44.000Z,00QP500000sLuEcMAK,NL,0127Q000000upr9QAA,Status,New,Mailjourney
2026-08-17T07:23:24.000Z,00QP500000sKq3OMAS,BE,0127Q000000eERIQA2,Status,New,Not reached
2026-08-17T07:20:40.000Z,00QQD00000AQ1B02AL,NL,0127Q000000upr9QAA,Status,Re-entered,Mailjourney
2026-08-17T07:19:37.000Z,00QP500000sNsFAMA0,NL,0127Q000000upr9QAA,Status,New,Mailjourney
2026-08-17T07:19:36.000Z,00QQD00000BEMdR2AX,NL,0127Q000000upr9QAA,Status,Re-entered,Mailjourney
2026-08-17T07:18:35.000Z,00QP500000sNL1SMAW,NL,0127Q000000upr9QAA,Status,New,Mailjourney
2026-08-17T07:17:37.000Z,00QP500000sMWqFMAW,BE,0127Q000000eERIQA2,Status,Not reached,Appointment
2026-08-17T07:17:34.000Z,00QP500000sMDu7MAG,NL,0127Q000000upr9QAA,Status,New,Mailjourney
2026-08-17T07:17:02.000Z,00QP500000sItjnMAC,NL,0127Q000000upr9QAA,Status,New,Mailjourney
2026-08-17T07:16:48.000Z,00QP500000sGYd2MAG,BE,0127Q000000eERIQA2,Status,New,Not reached
2026-08-17T07:16:28.000Z,00QP500000sNMggMAG,BE,0127Q000000eERIQA2,Status,New,Not reached
2026-08-17T07:16:18.000Z,00QP500000sMlsPMAS,NL,0127Q000000upr9QAA,Status,New,Not Qualified
2026-08-17T07:15:03.000Z,00QP500000sHO5FMAW,NL,0127Q000000upr9QAA,Status,New,Mailjourney
2026-08-17T07:15:00.000Z,00QP500000sMn6EMAS,NL,0127Q000000upr9QAA,Status,Mailjourney,New
2026-08-17T07:14:46.000Z,00QP500000sMWNBMA4,NL,0127Q000000upr9QAA,Status,New,Mailjourney
2026-08-17T07:14:37.000Z,00QP500000sH9pNMAS,NL,0127Q000000upr9QAA,Status,New,Mailjourney
2026-08-17T07:14:01.000Z,00QP500000sMK94MAG,NL,0127Q000000upr9QAA,Status,New,Mailjourney
2026-08-17T07:13:42.000Z,00QP500000sJMx0MAG,NL,0127Q000000upr9QAA,Status,New,Mailjourney
2026-08-17T07:13:29.000Z,00QP500000sGRJjMAO,BE,0127Q000000eERIQA2,Status,New,Not reached
2026-08-17T07:13:22.000Z,00QP500000pk2zAMAQ,BE,0127Q000000eERIQA2,Status,Re-entered,Not reached
2026-08-17T07:12:48.000Z,00QP500000sOFtFMAW,NL,0127Q000000upr9QAA,Status,New,Mailjourney
2026-08-17T07:12:33.000Z,00QP500000sODWTMA4,NL,0127Q000000upr9QAA,Status,New,Mailjourney
2026-08-17T07:11:21.000Z,00QP500000sFw54MAC,BE,0127Q000000eERIQA2,Status,New,Not reached
2026-08-17T07:11:18.000Z,00QP500000sMWqFMAW,BE,0127Q000000eERIQA2,Status,New,Not reached
2026-08-17T07:09:37.000Z,00QP500000sJO9FMAW,BE,0127Q000000eERIQA2,Status,New,Not reached
2026-08-17T07:08:10.000Z,00QP500000sNk1RMAS,BE,0127Q000000eERIQA2,Status,New,Not reached
2026-08-17T07:06:58.000Z,00QP500000sMn6EMAS,NL,0127Q000000upr9QAA,Status,New,Mailjourney
2026-08-17T07:05:48.000Z,00QP500000sL7iYMAS,BE,0127Q000000eERIQA2,Status,New,Not reached
2026-08-17T07:05:40.000Z,00QP500000sMthvMAC,NL,0127Q000000upr9QAA,Status,New,Mailjourney
2026-08-17T07:01:35.000Z,00QP500000sN5T6MAK,NL,0127Q000000upr9QAA,Status,New,Mailjourney
2026-08-17T06:59:04.000Z,00QQD00000ZH0Ts2AL,BE,0127Q000000eERIQA2,Status,Re-entered,Follow-up
2026-08-17T06:51:52.000Z,00QP500000sPbdBMAS,NL,0127Q000000upr9QAA,Status,New,Appointment
2026-08-17T06:50:39.000Z,00QP500000sL6JSMA0,NL,0127Q000000upr9QAA,Status,New,Mailjourney
2026-08-17T06:49:43.000Z,00QP500000sIzp8MAC,NL,0127Q000000upr9QAA,Status,New,Mailjourney
2026-08-17T06:38:19.000Z,00QP500000sKUalMAG,BE,0127Q000000eERIQA2,Status,New,Not reached
2026-08-17T06:36:59.000Z,00QP500000sNIgHMAW,NL,0127Q000000upr9QAA,Status,New,Not Qualified
2026-08-17T06:34:30.000Z,00QP500000sJmZlMAK,BE,0127Q000000eERIQA2,Status,New,Not Qualified
2026-08-17T06:34:28.000Z,00QP500000sMcyoMAC,NL,0127Q000000upr9QAA,Status,New,Not Qualified
2026-08-17T06:34:15.000Z,00QQD00000ZFq9z2AD,BE,0127Q000000eERIQA2,Status,Mailjourney,Follow-up
2026-08-17T06:33:16.000Z,00QP500000sFw55MAC,BE,0127Q000000eERIQA2,Status,New,Not Qualified
2026-08-17T06:32:58.000Z,00QP500000sIDxNMAW,NL,0127Q000000upr9QAA,Status,New,Not Qualified
2026-08-17T06:03:10.000Z,00QP500000rllQ0MAI,FR,012QD000002ylXZYAY,Status,New,Mailjourney
2026-08-17T06:03:10.000Z,00QP500000rllQ1MAI,FR,012QD000002ylXZYAY,Status,New,Mailjourney
2026-08-17T06:03:10.000Z,00QP500000rllQ3MAI,FR,012QD000002ylXZYAY,Status,New,Not Qualified
2026-08-17T06:03:10.000Z,00QQD00000ZErU02AL,IT,012QD000002ylcPYAQ,Status,Mailjourney,Re-entered
2026-08-17T06:03:10.000Z,00QQD00000ZH1o02AD,IT,012QD000002ylcPYAQ,Status,Lost,Re-entered
2026-08-17T06:03:10.000Z,00QP500000sD6QOMA0,FR,012QD000002ylXZYAY,Status,New,Re-entered
2026-08-16T19:38:01.000Z,00QQD00000ZErUe2AL,BE,0127Q000000eERIQA2,Status,Converted Old SF,Re-entered
2026-08-16T19:03:47.000Z,00QP500000sInCsMAK,BE,0127Q000000eERIQA2,Status,New,Not Qualified
2026-08-16T18:27:50.000Z,00QQD00000BEMdR2AX,NL,0127Q000000upr9QAA,Status,Mailjourney,Re-entered
2026-08-16T18:21:55.000Z,00QQD00000AQ1B02AL,NL,0127Q000000upr9QAA,Status,Lost,Re-entered
2026-08-16T15:22:14.000Z,00QQD00000ZbUiv2AF,BE,0127Q000000eERIQA2,Status,Mailjourney,Re-entered
2026-08-16T15:00:11.000Z,00QQD00000F9ji12AB,NL,0127Q000000upr9QAA,Status,Lost,Re-entered
2026-08-16T13:12:13.000Z,00QQD00000cC4mk2AC,NL,0127Q000000upr9QAA,Status,Mailjourney,Re-entered
2026-08-16T12:20:59.000Z,00QQD00000byfiv2AA,BE,0127Q000000eERIQA2,Status,Mailjourney,Re-entered
2026-08-16T09:00:21.000Z,00QP500000sK8bsMAC,NL,0127Q000000upr9QAA,Status,Mailjourney,Re-entered
2026-08-16T06:01:50.000Z,00QP500000riTe9MAE,FR,012QD000002ylXZYAY,Status,New,Mailjourney
2026-08-16T06:01:50.000Z,00QQD00000ZFAxM2AX,FR,012QD000002ylXZYAY,Status,Mailjourney,Re-entered
2026-08-16T06:01:50.000Z,00QP500000riTeAMAU,FR,012QD000002ylXZYAY,Status,New,Mailjourney
2026-08-15T17:09:55.000Z,00QP500000qLhlZMAS,NL,0127Q000000upr9QAA,Status,Mailjourney,Re-entered
2026-08-15T10:50:14.000Z,00QQD00000cYIW52AO,BE,0127Q000000eERIQA2,Status,Mailjourney,Re-entered
2026-08-15T10:31:10.000Z,00QQD00000APzsn2AD,NL,0127Q000000upr9QAA,Status,Mailjourney,Re-entered
2026-08-15T07:01:00.000Z,00QQD00000ZGuA72AL,BE,0127Q000000eERIQA2,Status,Follow-up,Re-entered
2026-08-15T06:01:52.000Z,00QP500000rffVKMAY,FR,012QD000002ylXZYAY,Status,New,Mailjourney
2026-08-15T06:01:52.000Z,00QP500000rffVMMAY,FR,012QD000002ylXZYAY,Status,New,Mailjourney
2026-08-15T06:01:52.000Z,00QP500000rffVLMAY,FR,012QD000002ylXZYAY,Status,New,Mailjourney
2026-08-15T06:01:52.000Z,00QQD00000ZGq7X2AT,IT,012QD000002ylcPYAQ,Status,Re-entered,Not Qualified
2026-08-14T23:06:03.000Z,00QP500000pk2zAMAQ,BE,0127Q000000eERIQA2,Status,Mailjourney,Re-entered
2026-08-14T15:09:38.000Z,00QQD00000bnd7l2AA,NL,0127Q000000upr9QAA,Status,Re-entered,Follow-up
2026-08-14T15:08:31.000Z,00QP500000sGXkFMAW,NL,0127Q000000upr9QAA,Status,New,Mailjourney
2026-08-14T15:07:33.000Z,00QP500000sFsFXMA0,NL,0127Q000000upr9QAA,Status,Not reached,Follow-up
2026-08-14T15:06:45.000Z,00QP500000sFsFXMA0,NL,0127Q000000upr9QAA,Status,New,Not reached
2026-08-14T14:24:00.000Z,00QQD00000ZH0Ts2AL,BE,0127Q000000eERIQA2,Status,Mailjourney,Re-entered
2026-08-14T14:09:49.000Z,00QP500000s7CwkMAE,NL,0127Q000000upr9QAA,Status,Not reached,Follow-up
2026-08-14T14:08:54.000Z,00QP500000s6a1hMAA,NL,0127Q000000upr9QAA,Status,Not reached,Follow-up
2026-08-14T14:07:41.000Z,00QP500000sFBLtMAO,NL,0127Q000000upr9QAA,Status,New,Not reached
2026-08-14T14:05:36.000Z,00QP500000sFUbUMAW,NL,0127Q000000upr9QAA,Status,New,Appointment
2026-08-14T14:04:34.000Z,00QP500000sGb7lMAC,NL,0127Q000000upr9QAA,Status,New,Lost
2026-08-14T13:57:57.000Z,00QQD00000bnd7l2AA,NL,0127Q000000upr9QAA,Status,Not Qualified,Re-entered
2026-08-14T13:55:13.000Z,00QP500000sGUOtMAO,NL,0127Q000000upr9QAA,Status,New,Mailjourney
2026-08-14T13:53:59.000Z,00QP500000sFgUhMAK,NL,0127Q000000upr9QAA,Status,New,Appointment
2026-08-14T13:50:28.000Z,00QP500000sFVHMMA4,NL,0127Q000000upr9QAA,Status,Not reached,Mailjourney
2026-08-14T13:49:54.000Z,00QP500000sDiaPMAS,NL,0127Q000000upr9QAA,Status,Not reached,Lost
2026-08-14T13:48:59.000Z,00QP500000sF7QKMA0,NL,0127Q000000upr9QAA,Status,Not reached,Follow-up
2026-08-14T13:48:43.000Z,00QP500000s5qIGMAY,NL,0127Q000000upr9QAA,Status,Not reached,Appointment
2026-08-14T13:47:21.000Z,00QP500000sFJknMAG,NL,0127Q000000upr9QAA,Status,Not reached,Follow-up
2026-08-14T13:46:24.000Z,00QP500000sG34TMAS,BE,0127Q000000eERIQA2,Status,Not reached,Appointment
2026-08-14T13:42:24.000Z,00QP500000sAzKqMAK,NL,0127Q000000upr9QAA,Status,Not reached,Follow-up
2026-08-14T13:42:23.000Z,00QP500000rwVmUMAU,BE,0127Q000000eERIQA2,Status,Mailjourney,Appointment
2026-08-14T13:40:16.000Z,00QP500000sFwMmMAK,NL,0127Q000000upr9QAA,Status,New,Appointment
2026-08-14T13:36:30.000Z,00QP500000sAo7jMAC,NL,0127Q000000upr9QAA,Status,Brochure,Follow-up
2026-08-14T13:36:30.000Z,00QP500000sEXl2MAG,NL,0127Q000000upr9QAA,Status,Brochure,Follow-up
2026-08-14T13:36:30.000Z,00QP500000raidXMAQ,NL,0127Q000000upr9QAA,Status,Brochure,Follow-up
2026-08-14T13:33:09.000Z,00QP500000sGbhFMAS,NL,0127Q000000upr9QAA,Status,New,Mailjourney
2026-08-14T13:32:35.000Z,00QP500000rirrvMAA,NL,0127Q000000upr9QAA,Status,Mailjourney,Follow-up
2026-08-14T13:32:18.000Z,00QP500000rirrvMAA,NL,0127Q000000upr9QAA,Status,Re-entered,Mailjourney
2026-08-14T13:29:03.000Z,00QP500000s5bHZMAY,NL,0127Q000000upr9QAA,Status,Follow-up,Lost
2026-08-14T13:28:04.000Z,00QP500000sFZT0MAO,NL,0127Q000000upr9QAA,Status,New,Appointment
2026-08-14T13:22:19.000Z,00QQD00000czlH42AI,NL,0127Q000000upr9QAA,Status,Follow-up,Lost
2026-08-14T13:20:57.000Z,00QP500000rirrvMAA,NL,0127Q000000upr9QAA,Status,Mailjourney,Re-entered
2026-08-14T13:13:43.000Z,00QP500000sF05TMAS,NL,0127Q000000upr9QAA,Status,New,Appointment
2026-08-14T13:12:44.000Z,00QP500000rcuttMAA,NL,0127Q000000upr9QAA,Status,Follow-up,Mailjourney
2026-08-14T13:11:49.000Z,00QP500000rtSmjMAE,BE,0127Q000000eERIQA2,Status,Follow-up,Appointment
2026-08-14T13:10:17.000Z,00QP500000rbkocMAA,NL,0127Q000000upr9QAA,Status,Follow-up,Mailjourney
2026-08-14T13:06:26.000Z,00QP500000sFVHMMA4,NL,0127Q000000upr9QAA,Status,New,Not reached
2026-08-14T13:06:04.000Z,00QP500000sFrg1MAC,BE,0127Q000000eERIQA2,Status,New,Appointment
2026-08-14T13:05:43.000Z,00QP500000sFz7LMAS,BE,0127Q000000eERIQA2,Status,New,Follow-up
2026-08-14T13:05:42.000Z,00QP500000sFaH2MAK,NL,0127Q000000upr9QAA,Status,New,Mailjourney
2026-08-14T13:04:26.000Z,00QP500000rWYZWMA4,NL,0127Q000000upr9QAA,Status,Follow-up,Mailjourney
2026-08-14T12:58:52.000Z,00QP500000rF5VXMA0,NL,0127Q000000upr9QAA,Status,Mailjourney,Appointment
2026-08-14T12:57:21.000Z,00QP500000rVEcwMAG,NL,0127Q000000upr9QAA,Status,Mailjourney,Not Qualified
2026-08-14T12:54:34.000Z,00QP500000rVEcwMAG,NL,0127Q000000upr9QAA,Status,Follow-up,Mailjourney
2026-08-14T12:50:34.000Z,00QP500000rSTGfMAO,NL,0127Q000000upr9QAA,Status,Follow-up,Mailjourney
2026-08-14T12:44:22.000Z,00QQD00000cV18Q2AS,BE,0127Q000000eERIQA2,Status,Follow-up,Mailjourney
2026-08-14T12:43:05.000Z,00QP500000rSFXEMA4,NL,0127Q000000upr9QAA,Status,Follow-up,Mailjourney
2026-08-14T12:42:33.000Z,00QP500000rv46tMAA,BE,0127Q000000eERIQA2,Status,Follow-up,Mailjourney
2026-08-14T12:41:45.000Z,00QP500000r1ZjmMAE,NL,0127Q000000upr9QAA,Status,Follow-up,Mailjourney
2026-08-14T12:38:43.000Z,00QP500000qB6ddMAC,NL,0127Q000000upr9QAA,Status,Follow-up,Mailjourney
2026-08-14T12:38:40.000Z,00QP500000sF9OtMAK,NL,0127Q000000upr9QAA,Status,New,Appointment
2026-08-14T12:35:50.000Z,00QP500000sEKfmMAG,NL,0127Q000000upr9QAA,Status,Not reached,Follow-up
2026-08-14T12:35:27.000Z,00QP500000sG34TMAS,BE,0127Q000000eERIQA2,Status,New,Not reached
2026-08-14T12:35:20.000Z,00QP500000sEnZfMAK,NL,0127Q000000upr9QAA,Status,Not reached,Follow-up
2026-08-14T12:34:34.000Z,00QP500000s9NazMAE,NL,0127Q000000upr9QAA,Status,Not reached,Follow-up
2026-08-14T12:33:55.000Z,00QP500000sFd6sMAC,NL,0127Q000000upr9QAA,Status,New,Mailjourney
2026-08-14T12:30:36.000Z,00QP500000s9f1eMAA,NL,0127Q000000upr9QAA,Status,Mailjourney,Appointment
2026-08-14T12:28:24.000Z,00QP500000sFu7dMAC,BE,0127Q000000eERIQA2,Status,New,Not reached
2026-08-14T12:23:47.000Z,00QP500000sEsCnMAK,BE,0127Q000000eERIQA2,Status,New,Not Qualified
2026-08-14T12:22:28.000Z,00QP500000sEiBpMAK,BE,0127Q000000eERIQA2,Status,New,Appointment
2026-08-14T12:16:58.000Z,00QP500000sEXl2MAG,NL,0127Q000000upr9QAA,Status,New,Brochure
2026-08-14T12:16:27.000Z,00QP500000sBqNdMAK,NL,0127Q000000upr9QAA,Status,Not reached,Follow-up
2026-08-14T12:15:01.000Z,00QP500000sFLGLMA4,NL,0127Q000000upr9QAA,Status,Not reached,Follow-up
2026-08-14T12:13:17.000Z,00QP500000sBsMAMA0,NL,0127Q000000upr9QAA,Status,Mailjourney,Follow-up
2026-08-14T12:13:13.000Z,00QP500000rh3iXMAQ,BE,0127Q000000eERIQA2,Status,Follow-up,Mailjourney
2026-08-14T12:11:48.000Z,00QP500000s5bHZMAY,NL,0127Q000000upr9QAA,Status,Not reached,Follow-up
2026-08-14T12:11:36.000Z,00QP500000rgyneMAA,BE,0127Q000000eERIQA2,Status,Follow-up,Mailjourney
2026-08-14T12:09:45.000Z,00QP500000sBsMAMA0,NL,0127Q000000upr9QAA,Status,Not reached,Mailjourney
2026-08-14T12:08:56.000Z,00QQD00000dqzdh2AA,BE,0127Q000000eERIQA2,Status,Not reached,Not Qualified
2026-08-14T12:03:08.000Z,00QP500000sAo7jMAC,NL,0127Q000000upr9QAA,Status,Not reached,Brochure
2026-08-14T12:02:46.000Z,00QP500000s9YrQMAU,NL,0127Q000000upr9QAA,Status,Not reached,Mailjourney
2026-08-14T12:01:40.000Z,00QP500000sF7QKMA0,NL,0127Q000000upr9QAA,Status,New,Not reached
2026-08-14T12:00:47.000Z,00QQD00000ZGvTP2A1,BE,0127Q000000eERIQA2,Status,Re-entered,Appointment
2026-08-14T11:59:51.000Z,00QP500000sFZpZMAW,NL,0127Q000000upr9QAA,Status,Not reached,Mailjourney
2026-08-14T11:59:33.000Z,00QP500000sEjmDMAS,NL,0127Q000000upr9QAA,Status,New,Follow-up
2026-08-14T11:54:10.000Z,00QP500000sFJknMAG,NL,0127Q000000upr9QAA,Status,New,Not reached
2026-08-14T11:52:40.000Z,00QP500000sFZpZMAW,NL,0127Q000000upr9QAA,Status,New,Not reached
2026-08-14T11:52:20.000Z,00QP500000sFOEGMA4,BE,0127Q000000eERIQA2,Status,Not Qualified,Mailjourney
2026-08-14T11:52:00.000Z,00QP500000sFLGLMA4,NL,0127Q000000upr9QAA,Status,New,Not reached
2026-08-14T11:51:13.000Z,00QQD00000Xnc172AB,NL,0127Q000000upr9QAA,Status,Not reached,Follow-up
2026-08-14T11:50:56.000Z,00QP500000sFOEGMA4,BE,0127Q000000eERIQA2,Status,New,Not Qualified
2026-08-14T11:50:37.000Z,00QQD00000dpHgH2AU,NL,0127Q000000upr9QAA,Status,Mailjourney,Appointment
2026-08-14T11:50:31.000Z,00QQD00000Xnc172AB,NL,0127Q000000upr9QAA,Status,Re-entered,Not reached
2026-08-14T11:50:12.000Z,00QP500000sEU7GMAW,BE,0127Q000000eERIQA2,Status,New,Appointment
2026-08-14T11:49:20.000Z,00QP500000sEjmEMAS,NL,0127Q000000upr9QAA,Status,New,Appointment
2026-08-14T11:48:43.000Z,00QP500000s7MHeMAM,NL,0127Q000000upr9QAA,Status,Not reached,Follow-up
2026-08-14T11:47:39.000Z,00QP500000sAperMAC,NL,0127Q000000upr9QAA,Status,Not reached,Follow-up
2026-08-14T11:46:03.000Z,00QP500000s9YoAMAU,NL,0127Q000000upr9QAA,Status,Not reached,Lost
2026-08-14T11:42:47.000Z,00QQD00000Xnc172AB,NL,0127Q000000upr9QAA,Status,Mailjourney,Re-entered
2026-08-14T11:40:07.000Z,00QP500000sF2dWMAS,BE,0127Q000000eERIQA2,Status,New,Not reached
2026-08-14T11:33:31.000Z,00QP500000sEbewMAC,BE,0127Q000000eERIQA2,Status,New,Appointment
2026-08-14T11:30:59.000Z,00QP500000rz9uHMAQ,BE,0127Q000000eERIQA2,Status,Not reached,Follow-up
2026-08-14T11:30:27.000Z,00QP500000sEAtNMAW,NL,0127Q000000upr9QAA,Status,New,Appointment
2026-08-14T11:29:35.000Z,00QP500000sEICXMA4,BE,0127Q000000eERIQA2,Status,Not reached,Not Qualified
2026-08-14T11:17:28.000Z,00QP500000sEICXMA4,BE,0127Q000000eERIQA2,Status,New,Not reached
2026-08-14T11:16:28.000Z,00QP500000sFQ37MAG,BE,0127Q000000eERIQA2,Status,New,Follow-up
2026-08-14T11:14:32.000Z,00QP500000rtHRVMA2,NL,0127Q000000upr9QAA,Status,Follow-up,Appointment
2026-08-14T11:11:51.000Z,00QP500000rs07mMAA,BE,0127Q000000eERIQA2,Status,Follow-up,Mailjourney
2026-08-14T11:10:35.000Z,00QP500000rnCPqMAM,BE,0127Q000000eERIQA2,Status,Follow-up,Mailjourney
2026-08-14T11:09:05.000Z,00QP500000rgXFbMAM,BE,0127Q000000eERIQA2,Status,Follow-up,Mailjourney
2026-08-14T11:01:23.000Z,00QP500000rlwDJMAY,BE,0127Q000000eERIQA2,Status,Follow-up,Not Qualified
2026-08-14T11:00:50.000Z,00QP500000qrA06MAE,BE,0127Q000000eERIQA2,Status,Follow-up,Lost
2026-08-14T10:58:52.000Z,00QP500000sEnZgMAK,BE,0127Q000000eERIQA2,Status,New,Not reached
2026-08-14T10:55:02.000Z,00QQD00000ZGvTP2A1,BE,0127Q000000eERIQA2,Status,Mailjourney,Re-entered
2026-08-14T10:46:31.000Z,00QP500000raywnMAA,NL,0127Q000000upr9QAA,Status,Follow-up,Mailjourney
2026-08-14T10:42:53.000Z,00QP500000raidXMAQ,NL,0127Q000000upr9QAA,Status,Follow-up,Brochure
2026-08-14T10:41:19.000Z,00QP500000sEEbvMAG,BE,0127Q000000eERIQA2,Status,New,Not reached
2026-08-14T10:38:05.000Z,00QP500000rZHttMAG,NL,0127Q000000upr9QAA,Status,Follow-up,Mailjourney
2026-08-14T10:37:27.000Z,00QP500000sEBFvMAO,BE,0127Q000000eERIQA2,Status,New,Appointment
2026-08-14T10:32:35.000Z,00QP500000sEwUsMAK,NL,0127Q000000upr9QAA,Status,New,Follow-up
2026-08-14T10:29:16.000Z,00QQD00000ci2cv2AA,NL,0127Q000000upr9QAA,Status,Re-entered,Not Qualified
2026-08-14T10:29:10.000Z,00QP500000sEnZfMAK,NL,0127Q000000upr9QAA,Status,New,Not reached
2026-08-14T10:26:16.000Z,00QP500000sDwtYMAS,NL,0127Q000000upr9QAA,Status,Not reached,Appointment
2026-08-14T10:22:45.000Z,00QP500000sEj9TMAS,NL,0127Q000000upr9QAA,Status,Mailjourney,Lost
2026-08-14T10:21:14.000Z,00QP500000sEGdmMAG,BE,0127Q000000eERIQA2,Status,Follow-up,Mailjourney
2026-08-14T10:20:29.000Z,00QP500000sEj9TMAS,NL,0127Q000000upr9QAA,Status,New,Mailjourney
2026-08-14T10:17:47.000Z,00QP500000sEtTmMAK,BE,0127Q000000eERIQA2,Status,New,Appointment
2026-08-14T10:17:02.000Z,00QP500000sEGdmMAG,BE,0127Q000000eERIQA2,Status,New,Follow-up
2026-08-14T10:14:25.000Z,00QP500000sEKfmMAG,NL,0127Q000000upr9QAA,Status,New,Not reached
2026-08-14T10:14:24.000Z,00QP500000sDwtYMAS,NL,0127Q000000upr9QAA,Status,New,Not reached
2026-08-14T10:11:59.000Z,00QQD00000ci2cv2AA,NL,0127Q000000upr9QAA,Status,Lost,Re-entered
2026-08-14T10:11:05.000Z,00QP500000sEfH7MAK,BE,0127Q000000eERIQA2,Status,New,Follow-up
2026-08-14T10:07:11.000Z,00QP500000sDAKFMA4,NL,0127Q000000upr9QAA,Status,New,Appointment
2026-08-14T10:06:44.000Z,00QP500000sEymnMAC,NL,0127Q000000upr9QAA,Status,New,Not Qualified
2026-08-14T10:05:54.000Z,00QP500000sEx2jMAC,NL,0127Q000000upr9QAA,Status,New,Appointment
2026-08-14T10:03:33.000Z,00QP500000rzSQiMAM,BE,0127Q000000eERIQA2,Status,Follow-up,Appointment
2026-08-14T10:01:24.000Z,00QP500000sAJ3tMAG,NL,0127Q000000upr9QAA,Status,Not reached,Follow-up
2026-08-14T09:57:02.000Z,00QP500000sEjiwMAC,NL,0127Q000000upr9QAA,Status,New,Appointment
2026-08-14T09:54:41.000Z,00QP500000sEFksMAG,BE,0127Q000000eERIQA2,Status,New,Follow-up
2026-08-14T09:50:14.000Z,00QP500000rq3PuMAI,BE,0127Q000000eERIQA2,Status,Follow-up,Appointment
2026-08-14T09:42:34.000Z,00QP500000rJZtBMAW,NL,0127Q000000upr9QAA,Status,Mailjourney,Appointment
2026-08-14T09:40:00.000Z,00QP500000sDLNmMAO,BE,0127Q000000eERIQA2,Status,Not reached,Not Qualified
2026-08-14T09:39:10.000Z,00QP500000sEBFuMAO,BE,0127Q000000eERIQA2,Status,New,Mailjourney
2026-08-14T09:38:36.000Z,00QP500000s9cOjMAI,NL,0127Q000000upr9QAA,Status,Brochure,Follow-up
2026-08-14T09:32:49.000Z,00QP500000s92ZmMAI,NL,0127Q000000upr9QAA,Status,Not reached,Lost
2026-08-14T09:28:13.000Z,00QP500000rJZtBMAW,NL,0127Q000000upr9QAA,Status,Follow-up,Mailjourney
2026-08-14T09:27:49.000Z,00QP500000s8PqCMAU,NL,0127Q000000upr9QAA,Status,Not reached,Not Qualified
2026-08-14T09:26:34.000Z,00QP500000qWYv3MAG,NL,0127Q000000upr9QAA,Status,Follow-up,Mailjourney
2026-08-14T09:25:11.000Z,00QP500000rHSPZMA4,BE,0127Q000000eERIQA2,Status,Follow-up,Mailjourney
2026-08-14T09:19:19.000Z,00QQD00000BTUik2AH,NL,0127Q000000upr9QAA,Status,Re-entered,Mailjourney
2026-08-14T09:16:26.000Z,00QP500000sDzszMAC,NL,0127Q000000upr9QAA,Status,New,Appointment
2026-08-14T09:13:50.000Z,00QP500000s0rtHMAQ,NL,0127Q000000upr9QAA,Status,Follow-up,Appointment
2026-08-14T09:10:19.000Z,00QP500000rmWiDMAU,BE,0127Q000000eERIQA2,Status,Follow-up,Mailjourney
2026-08-14T09:10:05.000Z,00QP500000s8eqsMAA,BE,0127Q000000eERIQA2,Status,Not reached,Not Qualified
2026-08-14T09:04:31.000Z,00QP500000sE1zfMAC,BE,0127Q000000eERIQA2,Status,New,Not reached
2026-08-14T09:00:52.000Z,00QP500000s4VFqMAM,BE,0127Q000000eERIQA2,Status,Not reached,Follow-up
2026-08-14T08:58:50.000Z,00QP500000rjoBtMAI,BE,0127Q000000eERIQA2,Status,Follow-up,Mailjourney
2026-08-14T08:57:52.000Z,00QP500000sDtfWMAS,NL,0127Q000000upr9QAA,Status,New,Mailjourney
2026-08-14T08:57:00.000Z,00QP500000sDsrYMAS,NL,0127Q000000upr9QAA,Status,New,Mailjourney
2026-08-14T08:56:20.000Z,00QP500000sD1wvMAC,NL,0127Q000000upr9QAA,Status,New,Not Qualified
2026-08-14T08:53:05.000Z,00QP500000s97fzMAA,BE,0127Q000000eERIQA2,Status,Follow-up,Appointment
2026-08-14T08:51:28.000Z,00QP500000sEHY9MAO,NL,0127Q000000upr9QAA,Status,New,Appointment
2026-08-14T08:51:17.000Z,00QP500000s46hJMAQ,BE,0127Q000000eERIQA2,Status,Not reached,Appointment
2026-08-14T08:50:40.000Z,00QP500000qgBcGMAU,NL,0127Q000000upr9QAA,Status,Follow-up,Mailjourney
2026-08-14T08:48:22.000Z,00QP500000raRWFMA2,NL,0127Q000000upr9QAA,Status,Follow-up,Mailjourney
2026-08-14T08:48:10.000Z,00QP500000s5jF9MAI,NL,0127Q000000upr9QAA,Status,Not reached,Lost
2026-08-14T08:48:04.000Z,00QP500000s0oYsMAI,BE,0127Q000000eERIQA2,Status,Not reached,Follow-up
2026-08-14T08:47:53.000Z,00QP500000rYQeHMAW,NL,0127Q000000upr9QAA,Status,Follow-up,Lost
2026-08-14T08:46:38.000Z,00QQD00000AQMPu2AP,NL,0127Q000000upr9QAA,Status,Re-entered,Mailjourney
2026-08-14T08:45:57.000Z,00QP500000sDea3MAC,NL,0127Q000000upr9QAA,Status,New,Not Qualified
2026-08-14T08:39:36.000Z,00QP500000rzzJPMAY,BE,0127Q000000eERIQA2,Status,Not reached,Appointment
2026-08-14T08:39:24.000Z,00QP500000r1OoCMAU,BE,0127Q000000eERIQA2,Status,Follow-up,Mailjourney
2026-08-14T08:35:43.000Z,00QP500000rzSQiMAM,BE,0127Q000000eERIQA2,Status,Not reached,Follow-up
2026-08-14T08:35:01.000Z,00QP500000r57tcMAA,NL,0127Q000000upr9QAA,Status,Follow-up,Appointment
2026-08-14T08:31:54.000Z,00QP500000rwr75MAA,BE,0127Q000000eERIQA2,Status,Not reached,Follow-up
2026-08-14T08:29:46.000Z,00QP500000rwhAvMAI,BE,0127Q000000eERIQA2,Status,Not reached,Mailjourney
2026-08-14T08:28:18.000Z,00QP500000raWCXMA2,NL,0127Q000000upr9QAA,Status,Follow-up,Mailjourney
2026-08-14T08:27:47.000Z,00QP500000sE8D7MAK,BE,0127Q000000eERIQA2,Status,New,Appointment
2026-08-14T08:26:47.000Z,00QP500000qsnxGMAQ,NL,0127Q000000upr9QAA,Status,Follow-up,Mailjourney
2026-08-14T08:26:34.000Z,00QP500000sDVBmMAO,NL,0127Q000000upr9QAA,Status,New,Appointment
2026-08-14T08:25:40.000Z,00QP500000sAo7jMAC,NL,0127Q000000upr9QAA,Status,New,Not reached
2026-08-14T08:25:08.000Z,00QQD00000ZGuYr2AL,BE,0127Q000000eERIQA2,Status,Re-entered,Follow-up
2026-08-14T08:23:43.000Z,00QP500000s9QAfMAM,BE,0127Q000000eERIQA2,Status,Not reached,Not Qualified
2026-08-14T08:23:02.000Z,00QP500000qI6HBMA0,NL,0127Q000000upr9QAA,Status,Follow-up,Lost
2026-08-14T08:21:40.000Z,00QP500000s97fzMAA,BE,0127Q000000eERIQA2,Status,New,Follow-up
2026-08-14T08:18:46.000Z,00QP500000sD9eMMAS,BE,0127Q000000eERIQA2,Status,New,Mailjourney
2026-08-14T08:18:34.000Z,00QP500000sCA1TMAW,BE,0127Q000000eERIQA2,Status,New,Not reached
2026-08-14T08:17:29.000Z,00QP500000sDVjdMAG,NL,0127Q000000upr9QAA,Status,New,Not Qualified
2026-08-14T08:16:57.000Z,00QP500000s9P9nMAE,BE,0127Q000000eERIQA2,Status,New,Not reached
2026-08-14T08:16:47.000Z,00QP500000sBsMAMA0,NL,0127Q000000upr9QAA,Status,New,Not reached
2026-08-14T08:15:59.000Z,00QP500000s9AAlMAM,BE,0127Q000000eERIQA2,Status,New,Not reached
2026-08-14T08:15:58.000Z,00QP500000sDiaPMAS,NL,0127Q000000upr9QAA,Status,New,Not reached
2026-08-14T08:14:48.000Z,00QP500000sBqNdMAK,NL,0127Q000000upr9QAA,Status,New,Not reached
2026-08-14T08:09:56.000Z,00QQD00000ZH0Ts2AL,BE,0127Q000000eERIQA2,Status,Not reached,Mailjourney
2026-08-14T08:09:31.000Z,00QP500000sC9MzMAK,BE,0127Q000000eERIQA2,Status,New,Follow-up
2026-08-14T08:05:12.000Z,00QP500000sDsgDMAS,NL,0127Q000000upr9QAA,Status,New,Appointment
2026-08-14T08:03:40.000Z,00QP500000sBVnmMAG,NL,0127Q000000upr9QAA,Status,New,Appointment
2026-08-14T07:59:38.000Z,00QP500000s6M3ZMAU,BE,0127Q000000eERIQA2,Status,Not reached,Appointment
2026-08-14T07:58:59.000Z,00QP500000sB4pEMAS,BE,0127Q000000eERIQA2,Status,New,Not reached
2026-08-14T07:54:06.000Z,00QP500000s3wmkMAA,NL,0127Q000000upr9QAA,Status,Not reached,Follow-up
2026-08-14T07:52:44.000Z,00QP500000s0rtHMAQ,NL,0127Q000000upr9QAA,Status,Not reached,Follow-up
2026-08-14T07:52:41.000Z,00QP500000s1VkDMAU,BE,0127Q000000eERIQA2,Status,Follow-up,Appointment
2026-08-14T07:50:14.000Z,00QP500000s4xLlMAI,BE,0127Q000000eERIQA2,Status,Not reached,Follow-up
2026-08-14T07:50:11.000Z,00QQD00000cusr82AA,NL,0127Q000000upr9QAA,Status,Re-entered,Lost
2026-08-14T07:48:26.000Z,00QP500000s4CZlMAM,BE,0127Q000000eERIQA2,Status,Not reached,Follow-up
2026-08-14T07:48:12.000Z,00QP500000sAANBMA4,NL,0127Q000000upr9QAA,Status,New,Appointment
2026-08-14T07:44:34.000Z,00QP500000s9m9bMAA,NL,0127Q000000upr9QAA,Status,Not reached,Not Qualified
2026-08-14T07:41:51.000Z,00QP500000rz9uHMAQ,BE,0127Q000000eERIQA2,Status,Follow-up,Not reached
2026-08-14T07:41:36.000Z,00QP500000s9jOdMAI,NL,0127Q000000upr9QAA,Status,New,Appointment
2026-08-14T07:39:36.000Z,00QP500000sAJFCMA4,NL,0127Q000000upr9QAA,Status,New,Lost
2026-08-14T07:37:56.000Z,00QQD00000BTUik2AH,NL,0127Q000000upr9QAA,Status,Lost,Re-entered
2026-08-14T07:37:52.000Z,00QP500000sAIMMMA4,BE,0127Q000000eERIQA2,Status,New,Mailjourney
2026-08-14T07:37:47.000Z,00QP500000s9Xj9MAE,NL,0127Q000000upr9QAA,Status,New,Mailjourney
2026-08-14T07:37:39.000Z,00QQD00000ZGOhg2AH,BE,0127Q000000eERIQA2,Status,Not Qualified,Appointment
2026-08-14T07:35:50.000Z,00QP500000s9m9bMAA,NL,0127Q000000upr9QAA,Status,New,Not reached
2026-08-14T07:35:33.000Z,00QP500000rmJMpMAM,BE,0127Q000000eERIQA2,Status,Mailjourney,Not Qualified
2026-08-14T07:34:44.000Z,00QP500000s9YrQMAU,NL,0127Q000000upr9QAA,Status,New,Not reached
2026-08-14T07:32:45.000Z,00QP500000sAJ3tMAG,NL,0127Q000000upr9QAA,Status,New,Not reached
2026-08-14T07:32:09.000Z,00QP500000sBUAGMA4,NL,0127Q000000upr9QAA,Status,New,Not Qualified
2026-08-14T07:31:53.000Z,00QP500000s9BLTMA2,NL,0127Q000000upr9QAA,Status,New,Appointment
2026-08-14T07:31:04.000Z,00QP500000sAzKqMAK,NL,0127Q000000upr9QAA,Status,New,Not reached
2026-08-14T07:29:02.000Z,00QP500000sAFWXMA4,NL,0127Q000000upr9QAA,Status,New,Mailjourney
2026-08-14T07:28:34.000Z,00QP500000sAAocMAG,BE,0127Q000000eERIQA2,Status,New,Not reached
2026-08-14T07:27:09.000Z,00QP500000sAperMAC,NL,0127Q000000upr9QAA,Status,New,Not reached
2026-08-14T07:26:12.000Z,00QP500000sDA0sMAG,BE,0127Q000000eERIQA2,Status,New,Mailjourney
2026-08-14T07:22:03.000Z,00QQD00000ZFIg52AH,BE,0127Q000000eERIQA2,Status,Re-entered,Not Qualified
2026-08-14T07:14:44.000Z,00QP500000sDLNmMAO,BE,0127Q000000eERIQA2,Status,New,Not reached
2026-08-14T07:13:34.000Z,00QP500000s9oo7MAA,BE,0127Q000000eERIQA2,Status,New,Appointment
2026-08-14T07:09:05.000Z,00QP500000sD6msMAC,BE,0127Q000000eERIQA2,Status,New,Not reached
2026-08-14T07:01:01.000Z,00QQD00000ZFIg52AH,BE,0127Q000000eERIQA2,Status,Converted Old SF,Re-entered
2026-08-14T07:00:16.000Z,00QP500000rcmbOMAQ,NL,0127Q000000upr9QAA,Status,New,Not Qualified
2026-08-14T06:58:01.000Z,00QP500000rXkGsMAK,NL,0127Q000000upr9QAA,Status,Follow-up,Appointment
2026-08-14T06:53:56.000Z,00QP500000sC4YfMAK,BE,0127Q000000eERIQA2,Status,New,Not Qualified
2026-08-14T06:13:03.000Z,00QP500000qYIhlMAG,BE,0127Q000000eERIQA2,Status,Mailjourney,Follow-up
2026-08-14T06:01:48.000Z,00QP500000rZdw2MAC,FR,012QD000002ylXZYAY,Status,New,Mailjourney
2026-08-14T06:01:48.000Z,00QP500000rZdw8MAC,FR,012QD000002ylXZYAY,Status,New,Follow-up
2026-08-14T06:01:48.000Z,00QP500000rZdw5MAC,FR,012QD000002ylXZYAY,Status,New,Mailjourney
2026-08-14T06:01:48.000Z,00QP500000rZdwAMAS,FR,012QD000002ylXZYAY,Status,New,Mailjourney
2026-08-14T02:18:25.000Z,00QQD00000ZGuYr2AL,BE,0127Q000000eERIQA2,Status,Follow-up,Re-entered
2026-08-13T15:30:12.000Z,00QQD00000cusr82AA,NL,0127Q000000upr9QAA,Status,Lost,Re-entered
2026-08-13T15:17:57.000Z,00QQD00000AQMPu2AP,NL,0127Q000000upr9QAA,Status,Not Qualified,Re-entered
2026-08-13T15:00:34.000Z,00QP500000s92ZmMAI,NL,0127Q000000upr9QAA,Status,New,Not reached
2026-08-13T14:56:49.000Z,00QP500000s9bCXMAY,NL,0127Q000000upr9QAA,Status,Brochure,Appointment
2026-08-13T14:52:59.000Z,00QP500000s8l18MAA,NL,0127Q000000upr9QAA,Status,New,Mailjourney
2026-08-13T14:52:17.000Z,00QP500000s9bCXMAY,NL,0127Q000000upr9QAA,Status,New,Brochure
2026-08-13T14:47:07.000Z,00QP500000s9dMPMAY,NL,0127Q000000upr9QAA,Status,New,Appointment
2026-08-13T14:46:28.000Z,00QP500000s9cjhMAA,NL,0127Q000000upr9QAA,Status,New,Mailjourney
2026-08-13T14:45:22.000Z,00QP500000s9Cu7MAE,NL,0127Q000000upr9QAA,Status,New,Appointment
2026-08-13T14:36:09.000Z,00QP500000s9NazMAE,NL,0127Q000000upr9QAA,Status,New,Not reached
2026-08-13T14:31:17.000Z,00QP500000s9f1eMAA,NL,0127Q000000upr9QAA,Status,New,Mailjourney
2026-08-13T14:29:58.000Z,00QP500000s9YoAMAU,NL,0127Q000000upr9QAA,Status,New,Not reached
2026-08-13T14:27:03.000Z,00QP500000s9QAfMAM,BE,0127Q000000eERIQA2,Status,New,Not reached
2026-08-13T14:25:01.000Z,00QQD00000Y0iQX2AZ,NL,0127Q000000upr9QAA,Status,Lost,Appointment
2026-08-13T14:23:25.000Z,00QQD00000IqelP2AR,NL,0127Q000000upr9QAA,Status,Mailjourney,Appointment
2026-08-13T14:21:11.000Z,00QQD00000dGT7f2AG,BE,0127Q000000eERIQA2,Status,Re-entered,Follow-up
2026-08-13T14:19:43.000Z,00QQD00000ZGAh72AH,BE,0127Q000000eERIQA2,Status,Re-entered,Not reached
2026-08-13T14:19:33.000Z,00QP500000s8eqsMAA,BE,0127Q000000eERIQA2,Status,New,Not reached
2026-08-13T14:19:27.000Z,00QP500000s8s7OMAQ,BE,0127Q000000eERIQA2,Status,New,Appointment
2026-08-13T14:18:23.000Z,00QP500000s89aWMAQ,BE,0127Q000000eERIQA2,Status,New,Mailjourney
2026-08-13T14:17:48.000Z,00QP500000s9bCYMAY,NL,0127Q000000upr9QAA,Status,New,Not Qualified
2026-08-13T14:17:14.000Z,00QP500000s9cOjMAI,NL,0127Q000000upr9QAA,Status,New,Brochure
2026-08-13T13:54:04.000Z,00QP500000s8MieMAE,NL,0127Q000000upr9QAA,Status,New,Mailjourney
2026-08-13T13:53:08.000Z,00QQD00000c6qHO2AY,NL,0127Q000000upr9QAA,Status,Mailjourney,Appointment
2026-08-13T13:52:42.000Z,00QP500000s8aLoMAI,NL,0127Q000000upr9QAA,Status,New,Appointment
2026-08-13T13:51:59.000Z,00QQD00000dGT7f2AG,BE,0127Q000000eERIQA2,Status,Follow-up,Re-entered
2026-08-13T13:51:42.000Z,00QP500000s8EYAMA2,BE,0127Q000000eERIQA2,Status,New,Not reached
2026-08-13T13:50:49.000Z,00QQD00000bMuHZ2A0,NL,0127Q000000upr9QAA,Status,Follow-up,Mailjourney
2026-08-13T13:47:38.000Z,00QP500000s8EYCMA2,NL,0127Q000000upr9QAA,Status,Not reached,Follow-up
2026-08-13T13:42:02.000Z,00QP500000s2VtSMAU,BE,0127Q000000eERIQA2,Status,Not reached,Mailjourney
2026-08-13T13:39:32.000Z,00QP500000s8EYCMA2,NL,0127Q000000upr9QAA,Status,New,Not reached
2026-08-13T13:38:56.000Z,00QP500000s8EDGMA2,NL,0127Q000000upr9QAA,Status,New,Mailjourney
2026-08-13T13:33:35.000Z,00QP500000s2u8hMAA,NL,0127Q000000upr9QAA,Status,Brochure,Mailjourney
2026-08-13T13:33:20.000Z,00QP500000s7LiAMAU,NL,0127Q000000upr9QAA,Status,Brochure,Mailjourney
2026-08-13T13:32:58.000Z,00QP500000s4t3fMAA,NL,0127Q000000upr9QAA,Status,Brochure,Follow-up
2026-08-13T13:32:58.000Z,00QP500000s4SzZMAU,NL,0127Q000000upr9QAA,Status,Brochure,Follow-up
2026-08-13T13:31:05.000Z,00QP500000s8LLCMA2,NL,0127Q000000upr9QAA,Status,New,Appointment
2026-08-13T13:30:34.000Z,00QP500000s8v8UMAQ,NL,0127Q000000upr9QAA,Status,New,Appointment
2026-08-13T13:29:28.000Z,00QP500000s9425MAA,NL,0127Q000000upr9QAA,Status,New,Mailjourney
2026-08-13T13:25:13.000Z,00QP500000s8EYBMA2,NL,0127Q000000upr9QAA,Status,New,Not Qualified
2026-08-13T13:23:33.000Z,00QQD00000dOSO52AO,NL,0127Q000000upr9QAA,Status,Mailjourney,Appointment
2026-08-13T13:22:54.000Z,00QP500000s4SzZMAU,NL,0127Q000000upr9QAA,Status,Not reached,Brochure
2026-08-13T13:22:38.000Z,00QP500000s8nxKMAQ,NL,0127Q000000upr9QAA,Status,New,Follow-up
2026-08-13T13:22:32.000Z,00QP500000s8u7aMAA,NL,0127Q000000upr9QAA,Status,New,Not Qualified
2026-08-13T13:21:53.000Z,00QQD00000ZGAh72AH,BE,0127Q000000eERIQA2,Status,Converted Old SF,Re-entered
2026-08-13T13:21:12.000Z,00QQD00000ZGACd2AP,BE,0127Q000000eERIQA2,Status,Re-entered,Not reached
2026-08-13T13:17:45.000Z,00QP500000s0JLMMA2,NL,0127Q000000upr9QAA,Status,Not reached,Follow-up
2026-08-13T13:16:14.000Z,00QP500000s4t3fMAA,NL,0127Q000000upr9QAA,Status,Not reached,Brochure
2026-08-13T13:13:58.000Z,00QP500000s8XffMAE,NL,0127Q000000upr9QAA,Status,New,Appointment
2026-08-13T13:11:48.000Z,00QP500000s8A00MAE,NL,0127Q000000upr9QAA,Status,New,Appointment
2026-08-13T13:11:39.000Z,00QP500000s8uVlMAI,NL,0127Q000000upr9QAA,Status,Not reached,Appointment
2026-08-13T13:07:54.000Z,00QP500000s3qFyMAI,BE,0127Q000000eERIQA2,Status,Not reached,Follow-up
2026-08-13T13:02:53.000Z,00QQD00000ZGACd2AP,BE,0127Q000000eERIQA2,Status,Converted Old SF,Re-entered
2026-08-13T12:57:59.000Z,00QP500000s7YKRMA2,BE,0127Q000000eERIQA2,Status,Follow-up,Not Qualified
2026-08-13T12:57:49.000Z,00QP500000s8uVlMAI,NL,0127Q000000upr9QAA,Status,New,Not reached
2026-08-13T12:56:33.000Z,00QP500000s7oXLMAY,BE,0127Q000000eERIQA2,Status,New,Not Qualified
2026-08-13T12:55:41.000Z,00QP500000s8PqCMAU,NL,0127Q000000upr9QAA,Status,New,Not reached
2026-08-13T12:53:26.000Z,00QP500000s5WkvMAE,NL,0127Q000000upr9QAA,Status,Not reached,Mailjourney
2026-08-13T12:50:51.000Z,00QP500000s84DvMAI,NL,0127Q000000upr9QAA,Status,New,Follow-up
2026-08-13T12:49:59.000Z,00QP500000s7YKRMA2,BE,0127Q000000eERIQA2,Status,New,Follow-up
2026-08-13T12:47:33.000Z,00QP500000s4PC1MAM,BE,0127Q000000eERIQA2,Status,Not reached,Mailjourney
2026-08-13T12:41:57.000Z,00QP500000s7FxlMAE,NL,0127Q000000upr9QAA,Status,New,Appointment
2026-08-13T12:40:32.000Z,00QP500000s89zzMAA,NL,0127Q000000upr9QAA,Status,New,Not Qualified
2026-08-13T12:40:04.000Z,00QP500000s1jdZMAQ,BE,0127Q000000eERIQA2,Status,Not reached,Follow-up
2026-08-13T12:35:08.000Z,00QP500000ro7JAMAY,BE,0127Q000000eERIQA2,Status,Follow-up,Appointment
2026-08-13T12:34:40.000Z,00QP500000s7qSdMAI,BE,0127Q000000eERIQA2,Status,New,Follow-up
2026-08-13T12:21:51.000Z,00QP500000s1VkDMAU,BE,0127Q000000eERIQA2,Status,Not reached,Follow-up
2026-08-13T12:21:01.000Z,00QP500000s8cH7MAI,BE,0127Q000000eERIQA2,Status,New,Not reached
2026-08-13T12:20:14.000Z,00QP500000s84DuMAI,BE,0127Q000000eERIQA2,Status,New,Lost
2026-08-13T12:17:20.000Z,00QP500000rBSSHMA4,NL,0127Q000000upr9QAA,Status,Follow-up,Mailjourney
2026-08-13T12:14:49.000Z,00QP500000s3lZaMAI,BE,0127Q000000eERIQA2,Status,Not reached,Follow-up
2026-08-13T12:10:26.000Z,00QP500000s1DnKMAU,BE,0127Q000000eERIQA2,Status,Not reached,Mailjourney
2026-08-13T12:10:23.000Z,00QP500000rwbOxMAI,NL,0127Q000000upr9QAA,Status,Not reached,Follow-up
2026-08-13T12:10:10.000Z,00QP500000s8UY6MAM,NL,0127Q000000upr9QAA,Status,Not reached,Mailjourney
2026-08-13T12:07:32.000Z,00QP500000s0fbCMAQ,NL,0127Q000000upr9QAA,Status,Not reached,Lost
2026-08-13T12:05:41.000Z,00QP500000s8UY6MAM,NL,0127Q000000upr9QAA,Status,New,Not reached
2026-08-13T12:03:54.000Z,00QP500000s2u8hMAA,NL,0127Q000000upr9QAA,Status,Mailjourney,Brochure
2026-08-13T11:56:37.000Z,00QP500000s2u8hMAA,NL,0127Q000000upr9QAA,Status,Not reached,Mailjourney
2026-08-13T11:51:50.000Z,00QP500000rIxhRMAS,NL,0127Q000000upr9QAA,Status,Follow-up,Mailjourney
2026-08-13T11:49:23.000Z,00QP500000s81hOMAQ,NL,0127Q000000upr9QAA,Status,New,Mailjourney
2026-08-13T11:46:39.000Z,00QP500000s822LMAQ,BE,0127Q000000eERIQA2,Status,New,Mailjourney
2026-08-13T11:44:14.000Z,00QP500000s87A5MAI,NL,0127Q000000upr9QAA,Status,New,Appointment
2026-08-13T11:41:26.000Z,00QP500000s867zMAA,BE,0127Q000000eERIQA2,Status,New,Appointment
2026-08-13T11:34:27.000Z,00QP500000s74axMAA,NL,0127Q000000upr9QAA,Status,New,Mailjourney
2026-08-13T11:25:29.000Z,00QQD00000AQSlv2AH,NL,0127Q000000upr9QAA,Status,Re-entered,Mailjourney
2026-08-13T11:23:54.000Z,00QP500000s7rOgMAI,BE,0127Q000000eERIQA2,Status,New,Follow-up
2026-08-13T11:20:20.000Z,00QP500000s7DxXMAU,NL,0127Q000000upr9QAA,Status,New,Follow-up
2026-08-13T11:15:28.000Z,00QP500000s7gLEMAY,NL,0127Q000000upr9QAA,Status,New,Not Qualified
2026-08-13T11:06:58.000Z,00QQD00000AQSlv2AH,NL,0127Q000000upr9QAA,Status,Mailjourney,Re-entered
2026-08-13T10:56:29.000Z,00QQD00000ZGzNr2AL,BE,0127Q000000eERIQA2,Status,Follow-up,Mailjourney
2026-08-13T10:51:54.000Z,00QQD00000ZGtcs2AD,BE,0127Q000000eERIQA2,Status,Mailjourney,Follow-up
2026-08-13T10:48:39.000Z,00QQD00000ZGtcs2AD,BE,0127Q000000eERIQA2,Status,Follow-up,Mailjourney
2026-08-13T10:48:03.000Z,00QQD00000EJXgB2AX,NL,0127Q000000upr9QAA,Status,New,Appointment
2026-08-13T10:46:58.000Z,00QQD00000ZGbUH2A1,BE,0127Q000000eERIQA2,Status,Follow-up,Mailjourney
2026-08-13T10:42:33.000Z,00QP500000rqRLoMAM,BE,0127Q000000eERIQA2,Status,Follow-up,Not Qualified
2026-08-13T10:31:19.000Z,00QP500000s5jF9MAI,NL,0127Q000000upr9QAA,Status,Re-entered - Phone Number Changed,Not reached
2026-08-13T10:29:35.000Z,00QP500000s7CwkMAE,NL,0127Q000000upr9QAA,Status,New,Not reached
2026-08-13T10:25:35.000Z,00QP500000s5jF9MAI,NL,0127Q000000upr9QAA,Status,Not reached,Re-entered - Phone Number Changed
2026-08-13T10:15:17.000Z,00QP500000s7MHeMAM,NL,0127Q000000upr9QAA,Status,New,Not reached
2026-08-13T10:04:21.000Z,00QQD00000dq8aw2AA,NL,0127Q000000upr9QAA,Status,Lost,Appointment
2026-08-13T09:59:26.000Z,00QP500000rv46tMAA,BE,0127Q000000eERIQA2,Status,Not reached,Follow-up
2026-08-13T09:59:23.000Z,00QP500000s7LiAMAU,NL,0127Q000000upr9QAA,Status,New,Brochure
2026-08-13T09:57:06.000Z,00QP500000rqSswMAE,BE,0127Q000000eERIQA2,Status,Not reached,Follow-up
2026-08-13T09:54:04.000Z,00QP500000s5gdsMAA,NL,0127Q000000upr9QAA,Status,New,Follow-up
2026-08-13T09:48:57.000Z,00QP500000s6a1hMAA,NL,0127Q000000upr9QAA,Status,New,Not reached
2026-08-13T09:47:40.000Z,00QP500000s6S5lMAE,NL,0127Q000000upr9QAA,Status,New,Not reached
2026-08-13T09:45:21.000Z,00QP500000rqRNNMA2,BE,0127Q000000eERIQA2,Status,Re-entered,Lost
2026-08-13T09:41:22.000Z,00QP500000ryy1BMAQ,NL,0127Q000000upr9QAA,Status,Brochure,Follow-up
2026-08-13T09:41:22.000Z,00QP500000s2hg5MAA,NL,0127Q000000upr9QAA,Status,Brochure,Follow-up
2026-08-13T09:41:22.000Z,00QP500000s1XVtMAM,NL,0127Q000000upr9QAA,Status,Brochure,Follow-up
2026-08-13T09:40:15.000Z,00QP500000rqRNNMA2,BE,0127Q000000eERIQA2,Status,Lost,Re-entered
2026-08-13T09:40:01.000Z,00QP500000s5j75MAA,NL,0127Q000000upr9QAA,Status,New,Appointment
2026-08-13T09:35:26.000Z,00QP500000s5jF9MAI,NL,0127Q000000upr9QAA,Status,New,Not reached
2026-08-13T09:33:37.000Z,00QP500000s722pMAA,BE,0127Q000000eERIQA2,Status,New,Appointment
2026-08-13T09:33:11.000Z,00QP500000s5qIGMAY,NL,0127Q000000upr9QAA,Status,New,Not reached
2026-08-13T09:32:39.000Z,00QP500000s6wLZMAY,NL,0127Q000000upr9QAA,Status,New,Not Qualified
2026-08-13T09:32:38.000Z,00QP500000s6GEHMA2,NL,0127Q000000upr9QAA,Status,New,Lost
2026-08-13T09:31:39.000Z,00QP500000s7NC5MAM,NL,0127Q000000upr9QAA,Status,New,Mailjourney
2026-08-13T09:28:07.000Z,00QP500000s5gdrMAA,NL,0127Q000000upr9QAA,Status,New,Mailjourney
2026-08-13T09:27:07.000Z,00QP500000rqRNNMA2,BE,0127Q000000eERIQA2,Status,Not reached,Lost
2026-08-13T09:24:13.000Z,00QP500000qtHv7MAE,BE,0127Q000000eERIQA2,Status,Follow-up,Lost
2026-08-13T09:21:01.000Z,00QP500000roPuMMAU,BE,0127Q000000eERIQA2,Status,Not reached,Follow-up
2026-08-13T09:20:08.000Z,00QP500000s5nU2MAI,NL,0127Q000000upr9QAA,Status,New,Appointment
2026-08-13T09:15:57.000Z,00QP500000s7Fw5MAE,NL,0127Q000000upr9QAA,Status,New,Appointment
2026-08-13T09:06:59.000Z,00QP500000s6arJMAQ,NL,0127Q000000upr9QAA,Status,New,Mailjourney
2026-08-13T09:01:53.000Z,00QQD00000dbbWn2AI,BE,0127Q000000eERIQA2,Status,Follow-up,Mailjourney
2026-08-13T09:01:44.000Z,00QP500000s6jbKMAQ,BE,0127Q000000eERIQA2,Status,New,Appointment
2026-08-13T09:00:15.000Z,00QP500000s4SzZMAU,NL,0127Q000000upr9QAA,Status,New,Not reached
2026-08-13T08:58:35.000Z,00QP500000s6BkwMAE,NL,0127Q000000upr9QAA,Status,New,Follow-up
2026-08-13T08:56:26.000Z,00QP500000s43t4MAA,NL,0127Q000000upr9QAA,Status,New,Appointment
2026-08-13T08:55:45.000Z,00QP500000rJkiAMAS,BE,0127Q000000eERIQA2,Status,Mailjourney,Follow-up
2026-08-13T08:55:04.000Z,00QP500000rJkiAMAS,BE,0127Q000000eERIQA2,Status,Not reached,Mailjourney
2026-08-13T08:50:42.000Z,00QP500000q40A0MAI,BE,0127Q000000eERIQA2,Status,Follow-up,Lost
2026-08-13T08:42:57.000Z,00QP500000s6CkCMAU,NL,0127Q000000upr9QAA,Status,New,Appointment
2026-08-13T08:42:11.000Z,00QP500000s3wmkMAA,NL,0127Q000000upr9QAA,Status,New,Not reached
2026-08-13T08:38:13.000Z,00QP500000rFHlIMAW,NL,0127Q000000upr9QAA,Status,Mailjourney,Follow-up
2026-08-13T08:38:02.000Z,00QP500000rFHlIMAW,NL,0127Q000000upr9QAA,Status,Follow-up,Mailjourney
2026-08-13T08:34:28.000Z,00QQD00000cCJyg2AG,NL,0127Q000000upr9QAA,Status,Follow-up,Mailjourney
2026-08-13T08:25:56.000Z,00QP500000qv79eMAA,BE,0127Q000000eERIQA2,Status,Follow-up,Lost
2026-08-13T08:19:00.000Z,00QP500000rP4A1MAK,NL,0127Q000000upr9QAA,Status,Follow-up,Appointment
2026-08-13T08:17:45.000Z,00QP500000s1XVtMAM,NL,0127Q000000upr9QAA,Status,Not reached,Brochure
2026-08-13T08:17:16.000Z,00QP500000ray2OMAQ,BE,0127Q000000eERIQA2,Status,Follow-up,Mailjourney
2026-08-13T08:16:27.000Z,00QP500000r70soMAA,BE,0127Q000000eERIQA2,Status,Follow-up,Mailjourney
2026-08-13T08:14:17.000Z,00QP500000qYIhlMAG,BE,0127Q000000eERIQA2,Status,Follow-up,Mailjourney
2026-08-13T08:13:34.000Z,00QP500000rWomLMAS,BE,0127Q000000eERIQA2,Status,Follow-up,Mailjourney
2026-08-13T08:13:01.000Z,00QP500000s6X3pMAE,BE,0127Q000000eERIQA2,Status,New,Follow-up
2026-08-13T08:11:22.000Z,00QQD00000R4tzF2AR,NL,0127Q000000upr9QAA,Status,Re-entered,Follow-up
2026-08-13T08:08:58.000Z,00QP500000rxMFjMAM,BE,0127Q000000eERIQA2,Status,Not reached,Follow-up
2026-08-13T08:05:11.000Z,00QP500000rz9uHMAQ,BE,0127Q000000eERIQA2,Status,Not reached,Follow-up
2026-08-13T08:04:44.000Z,00QP500000s4t3fMAA,NL,0127Q000000upr9QAA,Status,New,Not reached
2026-08-13T08:03:57.000Z,00QP500000rUjArMAK,NL,0127Q000000upr9QAA,Status,Follow-up,Lost
2026-08-13T08:03:21.000Z,00QP500000rtlNyMAI,BE,0127Q000000eERIQA2,Status,Not reached,Mailjourney
2026-08-13T08:00:27.000Z,00QP500000s3iWtMAI,NL,0127Q000000upr9QAA,Status,New,Appointment
2026-08-13T07:58:11.000Z,00QP500000rZhLMMA0,NL,0127Q000000upr9QAA,Status,Follow-up,Mailjourney
2026-08-13T07:57:02.000Z,00QP500000rW8dSMAS,NL,0127Q000000upr9QAA,Status,Follow-up,Mailjourney
2026-08-13T07:56:36.000Z,00QP500000rxQSzMAM,BE,0127Q000000eERIQA2,Status,Not reached,Mailjourney
2026-08-13T07:55:36.000Z,00QP500000rW7cYMAS,NL,0127Q000000upr9QAA,Status,Follow-up,Mailjourney
2026-08-13T07:55:00.000Z,00QP500000rphdwMAA,BE,0127Q000000eERIQA2,Status,Not reached,Mailjourney
2026-08-13T07:54:50.000Z,00QP500000rRPdNMAW,NL,0127Q000000upr9QAA,Status,Follow-up,Mailjourney
2026-08-13T07:52:09.000Z,00QP500000s6M3ZMAU,BE,0127Q000000eERIQA2,Status,New,Not reached
2026-08-13T07:50:09.000Z,00QP500000s2rNjMAI,NL,0127Q000000upr9QAA,Status,New,Appointment
2026-08-13T07:50:00.000Z,00QP500000q0Ul9MAE,NL,0127Q000000upr9QAA,Status,Follow-up,Mailjourney
2026-08-13T07:48:55.000Z,00QP500000s5bHZMAY,NL,0127Q000000upr9QAA,Status,New,Not reached
2026-08-13T07:48:42.000Z,00QP500000rx67iMAA,NL,0127Q000000upr9QAA,Status,Not reached,Mailjourney
2026-08-13T07:46:34.000Z,00QP500000s5WkvMAE,NL,0127Q000000upr9QAA,Status,New,Not reached
2026-08-13T07:45:43.000Z,00QP500000s2JndMAE,NL,0127Q000000upr9QAA,Status,New,Mailjourney
2026-08-13T07:45:32.000Z,00QP500000s6Ro1MAE,NL,0127Q000000upr9QAA,Status,New,Appointment
2026-08-13T07:43:52.000Z,00QP500000s5QijMAE,NL,0127Q000000upr9QAA,Status,New,Not Qualified
2026-08-13T07:43:01.000Z,00QP500000s3DukMAE,NL,0127Q000000upr9QAA,Status,New,Follow-up
2026-08-13T07:42:08.000Z,00QP500000s0blHMAQ,NL,0127Q000000upr9QAA,Status,Not reached,Appointment
2026-08-13T07:42:04.000Z,00QP500000rP6WlMAK,BE,0127Q000000eERIQA2,Status,Mailjourney,Appointment
2026-08-13T07:41:10.000Z,00QP500000s618nMAA,BE,0127Q000000eERIQA2,Status,New,Not reached
2026-08-13T07:38:34.000Z,00QP500000rBXQLMA4,BE,0127Q000000eERIQA2,Status,Follow-up,Appointment
2026-08-13T07:38:22.000Z,00QP500000rdUe3MAE,BE,0127Q000000eERIQA2,Status,Not reached,Appointment
2026-08-13T07:36:06.000Z,00QP500000s4pjHMAQ,NL,0127Q000000upr9QAA,Status,New,Not Qualified
2026-08-13T07:33:06.000Z,00QP500000s2I1qMAE,NL,0127Q000000upr9QAA,Status,New,Not Qualified
2026-08-13T07:31:21.000Z,00QP500000s2u8hMAA,NL,0127Q000000upr9QAA,Status,New,Not reached
2026-08-13T07:25:33.000Z,00QP500000s4xLlMAI,BE,0127Q000000eERIQA2,Status,New,Not reached
2026-08-13T07:24:26.000Z,00QP500000rBXQLMA4,BE,0127Q000000eERIQA2,Status,Mailjourney,Follow-up
2026-08-13T07:24:14.000Z,00QP500000s4GQVMA2,BE,0127Q000000eERIQA2,Status,New,Follow-up
2026-08-13T07:22:29.000Z,00QP500000s46hJMAQ,BE,0127Q000000eERIQA2,Status,New,Not reached
2026-08-13T07:20:26.000Z,00QP500000s4YjxMAE,BE,0127Q000000eERIQA2,Status,New,Mailjourney
2026-08-13T07:17:22.000Z,00QP500000s4WQRMA2,BE,0127Q000000eERIQA2,Status,New,Not reached
2026-08-13T07:17:10.000Z,00QP500000s4CZlMAM,BE,0127Q000000eERIQA2,Status,New,Not reached
2026-08-13T07:12:26.000Z,00QP500000s4VFqMAM,BE,0127Q000000eERIQA2,Status,New,Not reached
2026-08-13T07:11:55.000Z,00QQD00000dqzdh2AA,BE,0127Q000000eERIQA2,Status,Re-entered,Not reached
2026-08-13T07:08:28.000Z,00QP500000s3rgcMAA,BE,0127Q000000eERIQA2,Status,New,Not reached
2026-08-13T07:08:23.000Z,00QP500000s4PC1MAM,BE,0127Q000000eERIQA2,Status,New,Not reached
2026-08-13T07:07:18.000Z,00QP500000s3lZaMAI,BE,0127Q000000eERIQA2,Status,New,Not reached
2026-08-13T07:06:34.000Z,00QP500000s3qFyMAI,BE,0127Q000000eERIQA2,Status,New,Not reached
2026-08-13T07:05:17.000Z,00QP500000s3ueTMAQ,BE,0127Q000000eERIQA2,Status,New,Not Qualified
2026-08-13T07:04:44.000Z,00QP500000rljOAMAY,BE,0127Q000000eERIQA2,Status,Not reached,Follow-up
2026-08-13T06:25:40.000Z,00QQD00000dukeP2AQ,BE,0127Q000000eERIQA2,Status,Follow-up,Lost
2026-08-13T06:16:19.000Z,00QP500000s4vuBMAQ,NL,0127Q000000upr9QAA,Status,New,Not Qualified
2026-08-13T06:15:09.000Z,00QP500000s4t3eMAA,NL,0127Q000000upr9QAA,Status,New,Not Qualified
2026-08-13T06:04:03.000Z,00QP500000rQryDMAS,BE,0127Q000000eERIQA2,Status,Not Qualified,Follow-up
2026-08-13T06:01:48.000Z,00QP500000rT2JJMA0,FR,012QD000002ylXZYAY,Status,New,Mailjourney
2026-08-12T21:52:57.000Z,00QQD00000R4tzF2AR,NL,0127Q000000upr9QAA,Status,Not Qualified,Re-entered
2026-08-12T18:49:17.000Z,00QQD00000dqzdh2AA,BE,0127Q000000eERIQA2,Status,Not Qualified,Re-entered
2026-08-12T17:58:47.000Z,00QQD00000APwN52AL,NL,0127Q000000upr9QAA,Status,Not Qualified,Mailjourney
2026-08-12T14:52:51.000Z,00QP500000s2qD9MAI,NL,0127Q000000upr9QAA,Status,New,Appointment
2026-08-12T14:42:54.000Z,00QP500000s2i5wMAA,NL,0127Q000000upr9QAA,Status,New,Not Qualified
2026-08-12T14:29:50.000Z,00QP500000s2hg5MAA,NL,0127Q000000upr9QAA,Status,New,Brochure
2026-08-12T14:25:12.000Z,00QP500000s1vrcMAA,NL,0127Q000000upr9QAA,Status,New,Mailjourney
2026-08-12T14:18:48.000Z,00QP500000s22xuMAA,BE,0127Q000000eERIQA2,Status,New,Follow-up
2026-08-12T14:16:23.000Z,00QP500000s2AQrMAM,BE,0127Q000000eERIQA2,Status,New,Appointment
2026-08-12T14:05:26.000Z,00QP500000s1n7eMAA,NL,0127Q000000upr9QAA,Status,New,Appointment
2026-08-12T14:04:35.000Z,00QQD00000APwMr2AL,NL,0127Q000000upr9QAA,Status,Follow-up,Mailjourney
2026-08-12T14:03:00.000Z,00QP500000rLwDmMAK,NL,0127Q000000upr9QAA,Status,Follow-up,Mailjourney
2026-08-12T14:00:34.000Z,00QP500000s1jQcMAI,NL,0127Q000000upr9QAA,Status,New,Appointment
2026-08-12T13:59:14.000Z,00QP500000rGAMfMAO,NL,0127Q000000upr9QAA,Status,Mailjourney,Appointment
2026-08-12T13:58:58.000Z,00QP500000s2VtSMAU,BE,0127Q000000eERIQA2,Status,New,Not reached
2026-08-12T13:53:17.000Z,00QP500000s2Y3JMAU,NL,0127Q000000upr9QAA,Status,New,Not Qualified
2026-08-12T13:53:15.000Z,00QP500000qXJypMAG,NL,0127Q000000upr9QAA,Status,Follow-up,Mailjourney
2026-08-12T13:52:11.000Z,00QP500000s2eqHMAQ,BE,0127Q000000eERIQA2,Status,New,Appointment
2026-08-12T13:36:31.000Z,00QP500000rEp2dMAC,BE,0127Q000000eERIQA2,Status,Follow-up,Mailjourney
2026-08-12T13:30:17.000Z,00QP500000s2QybMAE,NL,0127Q000000upr9QAA,Status,Not reached,Not Qualified
2026-08-12T13:29:34.000Z,00QP500000s1jdZMAQ,BE,0127Q000000eERIQA2,Status,New,Not reached
2026-08-12T13:28:41.000Z,00QP500000qkgPhMAI,NL,0127Q000000upr9QAA,Status,Follow-up,Mailjourney
2026-08-12T13:27:29.000Z,00QP500000s2QybMAE,NL,0127Q000000upr9QAA,Status,New,Not reached
2026-08-12T13:25:49.000Z,00QP500000rx2AXMAY,BE,0127Q000000eERIQA2,Status,Not reached,Mailjourney
2026-08-12T13:25:07.000Z,00QP500000rGAMfMAO,NL,0127Q000000upr9QAA,Status,Follow-up,Mailjourney
2026-08-12T13:22:22.000Z,00QQD00000e2Gcl2AE,NL,0127Q000000upr9QAA,Status,Follow-up,Mailjourney
2026-08-12T13:19:49.000Z,00QP500000rGkhwMAC,NL,0127Q000000upr9QAA,Status,Follow-up,Lost
2026-08-12T13:18:06.000Z,00QP500000r0XycMAE,NL,0127Q000000upr9QAA,Status,Follow-up,Mailjourney
2026-08-12T13:17:17.000Z,00QP500000s18CcMAI,NL,0127Q000000upr9QAA,Status,Re-entered - Phone Number Changed,Appointment
2026-08-12T13:09:22.000Z,00QP500000s2CdtMAE,BE,0127Q000000eERIQA2,Status,New,Not Qualified
2026-08-12T13:08:29.000Z,00QP500000s2D6vMAE,NL,0127Q000000upr9QAA,Status,New,Mailjourney
2026-08-12T13:07:31.000Z,00QP500000rwuzOMAQ,BE,0127Q000000eERIQA2,Status,Not reached,Lost
2026-08-12T13:05:31.000Z,00QP500000s1IzvMAE,NL,0127Q000000upr9QAA,Status,Re-entered,Appointment
2026-08-12T13:03:26.000Z,00QP500000rQryDMAS,BE,0127Q000000eERIQA2,Status,Follow-up,Not Qualified
2026-08-12T12:53:48.000Z,00QP500000s18CcMAI,NL,0127Q000000upr9QAA,Status,Not reached,Re-entered - Phone Number Changed
2026-08-12T12:43:02.000Z,00QP500000rJkiAMAS,BE,0127Q000000eERIQA2,Status,Follow-up,Not reached
2026-08-12T12:42:20.000Z,00QQD00000ZGgkg2AD,BE,0127Q000000eERIQA2,Status,Mailjourney,Appointment
2026-08-12T12:40:13.000Z,00QP500000s0fbCMAQ,NL,0127Q000000upr9QAA,Status,New,Not reached
2026-08-12T12:39:37.000Z,00QP500000rF7NdMAK,BE,0127Q000000eERIQA2,Status,Follow-up,Mailjourney
2026-08-12T12:39:24.000Z,00QP500000s1QW3MAM,BE,0127Q000000eERIQA2,Status,New,Not Qualified
2026-08-12T12:37:22.000Z,00QP500000qqmx3MAA,BE,0127Q000000eERIQA2,Status,Follow-up,Mailjourney
2026-08-12T12:37:05.000Z,00QP500000rAIExMAO,BE,0127Q000000eERIQA2,Status,Follow-up,Mailjourney
2026-08-12T12:33:55.000Z,00QP500000s1gJ5MAI,BE,0127Q000000eERIQA2,Status,New,Mailjourney
2026-08-12T12:32:48.000Z,00QP500000s1D4CMAU,BE,0127Q000000eERIQA2,Status,New,Appointment
2026-08-12T12:30:57.000Z,00QP500000rHsQUMA0,NL,0127Q000000upr9QAA,Status,Follow-up,Mailjourney
2026-08-12T12:29:39.000Z,00QQD00000AQMyc2AH,NL,0127Q000000upr9QAA,Status,Re-entered,Not Qualified
2026-08-12T12:29:27.000Z,00QP500000rHlGwMAK,NL,0127Q000000upr9QAA,Status,Follow-up,Lost
2026-08-12T12:26:51.000Z,00QP500000s1YN8MAM,NL,0127Q000000upr9QAA,Status,New,Mailjourney
2026-08-12T12:22:48.000Z,00QP500000rFUs5MAG,NL,0127Q000000upr9QAA,Status,Follow-up,Lost
2026-08-12T12:20:34.000Z,00QQD00000dZXQs2AO,BE,0127Q000000eERIQA2,Status,Follow-up,Mailjourney
2026-08-12T12:19:43.000Z,00QP500000s1IzvMAE,NL,0127Q000000upr9QAA,Status,Mailjourney,Re-entered
2026-08-12T12:16:06.000Z,00QP500000rRPDXMA4,BE,0127Q000000eERIQA2,Status,Follow-up,Mailjourney
2026-08-12T12:14:05.000Z,00QP500000r86pjMAA,NL,0127Q000000upr9QAA,Status,Follow-up,Mailjourney
2026-08-12T12:13:42.000Z,00QP500000rx7erMAA,NL,0127Q000000upr9QAA,Status,Not reached,Appointment
2026-08-12T12:13:20.000Z,00QP500000s18CcMAI,NL,0127Q000000upr9QAA,Status,New,Not reached
2026-08-12T12:11:34.000Z,00QP500000s1IzvMAE,NL,0127Q000000upr9QAA,Status,New,Mailjourney
2026-08-12T12:08:29.000Z,00QP500000rvEz2MAE,NL,0127Q000000upr9QAA,Status,Follow-up,Mailjourney
2026-08-12T12:07:38.000Z,00QP500000roWKnMAM,NL,0127Q000000upr9QAA,Status,Not reached,Not Qualified
2026-08-12T12:07:01.000Z,00QQD00000aNub32AC,NL,0127Q000000upr9QAA,Status,New,Not Qualified
2026-08-12T12:04:58.000Z,00QP500000rvEz2MAE,NL,0127Q000000upr9QAA,Status,Not reached,Follow-up
2026-08-12T12:02:59.000Z,00QP500000rvtqrMAA,BE,0127Q000000eERIQA2,Status,Not reached,Appointment
2026-08-12T12:02:32.000Z,00QP500000ruwCYMAY,NL,0127Q000000upr9QAA,Status,Not reached,Follow-up
2026-08-12T12:00:39.000Z,00QP500000ryv3JMAQ,NL,0127Q000000upr9QAA,Status,Not reached,Follow-up
2026-08-12T11:59:25.000Z,00QQD00000AQMyc2AH,NL,0127Q000000upr9QAA,Status,Lost,Re-entered
2026-08-12T11:56:24.000Z,00QP500000ruwCXMAY,NL,0127Q000000upr9QAA,Status,Not reached,Follow-up
2026-08-12T11:54:58.000Z,00QQD00000UMGHo2AP,NL,0127Q000000upr9QAA,Status,Not reached,Follow-up
2026-08-12T11:54:02.000Z,00QP500000rwJwcMAE,NL,0127Q000000upr9QAA,Status,Not reached,Not Qualified
2026-08-12T11:53:16.000Z,00QP500000s1cybMAA,NL,0127Q000000upr9QAA,Status,New,Appointment
2026-08-12T11:52:25.000Z,00QP500000s0JLMMA2,NL,0127Q000000upr9QAA,Status,New,Not reached
2026-08-12T11:50:17.000Z,00QP500000rsQ73MAE,NL,0127Q000000upr9QAA,Status,Not reached,Follow-up
2026-08-12T11:49:19.000Z,00QP500000rPJkIMAW,BE,0127Q000000eERIQA2,Status,Follow-up,Mailjourney
2026-08-12T11:48:58.000Z,00QQD00000AQPtl2AH,NL,0127Q000000upr9QAA,Status,Not reached,Follow-up
2026-08-12T11:48:02.000Z,00QP500000s0rtHMAQ,NL,0127Q000000upr9QAA,Status,New,Not reached
2026-08-12T11:46:13.000Z,00QQD00000PtNWF2A3,NL,0127Q000000upr9QAA,Status,Re-entered,Appointment
2026-08-12T11:45:54.000Z,00QP500000s1XVtMAM,NL,0127Q000000upr9QAA,Status,New,Not reached
2026-08-12T11:45:24.000Z,00QP500000rx67iMAA,NL,0127Q000000upr9QAA,Status,Re-entered,Not reached
2026-08-12T11:41:28.000Z,00QP500000s1DnKMAU,BE,0127Q000000eERIQA2,Status,New,Not reached
2026-08-12T11:40:41.000Z,00QQD00000bPm492AC,BE,0127Q000000eERIQA2,Status,Follow-up,Mailjourney
2026-08-12T11:39:29.000Z,00QP500000rjoBtMAI,BE,0127Q000000eERIQA2,Status,Not reached,Follow-up
2026-08-12T11:38:45.000Z,00QP500000s0blHMAQ,NL,0127Q000000upr9QAA,Status,New,Not reached
2026-08-12T11:38:24.000Z,00QP500000rjoBtMAI,BE,0127Q000000eERIQA2,Status,Follow-up,Not reached
2026-08-12T11:38:14.000Z,00QP500000rrtClMAI,BE,0127Q000000eERIQA2,Status,Follow-up,Mailjourney
2026-08-12T11:36:56.000Z,00QP500000rx67iMAA,NL,0127Q000000upr9QAA,Status,Not reached,Re-entered
2026-08-12T11:21:47.000Z,00QP500000s1VkDMAU,BE,0127Q000000eERIQA2,Status,New,Not reached
2026-08-12T11:18:18.000Z,00QQD00000PtNWF2A3,NL,0127Q000000upr9QAA,Status,Lost,Re-entered
2026-08-12T11:16:35.000Z,00QQD00000dDWJl2AO,BE,0127Q000000eERIQA2,Status,Follow-up,Mailjourney
2026-08-12T11:07:04.000Z,00QP500000s0oYsMAI,BE,0127Q000000eERIQA2,Status,New,Not reached
2026-08-12T11:01:00.000Z,00QP500000s18ajMAA,BE,0127Q000000eERIQA2,Status,New,Not Qualified
2026-08-12T11:00:09.000Z,00QQD00000APziD2AT,NL,0127Q000000upr9QAA,Status,Re-entered,Mailjourney
2026-08-12T10:34:22.000Z,00QP500000s0yptMAA,NL,0127Q000000upr9QAA,Status,New,Lost
2026-08-12T10:33:07.000Z,00QP500000rvs3dMAA,BE,0127Q000000eERIQA2,Status,Not reached,Not Qualified
2026-08-12T10:21:36.000Z,00QQD00000dVQ1N2AW,NL,0127Q000000upr9QAA,Status,Lost,Follow-up
2026-08-12T10:21:34.000Z,00QP500000s00NbMAI,NL,0127Q000000upr9QAA,Status,Not reached,Not Qualified
2026-08-12T10:18:21.000Z,00QP500000s00NbMAI,NL,0127Q000000upr9QAA,Status,New,Not reached
2026-08-12T10:13:27.000Z,00QP500000rXuXxMAK,BE,0127Q000000eERIQA2,Status,Follow-up,Mailjourney
2026-08-12T10:08:14.000Z,00QP500000s0RFeMAM,BE,0127Q000000eERIQA2,Status,New,Mailjourney
2026-08-12T10:07:04.000Z,00QP500000qOjsUMAS,BE,0127Q000000eERIQA2,Status,Follow-up,Mailjourney
2026-08-12T10:00:58.000Z,00QP500000rsaxdMAA,NL,0127Q000000upr9QAA,Status,Follow-up,Appointment
2026-08-12T09:58:57.000Z,00QP500000s0TSlMAM,NL,0127Q000000upr9QAA,Status,New,Appointment
2026-08-12T09:54:07.000Z,00QQD00000d5K1H2AU,BE,0127Q000000eERIQA2,Status,Not reached,Follow-up
2026-08-12T09:50:40.000Z,00QP500000rkT25MAE,BE,0127Q000000eERIQA2,Status,Not reached,Follow-up
2026-08-12T09:49:13.000Z,00QP500000rh82EMAQ,BE,0127Q000000eERIQA2,Status,Not reached,Follow-up
2026-08-12T09:48:32.000Z,00QQD00000dVQ1N2AW,NL,0127Q000000upr9QAA,Status,Follow-up,Lost
2026-08-12T09:47:05.000Z,00QP500000rjzs4MAA,NL,0127Q000000upr9QAA,Status,Follow-up,Not Qualified
2026-08-12T09:45:16.000Z,00QQD00000ZH0Ts2AL,BE,0127Q000000eERIQA2,Status,Re-entered,Not reached
2026-08-12T09:43:03.000Z,00QP500000rr8SNMAY,BE,0127Q000000eERIQA2,Status,Not reached,Follow-up
2026-08-12T09:41:39.000Z,00QP500000rg4aJMAQ,NL,0127Q000000upr9QAA,Status,Follow-up,Lost
2026-08-12T09:40:56.000Z,00QP500000roq3JMAQ,BE,0127Q000000eERIQA2,Status,Not reached,Follow-up
2026-08-12T09:40:38.000Z,00QP500000rzzJQMAY,BE,0127Q000000eERIQA2,Status,New,Appointment
2026-08-12T09:40:28.000Z,00QP500000roq3JMAQ,BE,0127Q000000eERIQA2,Status,Follow-up,Not reached
2026-08-12T09:40:17.000Z,00QP500000rz0EOMAY,NL,0127Q000000upr9QAA,Status,New,Appointment
2026-08-12T09:39:23.000Z,00QP500000roq3JMAQ,BE,0127Q000000eERIQA2,Status,Not reached,Follow-up
2026-08-12T09:36:07.000Z,00QP500000rk4OfMAI,BE,0127Q000000eERIQA2,Status,Not reached,Follow-up
2026-08-12T09:35:18.000Z,00QQD00000APziD2AT,NL,0127Q000000upr9QAA,Status,Mailjourney,Re-entered
2026-08-12T09:35:15.000Z,00QP500000rsqO5MAI,NL,0127Q000000upr9QAA,Status,Follow-up,Appointment
2026-08-12T09:30:41.000Z,00QP500000ronn1MAA,BE,0127Q000000eERIQA2,Status,Not reached,Follow-up
2026-08-12T09:29:52.000Z,00QQD00000dEun32AC,NL,0127Q000000upr9QAA,Status,Follow-up,Lost
2026-08-12T09:28:18.000Z,00QP500000qKVPtMAO,NL,0127Q000000upr9QAA,Status,Follow-up,Not Qualified
2026-08-12T09:27:42.000Z,00QP500000rk3nbMAA,BE,0127Q000000eERIQA2,Status,Not reached,Follow-up
2026-08-12T09:26:45.000Z,00QQD00000ZH1VO2A1,BE,0127Q000000eERIQA2,Status,Re-entered,Follow-up
2026-08-12T09:24:20.000Z,00QQD00000djCTC2A2,NL,0127Q000000upr9QAA,Status,Follow-up,Lost
2026-08-12T09:24:00.000Z,00QP500000rzzJPMAY,BE,0127Q000000eERIQA2,Status,New,Not reached
2026-08-12T09:23:26.000Z,00QP500000s0b5JMAQ,NL,0127Q000000upr9QAA,Status,New,Not Qualified
2026-08-12T09:23:08.000Z,00QQD00000d4SaL2AU,NL,0127Q000000upr9QAA,Status,Follow-up,Lost
2026-08-12T09:21:53.000Z,00QP500000rNXxeMAG,NL,0127Q000000upr9QAA,Status,Follow-up,Mailjourney
2026-08-12T09:21:18.000Z,00QP500000rqRLoMAM,BE,0127Q000000eERIQA2,Status,Not reached,Follow-up
2026-08-12T09:20:38.000Z,00QP500000pvSgXMAU,NL,0127Q000000upr9QAA,Status,Follow-up,Lost
2026-08-12T09:20:03.000Z,00QQD00000ZH0Ts2AL,BE,0127Q000000eERIQA2,Status,Mailjourney,Re-entered
2026-08-12T09:15:45.000Z,00QQD00000dqZeL2AU,NL,0127Q000000upr9QAA,Status,Follow-up,Lost
2026-08-12T09:14:08.000Z,00QQD00000dVJPj2AO,NL,0127Q000000upr9QAA,Status,Follow-up,Lost
2026-08-12T09:10:48.000Z,00QP500000rjoBtMAI,BE,0127Q000000eERIQA2,Status,Not reached,Follow-up
2026-08-12T09:09:57.000Z,00QP500000rFyrlMAC,NL,0127Q000000upr9QAA,Status,Follow-up,Lost
2026-08-12T09:08:17.000Z,00QQD00000ZH1VO2A1,BE,0127Q000000eERIQA2,Status,Mailjourney,Re-entered
2026-08-12T09:06:22.000Z,00QP500000rzSQiMAM,BE,0127Q000000eERIQA2,Status,New,Not reached
2026-08-12T09:06:07.000Z,00QP500000qHNwkMAG,NL,0127Q000000upr9QAA,Status,Follow-up,Mailjourney
2026-08-12T09:04:29.000Z,00QP500000rliOsMAI,BE,0127Q000000eERIQA2,Status,Not reached,Appointment
2026-08-12T09:04:16.000Z,00QQD00000dqwPd2AI,NL,0127Q000000upr9QAA,Status,Follow-up,Mailjourney
2026-08-12T09:02:44.000Z,00QQD00000czxAB2AY,NL,0127Q000000upr9QAA,Status,Follow-up,Mailjourney
2026-08-12T09:01:07.000Z,00QQD00000c06yn2AA,NL,0127Q000000upr9QAA,Status,Follow-up,Lost
2026-08-12T08:52:15.000Z,00QP500000qteeoMAA,NL,0127Q000000upr9QAA,Status,Follow-up,Lost
2026-08-12T08:51:33.000Z,00QP500000ru2NRMAY,NL,0127Q000000upr9QAA,Status,Follow-up,Lost
2026-08-12T08:50:08.000Z,00QP500000ryy1BMAQ,NL,0127Q000000upr9QAA,Status,New,Brochure
2026-08-12T08:49:12.000Z,00QP500000qTe95MAC,NL,0127Q000000upr9QAA,Status,Follow-up,Mailjourney
2026-08-12T08:44:28.000Z,00QP500000qVDpaMAG,NL,0127Q000000upr9QAA,Status,Follow-up,Lost
2026-08-12T08:43:53.000Z,00QP500000rzMpvMAE,BE,0127Q000000eERIQA2,Status,Not reached,Follow-up
2026-08-12T08:42:44.000Z,00QP500000rZEspMAG,NL,0127Q000000upr9QAA,Status,Follow-up,Mailjourney
2026-08-12T08:42:12.000Z,00QP500000rza6VMAQ,NL,0127Q000000upr9QAA,Status,New,Appointment
2026-08-12T08:41:27.000Z,00QP500000rww58MAA,NL,0127Q000000upr9QAA,Status,Not reached,Appointment
2026-08-12T08:40:45.000Z,00QP500000ryaDQMAY,BE,0127Q000000eERIQA2,Status,Not reached,Appointment
2026-08-12T08:39:16.000Z,00QP500000rcTnIMAU,NL,0127Q000000upr9QAA,Status,Follow-up,Mailjourney
2026-08-12T08:36:41.000Z,00QQD00000cKZVB2A4,NL,0127Q000000upr9QAA,Status,Follow-up,Lost
2026-08-12T08:33:12.000Z,00QP500000rzmfZMAQ,NL,0127Q000000upr9QAA,Status,Brochure,Follow-up
2026-08-12T08:33:12.000Z,00QP500000rvcmnMAA,NL,0127Q000000upr9QAA,Status,Brochure,Follow-up
2026-08-12T08:33:12.000Z,00QP500000rvDA9MAM,NL,0127Q000000upr9QAA,Status,Brochure,Follow-up
2026-08-12T08:33:01.000Z,00QP500000rzMpvMAE,BE,0127Q000000eERIQA2,Status,New,Not reached
2026-08-12T08:31:55.000Z,00QP500000rw4OAMAY,NL,0127Q000000upr9QAA,Status,Not reached,Not Qualified
2026-08-12T08:23:43.000Z,00QQD00000AQPtl2AH,NL,0127Q000000upr9QAA,Status,Re-entered,Not reached
2026-08-12T08:23:22.000Z,00QP500000rsaxdMAA,NL,0127Q000000upr9QAA,Status,Re-entered - Phone Number Changed,Follow-up
2026-08-12T08:21:44.000Z,00QP500000ryv3JMAQ,NL,0127Q000000upr9QAA,Status,New,Not reached
2026-08-12T08:20:48.000Z,00QP500000r9pHhMAI,NL,0127Q000000upr9QAA,Status,Follow-up,Mailjourney
2026-08-12T08:19:38.000Z,00QP500000ryLFxMAM,BE,0127Q000000eERIQA2,Status,Not reached,Not Qualified
2026-08-12T08:17:47.000Z,00QP500000ruG8hMAE,NL,0127Q000000upr9QAA,Status,Not reached,Appointment
2026-08-12T08:16:49.000Z,00QP500000rzALmMAM,BE,0127Q000000eERIQA2,Status,New,Appointment
2026-08-12T08:15:04.000Z,00QP500000ruS4nMAE,NL,0127Q000000upr9QAA,Status,Not reached,Not Qualified
2026-08-12T08:14:40.000Z,00QP500000qZi8IMAS,NL,0127Q000000upr9QAA,Status,Follow-up,Lost
2026-08-12T08:12:56.000Z,00QP500000qZ1uXMAS,NL,0127Q000000upr9QAA,Status,Follow-up,Lost
2026-08-12T08:11:58.000Z,00QP500000rfH9dMAE,BE,0127Q000000eERIQA2,Status,Not reached,Follow-up
2026-08-12T08:11:14.000Z,00QP500000qR8OZMA0,NL,0127Q000000upr9QAA,Status,Follow-up,Lost
2026-08-12T08:10:09.000Z,00QP500000rzFrdMAE,NL,0127Q000000upr9QAA,Status,New,Not Qualified
2026-08-12T08:09:57.000Z,00QP500000rv46uMAA,NL,0127Q000000upr9QAA,Status,Not reached,Follow-up
2026-08-12T08:09:28.000Z,00QP500000rqSLAMA2,NL,0127Q000000upr9QAA,Status,Not reached,Follow-up
2026-08-12T08:09:24.000Z,00QP500000rqDAlMAM,NL,0127Q000000upr9QAA,Status,Not reached,Follow-up
2026-08-12T08:09:23.000Z,00QP500000qIkPpMAK,NL,0127Q000000upr9QAA,Status,Mailjourney,Not Qualified
2026-08-12T08:09:03.000Z,00QP500000qKx1DMAS,NL,0127Q000000upr9QAA,Status,Follow-up,Not Qualified
2026-08-12T08:08:34.000Z,00QP500000rv46vMAA,NL,0127Q000000upr9QAA,Status,Not reached,Mailjourney
2026-08-12T08:06:59.000Z,00QP500000rzbAbMAI,BE,0127Q000000eERIQA2,Status,Not reached,Follow-up
2026-08-12T08:06:05.000Z,00QP500000ruqVIMAY,NL,0127Q000000upr9QAA,Status,Not reached,Appointment
2026-08-12T08:04:33.000Z,00QP500000rq3PuMAI,BE,0127Q000000eERIQA2,Status,Not reached,Follow-up
2026-08-12T08:04:31.000Z,00QP500000qIkPpMAK,NL,0127Q000000upr9QAA,Status,Follow-up,Mailjourney
2026-08-12T08:04:24.000Z,00QP500000rqEIAMA2,NL,0127Q000000upr9QAA,Status,Not reached,Lost
2026-08-12T08:04:07.000Z,00QP500000rvTJjMAM,NL,0127Q000000upr9QAA,Status,Not reached,Follow-up
2026-08-12T08:02:09.000Z,00QP500000ptkrGMAQ,NL,0127Q000000upr9QAA,Status,Not reached,Lost
2026-08-12T08:00:04.000Z,00QP500000rgQ4SMAU,BE,0127Q000000eERIQA2,Status,Not reached,Follow-up
2026-08-12T07:59:14.000Z,00QP500000ruS4oMAE,NL,0127Q000000upr9QAA,Status,Not reached,Appointment
2026-08-12T07:58:57.000Z,00QP500000rx67iMAA,NL,0127Q000000upr9QAA,Status,New,Not reached
2026-08-12T07:58:05.000Z,00QP500000rxDQvMAM,NL,0127Q000000upr9QAA,Status,New,Appointment
2026-08-12T07:57:40.000Z,00QQD00000AQNeT2AX,NL,0127Q000000upr9QAA,Status,Re-entered,Appointment
2026-08-12T07:57:08.000Z,00QP500000rwbOxMAI,NL,0127Q000000upr9QAA,Status,New,Not reached
2026-08-12T07:55:37.000Z,00QP500000rwPvbMAE,NL,0127Q000000upr9QAA,Status,New,Follow-up
2026-08-12T07:54:45.000Z,00QQD00000D8HfM2AV,NL,0127Q000000upr9QAA,Status,Lost,Not Qualified
2026-08-12T07:51:44.000Z,00QP500000rLnaHMAS,NL,0127Q000000upr9QAA,Status,Mailjourney,Appointment
2026-08-12T07:51:31.000Z,00QP500000rx7erMAA,NL,0127Q000000upr9QAA,Status,New,Not reached
2026-08-12T07:51:22.000Z,00QP500000rfMPRMA2,BE,0127Q000000eERIQA2,Status,Not reached,Mailjourney
2026-08-12T07:50:10.000Z,00QP500000rzmfZMAQ,NL,0127Q000000upr9QAA,Status,New,Brochure
2026-08-12T07:49:58.000Z,00QP500000ryHaXMAU,NL,0127Q000000upr9QAA,Status,New,Appointment
2026-08-12T07:49:53.000Z,00QP500000rmWiDMAU,BE,0127Q000000eERIQA2,Status,Not reached,Follow-up
2026-08-12T07:49:26.000Z,00QP500000ryog9MAA,NL,0127Q000000upr9QAA,Status,New,Not Qualified
2026-08-12T07:48:58.000Z,00QP500000rww58MAA,NL,0127Q000000upr9QAA,Status,New,Not reached
2026-08-12T07:48:48.000Z,00QP500000rvRzVMAU,BE,0127Q000000eERIQA2,Status,Not reached,Appointment
2026-08-12T07:47:40.000Z,00QP500000rsyWyMAI,NL,0127Q000000upr9QAA,Status,Not reached,Lost
2026-08-12T07:45:45.000Z,00QP500000rwyDNMAY,NL,0127Q000000upr9QAA,Status,Not reached,Follow-up
2026-08-12T07:43:04.000Z,00QP500000ry1h5MAA,NL,0127Q000000upr9QAA,Status,New,Not Qualified
2026-08-12T07:42:26.000Z,00QP500000rz9uHMAQ,BE,0127Q000000eERIQA2,Status,New,Not reached
2026-08-12T07:41:15.000Z,00QQD00000AQNeT2AX,NL,0127Q000000upr9QAA,Status,Mailjourney,Re-entered
2026-08-12T07:39:38.000Z,00QP500000rxddCMAQ,NL,0127Q000000upr9QAA,Status,New,Appointment
2026-08-12T07:39:28.000Z,00QP500000rxbGMMAY,BE,0127Q000000eERIQA2,Status,New,Not Qualified
2026-08-12T07:39:13.000Z,00QP500000rxCEqMAM,NL,0127Q000000upr9QAA,Status,New,Appointment
2026-08-12T07:37:37.000Z,00QP500000ryoD7MAI,NL,0127Q000000upr9QAA,Status,New,Appointment
2026-08-12T07:37:29.000Z,00QP500000rxQSzMAM,BE,0127Q000000eERIQA2,Status,New,Not reached
2026-08-12T07:37:13.000Z,00QP500000rzbAbMAI,BE,0127Q000000eERIQA2,Status,New,Not reached
2026-08-12T07:34:54.000Z,00QP500000ryaDQMAY,BE,0127Q000000eERIQA2,Status,New,Not reached
2026-08-12T07:34:41.000Z,00QP500000rx2AXMAY,BE,0127Q000000eERIQA2,Status,New,Not reached
2026-08-12T07:33:10.000Z,00QP500000rwyDNMAY,NL,0127Q000000upr9QAA,Status,New,Not reached
2026-08-12T07:32:57.000Z,00QP500000rwuzOMAQ,BE,0127Q000000eERIQA2,Status,New,Not reached
2026-08-12T07:32:48.000Z,00QP500000ryLFxMAM,BE,0127Q000000eERIQA2,Status,New,Not reached
2026-08-12T07:32:04.000Z,00QP500000rwJwcMAE,NL,0127Q000000upr9QAA,Status,New,Not reached
2026-08-12T07:31:49.000Z,00QP500000rw4OAMAY,NL,0127Q000000upr9QAA,Status,New,Not reached
2026-08-12T07:31:43.000Z,00QP500000rxMFjMAM,BE,0127Q000000eERIQA2,Status,New,Not reached
2026-08-12T07:31:24.000Z,00QP500000ryjGgMAI,NL,0127Q000000upr9QAA,Status,Not reached,Not Qualified
2026-08-12T07:30:29.000Z,00QP500000rwr75MAA,BE,0127Q000000eERIQA2,Status,New,Not reached
2026-08-12T07:30:29.000Z,00QP500000rwhpJMAQ,BE,0127Q000000eERIQA2,Status,New,Follow-up
2026-08-12T07:29:54.000Z,00QQD00000d9RAj2AM,FR,012QD000002ylXZYAY,Status,Mailjourney,Re-entered
2026-08-12T07:28:09.000Z,00QP500000ryjGgMAI,NL,0127Q000000upr9QAA,Status,New,Not reached
2026-08-12T07:27:55.000Z,00QP500000rwhAvMAI,BE,0127Q000000eERIQA2,Status,New,Not reached
2026-08-12T07:26:30.000Z,00QP500000rwVmUMAU,BE,0127Q000000eERIQA2,Status,New,Mailjourney
2026-08-12T07:24:47.000Z,00QP500000rvbUCMAY,BE,0127Q000000eERIQA2,Status,Not reached,Not Qualified
2026-08-12T07:24:46.000Z,00QP500000rwWKMMA2,BE,0127Q000000eERIQA2,Status,New,Lost
2026-08-12T07:20:10.000Z,00QP500000rvs3dMAA,BE,0127Q000000eERIQA2,Status,New,Not reached
2026-08-12T07:15:18.000Z,00QP500000rvbUCMAY,BE,0127Q000000eERIQA2,Status,New,Not reached
2026-08-12T07:13:54.000Z,00QP500000rvujkMAA,BE,0127Q000000eERIQA2,Status,New,Mailjourney
2026-08-12T07:11:50.000Z,00QP500000rwJtRMAU,BE,0127Q000000eERIQA2,Status,New,Follow-up
2026-08-12T06:57:52.000Z,00QP500000rojt5MAA,NL,0127Q000000upr9QAA,Status,Follow-up,Lost
2026-08-12T06:33:56.000Z,00QQD00000AQPtl2AH,NL,0127Q000000upr9QAA,Status,Follow-up,Re-entered
2026-08-12T06:26:54.000Z,00QQD00000ccm8z2AA,BE,0127Q000000eERIQA2,Status,Re-entered,Mailjourney
2026-08-12T06:01:47.000Z,00QP500000rLiItMAK,FR,012QD000002ylXZYAY,Status,New,Converted Old SF
2026-08-12T06:01:47.000Z,00QP500000rLiIvMAK,FR,012QD000002ylXZYAY,Status,New,Not Qualified
2026-08-12T06:01:47.000Z,00QP500000rLiIxMAK,IT,012QD000002ylcPYAQ,Status,New,Lost
2026-08-12T06:01:47.000Z,00QP500000rLiJ1MAK,FR,012QD000002ylXZYAY,Status,New,Mailjourney
2026-08-12T05:58:51.000Z,00QP500000rwr76MAA,BE,0127Q000000eERIQA2,Status,New,Not Qualified
2026-08-12T05:51:33.000Z,00QP500000rnHdvMAE,NL,0127Q000000upr9QAA,Status,Follow-up,Mailjourney
2026-08-12T05:35:01.000Z,00QP500000rxC1qMAE,NL,0127Q000000upr9QAA,Status,New,Not Qualified
2026-08-12T05:34:20.000Z,00QP500000rwbOyMAI,NL,0127Q000000upr9QAA,Status,New,Not Qualified
2026-08-11T16:43:34.000Z,00QP500000rsaxdMAA,NL,0127Q000000upr9QAA,Status,Mailjourney,Re-entered - Phone Number Changed
2026-08-11T16:25:58.000Z,00QQD00000AQHsp2AH,NL,0127Q000000upr9QAA,Status,Not Qualified,Re-entered
2026-08-11T15:05:03.000Z,00QQD00000ccm8z2AA,BE,0127Q000000eERIQA2,Status,Mailjourney,Re-entered
2026-08-11T14:59:00.000Z,00QP500000rvDA9MAM,NL,0127Q000000upr9QAA,Status,New,Brochure
2026-08-11T14:47:33.000Z,00QP500000rwMJOMA2,BE,0127Q000000eERIQA2,Status,New,Follow-up
2026-08-11T14:43:02.000Z,00QP500000rsyOtMAI,NL,0127Q000000upr9QAA,Status,Not reached,Mailjourney
2026-08-11T14:37:12.000Z,00QP500000rsaxdMAA,NL,0127Q000000upr9QAA,Status,Not reached,Mailjourney
2026-08-11T14:36:19.000Z,00QP500000rwMODMA2,BE,0127Q000000eERIQA2,Status,New,Appointment
2026-08-11T14:31:39.000Z,00QP500000rwHUzMAM,BE,0127Q000000eERIQA2,Status,New,Appointment
2026-08-11T14:31:30.000Z,00QP500000ru2NRMAY,NL,0127Q000000upr9QAA,Status,New,Follow-up
2026-08-11T14:28:46.000Z,00QP500000rDYmyMAG,BE,0127Q000000eERIQA2,Status,Follow-up,Appointment
2026-08-11T14:28:34.000Z,00QP500000rg1veMAA,NL,0127Q000000upr9QAA,Status,Brochure,Follow-up
2026-08-11T14:25:27.000Z,00QP500000rHZ9JMAW,NL,0127Q000000upr9QAA,Status,Re-entered - Phone Number Changed,Follow-up
2026-08-11T14:23:49.000Z,00QP500000ruvGQMAY,NL,0127Q000000upr9QAA,Status,New,Appointment
2026-08-11T14:20:07.000Z,00QQD00000AQQi72AH,NL,0127Q000000upr9QAA,Status,Not reached,Not Qualified
2026-08-11T14:14:21.000Z,00QP500000rCvgjMAC,BE,0127Q000000eERIQA2,Status,Follow-up,Lost
2026-08-11T14:11:18.000Z,00QP500000rHZ9JMAW,NL,0127Q000000upr9QAA,Status,Mailjourney,Re-entered - Phone Number Changed
2026-08-11T14:11:14.000Z,00QQD00000G77Rl2AJ,NL,0127Q000000upr9QAA,Status,Re-entered,Appointment
2026-08-11T14:08:36.000Z,00QP500000rv46tMAA,BE,0127Q000000eERIQA2,Status,New,Not reached
2026-08-11T14:07:29.000Z,00QQD00000ZGshu2AD,BE,0127Q000000eERIQA2,Status,Re-entered,Lost
2026-08-11T14:05:52.000Z,00QQD00000AjQev2AF,NL,0127Q000000upr9QAA,Status,Not reached,Mailjourney
2026-08-11T14:03:32.000Z,00QP500000rvcmnMAA,NL,0127Q000000upr9QAA,Status,Not reached,Brochure
2026-08-11T14:00:04.000Z,00QP500000rvRzVMAU,BE,0127Q000000eERIQA2,Status,New,Not reached
2026-08-11T13:59:54.000Z,00QP500000rcTnJMAU,NL,0127Q000000upr9QAA,Status,Re-entered,Not Qualified
2026-08-11T13:57:56.000Z,00QP500000rux3tMAA,NL,0127Q000000upr9QAA,Status,New,Not Qualified
2026-08-11T13:57:41.000Z,00QP500000rvTJkMAM,NL,0127Q000000upr9QAA,Status,Brochure,Follow-up
2026-08-11T13:56:21.000Z,00QP500000rv46uMAA,NL,0127Q000000upr9QAA,Status,New,Not reached
2026-08-11T13:55:19.000Z,00QP500000rvK5AMAU,NL,0127Q000000upr9QAA,Status,New,Follow-up
2026-08-11T13:55:13.000Z,00QP500000rs9noMAA,NL,0127Q000000upr9QAA,Status,Brochure,Follow-up
2026-08-11T13:52:02.000Z,00QP500000rvTJlMAM,NL,0127Q000000upr9QAA,Status,New,Mailjourney
2026-08-11T13:51:40.000Z,00QQD00000bCLHw2AO,BE,0127Q000000eERIQA2,Status,Follow-up,Lost
2026-08-11T13:51:08.000Z,00QP500000rvQVWMA2,NL,0127Q000000upr9QAA,Status,Not reached,Not Qualified
2026-08-11T13:50:29.000Z,00QP500000rvQVWMA2,NL,0127Q000000upr9QAA,Status,New,Not reached
2026-08-11T13:49:54.000Z,00QP500000rvTJkMAM,NL,0127Q000000upr9QAA,Status,New,Brochure
2026-08-11T13:47:58.000Z,00QP500000rvTJjMAM,NL,0127Q000000upr9QAA,Status,New,Not reached
2026-08-11T13:46:32.000Z,00QP500000ruqVHMAY,NL,0127Q000000upr9QAA,Status,New,Appointment
2026-08-11T13:46:06.000Z,00QP500000rvqbGMAQ,NL,0127Q000000upr9QAA,Status,Follow-up,Appointment
2026-08-11T13:45:58.000Z,00QP500000ruqVIMAY,NL,0127Q000000upr9QAA,Status,New,Not reached
2026-08-11T13:45:11.000Z,00QP500000rv46vMAA,NL,0127Q000000upr9QAA,Status,New,Not reached
2026-08-11T13:43:46.000Z,00QP500000ruwCXMAY,NL,0127Q000000upr9QAA,Status,New,Not reached
2026-08-11T13:42:37.000Z,00QP500000ruqVJMAY,NL,0127Q000000upr9QAA,Status,New,Lost
2026-08-11T13:40:38.000Z,00QP500000rvcmnMAA,NL,0127Q000000upr9QAA,Status,New,Not reached
2026-08-11T13:39:08.000Z,00QP500000rvEz2MAE,NL,0127Q000000upr9QAA,Status,New,Not reached
2026-08-11T13:38:26.000Z,00QP500000rvtqrMAA,BE,0127Q000000eERIQA2,Status,New,Not reached
2026-08-11T13:38:07.000Z,00QP500000rvV8cMAE,NL,0127Q000000upr9QAA,Status,Not reached,Mailjourney
2026-08-11T13:38:05.000Z,00QP500000ptkrGMAQ,NL,0127Q000000upr9QAA,Status,Re-entered,Not reached
2026-08-11T13:35:50.000Z,00QP500000ruS4nMAE,NL,0127Q000000upr9QAA,Status,New,Not reached
2026-08-11T13:35:05.000Z,00QQD00000dXr772AC,NL,0127Q000000upr9QAA,Status,Re-entered,Follow-up
2026-08-11T13:34:23.000Z,00QQD00000dLMOr2AO,BE,0127Q000000eERIQA2,Status,Follow-up,Lost
2026-08-11T13:32:55.000Z,00QP500000rowqRMAQ,NL,0127Q000000upr9QAA,Status,Not reached,Follow-up
2026-08-11T13:32:22.000Z,00QP500000ruS4oMAE,NL,0127Q000000upr9QAA,Status,New,Not reached
2026-08-11T13:30:01.000Z,00QP500000rvqbGMAQ,NL,0127Q000000upr9QAA,Status,New,Follow-up
2026-08-11T13:28:35.000Z,00QQD00000bysxt2AA,BE,0127Q000000eERIQA2,Status,Follow-up,Appointment
2026-08-11T13:28:01.000Z,00QQD00000AjQev2AF,NL,0127Q000000upr9QAA,Status,Re-entered,Not reached
2026-08-11T13:27:50.000Z,00QP500000ruwCYMAY,NL,0127Q000000upr9QAA,Status,New,Not reached
2026-08-11T13:26:08.000Z,00QP500000rvEz3MAE,NL,0127Q000000upr9QAA,Status,New,Follow-up
2026-08-11T13:25:13.000Z,00QQD00000JNPpD2AX,NL,0127Q000000upr9QAA,Status,Re-entered,Appointment
2026-08-11T13:25:09.000Z,00QP500000ruG8hMAE,NL,0127Q000000upr9QAA,Status,New,Not reached
2026-08-11T13:23:58.000Z,00QP500000rvgf7MAA,NL,0127Q000000upr9QAA,Status,New,Not Qualified
2026-08-11T13:23:52.000Z,00QQD00000AQ9ef2AD,NL,0127Q000000upr9QAA,Status,Re-entered,Not Qualified
2026-08-11T13:23:04.000Z,00QQD00000UMGHo2AP,NL,0127Q000000upr9QAA,Status,Re-entered,Not reached
2026-08-11T13:23:02.000Z,00QQD00000ZGshu2AD,BE,0127Q000000eERIQA2,Status,Converted Old SF,Re-entered
2026-08-11T13:22:57.000Z,00QP500000r2SBOMA2,BE,0127Q000000eERIQA2,Status,Follow-up,Mailjourney
2026-08-11T13:21:08.000Z,00QP500000qeTlLMAU,BE,0127Q000000eERIQA2,Status,Follow-up,Mailjourney
2026-08-11T13:19:22.000Z,00QP500000rvV8cMAE,NL,0127Q000000upr9QAA,Status,New,Not reached
2026-08-11T13:17:49.000Z,00QP500000ruwCZMAY,NL,0127Q000000upr9QAA,Status,Not reached,Not Qualified
2026-08-11T13:17:37.000Z,00QP500000ruwCZMAY,NL,0127Q000000upr9QAA,Status,New,Not reached
2026-08-11T13:15:18.000Z,00QP500000rtOuRMAU,NL,0127Q000000upr9QAA,Status,Not reached,Appointment
2026-08-11T13:13:54.000Z,00QP500000rvEz1MAE,NL,0127Q000000upr9QAA,Status,New,Follow-up
2026-08-11T13:10:19.000Z,00QP500000rulsBMAQ,NL,0127Q000000upr9QAA,Status,New,Mailjourney
2026-08-11T13:09:49.000Z,00QQD00000d5K1H2AU,BE,0127Q000000eERIQA2,Status,Re-entered,Not reached
2026-08-11T13:08:08.000Z,00QP500000rcTnJMAU,NL,0127Q000000upr9QAA,Status,Not Qualified,Re-entered
2026-08-11T13:05:55.000Z,00QQD00000G77Rl2AJ,NL,0127Q000000upr9QAA,Status,Lost,Re-entered
2026-08-11T13:05:40.000Z,00QP500000qLhqcMAC,BE,0127Q000000eERIQA2,Status,Follow-up,Lost
2026-08-11T13:05:03.000Z,00QP500000rqCPxMAM,NL,0127Q000000upr9QAA,Status,Not reached,Follow-up
2026-08-11T13:02:47.000Z,00QP500000rg1veMAA,NL,0127Q000000upr9QAA,Status,Not reached,Brochure
2026-08-11T13:02:00.000Z,00QQD00000AjQev2AF,NL,0127Q000000upr9QAA,Status,Mailjourney,Re-entered
2026-08-11T13:01:59.000Z,00QQD00000UMGHo2AP,NL,0127Q000000upr9QAA,Status,Mailjourney,Re-entered
2026-08-11T13:01:00.000Z,00QP500000rgtKvMAI,NL,0127Q000000upr9QAA,Status,Not reached,Follow-up
2026-08-11T12:59:36.000Z,00QQD00000JNPpD2AX,NL,0127Q000000upr9QAA,Status,Lost,Re-entered
2026-08-11T12:59:22.000Z,00QP500000reI69MAE,NL,0127Q000000upr9QAA,Status,Not reached,Lost
2026-08-11T12:58:48.000Z,00QQD00000aoyXL2AY,BE,0127Q000000eERIQA2,Status,Follow-up,Mailjourney
2026-08-11T12:58:32.000Z,00QP500000rs9noMAA,NL,0127Q000000upr9QAA,Status,Not reached,Brochure
2026-08-11T12:57:01.000Z,00QP500000ptkrGMAQ,NL,0127Q000000upr9QAA,Status,Not Qualified,Re-entered
2026-08-11T12:57:01.000Z,00QQD00000AQ9ef2AD,NL,0127Q000000upr9QAA,Status,Not Qualified,Re-entered
2026-08-11T12:57:01.000Z,00QQD00000dXr772AC,NL,0127Q000000upr9QAA,Status,Not Qualified,Re-entered
2026-08-11T12:49:06.000Z,00QQD00000d5K1H2AU,BE,0127Q000000eERIQA2,Status,Follow-up,Re-entered
2026-08-11T12:48:56.000Z,00QQD00000YDX9A2AX,NL,0127Q000000upr9QAA,Status,Follow-up,Mailjourney
2026-08-11T12:46:26.000Z,00QP500000rjNAEMA2,NL,0127Q000000upr9QAA,Status,Not reached,Follow-up
2026-08-11T12:46:09.000Z,00QP500000rBTMtMAO,BE,0127Q000000eERIQA2,Status,Follow-up,Mailjourney
2026-08-11T12:44:39.000Z,00QQD00000awSiM2AU,NL,0127Q000000upr9QAA,Status,Not reached,Follow-up
2026-08-11T12:44:38.000Z,00QP500000rHY6nMAG,NL,0127Q000000upr9QAA,Status,Follow-up,Appointment
2026-08-11T12:41:03.000Z,00QQD00000ccN5n2AE,NL,0127Q000000upr9QAA,Status,Follow-up,Mailjourney
2026-08-11T12:34:58.000Z,00QP500000rgJPWMA2,NL,0127Q000000upr9QAA,Status,Not reached,Follow-up
2026-08-11T12:32:47.000Z,00QQD00000GGF6m2AH,NL,0127Q000000upr9QAA,Status,Not reached,Follow-up
2026-08-11T12:30:11.000Z,00QP500000rg0hrMAA,NL,0127Q000000upr9QAA,Status,Not reached,Follow-up
2026-08-11T12:28:42.000Z,00QQD00000cNCnN2AW,NL,0127Q000000upr9QAA,Status,Not reached,Follow-up
2026-08-11T12:27:35.000Z,00QP500000rqbPxMAI,BE,0127Q000000eERIQA2,Status,Not reached,Follow-up
2026-08-11T12:27:05.000Z,00QQD00000Xke972AB,NL,0127Q000000upr9QAA,Status,Not reached,Appointment
2026-08-11T12:26:52.000Z,00QP500000rnHdvMAE,NL,0127Q000000upr9QAA,Status,Not reached,Follow-up
2026-08-11T12:24:42.000Z,00QP500000rsbwvMAA,NL,0127Q000000upr9QAA,Status,Not reached,Appointment
2026-08-11T12:21:20.000Z,00QP500000rorFVMAY,NL,0127Q000000upr9QAA,Status,Not reached,Mailjourney
2026-08-11T12:21:18.000Z,00QP500000rspa8MAA,NL,0127Q000000upr9QAA,Status,Not reached,Appointment
2026-08-11T12:21:09.000Z,00QP500000ro7JAMAY,BE,0127Q000000eERIQA2,Status,Not reached,Follow-up
2026-08-11T12:19:45.000Z,00QQD00000AQPH82AP,NL,0127Q000000upr9QAA,Status,Not reached,Mailjourney
2026-08-11T12:18:23.000Z,00QQD00000APzVk2AL,NL,0127Q000000upr9QAA,Status,Follow-up,Mailjourney
2026-08-11T12:12:34.000Z,00QQD00000AQd7f2AD,NL,0127Q000000upr9QAA,Status,New,Appointment
2026-08-11T12:09:56.000Z,00QQD00000bZLlu2AG,NL,0127Q000000upr9QAA,Status,Not reached,Appointment
2026-08-11T12:08:10.000Z,00QQD00000AQd7f2AD,NL,0127Q000000upr9QAA,Status,Converted Old SF,New
2026-08-11T12:05:25.000Z,00QP500000rvD3dMAE,NL,0127Q000000upr9QAA,Status,New,Not Qualified
2026-08-11T12:04:15.000Z,00QQD00000Qal4f2AB,NL,0127Q000000upr9QAA,Status,Not reached,Appointment
2026-08-11T12:03:59.000Z,00QQD00000d1yJp2AI,NL,0127Q000000upr9QAA,Status,Mailjourney,Appointment
2026-08-11T11:57:28.000Z,00QP500000ruMiXMAU,NL,0127Q000000upr9QAA,Status,New,Lost
2026-08-11T11:52:36.000Z,00QP500000rfEtKMAU,BE,0127Q000000eERIQA2,Status,Not reached,Not Qualified
2026-08-11T11:42:20.000Z,00QP500000ruGWcMAM,BE,0127Q000000eERIQA2,Status,New,Appointment
2026-08-11T11:38:35.000Z,00QP500000rjoBtMAI,BE,0127Q000000eERIQA2,Status,Follow-up,Not reached
2026-08-11T11:29:30.000Z,00QP500000rdUe3MAE,BE,0127Q000000eERIQA2,Status,Follow-up,Not reached
2026-08-11T11:24:39.000Z,00QP500000rtlNyMAI,BE,0127Q000000eERIQA2,Status,New,Not reached
2026-08-11T11:22:33.000Z,00QP500000rseGUMAY,NL,0127Q000000upr9QAA,Status,Brochure,Follow-up
2026-08-11T11:22:33.000Z,00QP500000rpFjLMAU,NL,0127Q000000upr9QAA,Status,Brochure,Follow-up
2026-08-11T11:17:24.000Z,00QP500000rtOmLMAU,NL,0127Q000000upr9QAA,Status,Brochure,Follow-up
2026-08-11T11:17:24.000Z,00QP500000rstyfMAA,NL,0127Q000000upr9QAA,Status,Brochure,Follow-up
2026-08-11T11:17:24.000Z,00QP500000rtFfqMAE,NL,0127Q000000upr9QAA,Status,Brochure,Follow-up
2026-08-11T11:17:24.000Z,00QP500000rp8jQMAQ,NL,0127Q000000upr9QAA,Status,Brochure,Follow-up
2026-08-11T11:17:24.000Z,00QP500000rtHRVMA2,NL,0127Q000000upr9QAA,Status,Brochure,Follow-up
2026-08-11T11:17:24.000Z,00QP500000rscwFMAQ,NL,0127Q000000upr9QAA,Status,Brochure,Follow-up
2026-08-11T11:17:24.000Z,00QP500000rpGDuMAM,NL,0127Q000000upr9QAA,Status,Brochure,Follow-up
2026-08-11T11:12:22.000Z,00QP500000rbEGoMAM,BE,0127Q000000eERIQA2,Status,Follow-up,Appointment
2026-08-11T11:06:27.000Z,00QP500000rujjtMAA,BE,0127Q000000eERIQA2,Status,New,Appointment
2026-08-11T11:03:26.000Z,00QP500000qsoQ6MAI,BE,0127Q000000eERIQA2,Status,Follow-up,Mailjourney
2026-08-11T11:03:04.000Z,00QP500000rgDGsMAM,BE,0127Q000000eERIQA2,Status,Follow-up,Not Qualified
2026-08-11T10:40:41.000Z,00QQD00000FgquP2AR,NL,0127Q000000upr9QAA,Status,Follow-up,Mailjourney
2026-08-11T10:38:07.000Z,00QP500000rIu3eMAC,NL,0127Q000000upr9QAA,Status,Follow-up,Mailjourney
2026-08-11T10:36:33.000Z,00QP500000rE4DJMA0,NL,0127Q000000upr9QAA,Status,Follow-up,Mailjourney
2026-08-11T10:34:03.000Z,00QP500000ru9RxMAI,BE,0127Q000000eERIQA2,Status,New,Appointment
2026-08-11T10:33:50.000Z,00QP500000r7PsoMAE,NL,0127Q000000upr9QAA,Status,Follow-up,Mailjourney
2026-08-11T10:33:06.000Z,00QP500000ruVPBMA2,NL,0127Q000000upr9QAA,Status,New,Follow-up
2026-08-11T10:30:02.000Z,00QQD00000dfjxC2AQ,NL,0127Q000000upr9QAA,Status,Follow-up,Mailjourney
2026-08-11T10:28:39.000Z,00QP500000qqzhNMAQ,NL,0127Q000000upr9QAA,Status,Follow-up,Lost
2026-08-11T10:26:48.000Z,00QP500000rAKerMAG,NL,0127Q000000upr9QAA,Status,Follow-up,Mailjourney
2026-08-11T10:24:55.000Z,00QP500000r7NXhMAM,NL,0127Q000000upr9QAA,Status,Follow-up,Mailjourney
2026-08-11T10:24:52.000Z,00QP500000qVjr1MAC,NL,0127Q000000upr9QAA,Status,Follow-up,Mailjourney
2026-08-11T10:24:43.000Z,00QQD00000dqXJB2A2,NL,0127Q000000upr9QAA,Status,Re-entered,Appointment
2026-08-11T10:23:34.000Z,00QP500000rsyvHMAQ,NL,0127Q000000upr9QAA,Status,New,Not Qualified
2026-08-11T10:22:20.000Z,00QP500000r48v1MAA,NL,0127Q000000upr9QAA,Status,Follow-up,Mailjourney
2026-08-11T10:18:20.000Z,00QP500000pmCj3MAE,NL,0127Q000000upr9QAA,Status,Follow-up,Mailjourney
2026-08-11T10:18:18.000Z,00QQD00000AQOGC2A5,NL,0127Q000000upr9QAA,Status,Follow-up,Mailjourney
2026-08-11T10:13:25.000Z,00QP500000rkLcQMAU,NL,0127Q000000upr9QAA,Status,Not Qualified,Mailjourney
2026-08-11T10:13:00.000Z,00QP500000r8WfMMAU,NL,0127Q000000upr9QAA,Status,Follow-up,Mailjourney
2026-08-11T10:12:53.000Z,00QP500000rtil4MAA,NL,0127Q000000upr9QAA,Status,New,Follow-up
2026-08-11T10:12:29.000Z,00QP500000rmBPFMA2,NL,0127Q000000upr9QAA,Status,Not reached,Not Qualified
2026-08-11T10:11:07.000Z,00QP500000rk3FhMAI,NL,0127Q000000upr9QAA,Status,Not reached,Not Qualified
2026-08-11T10:11:04.000Z,00QP500000r5SmkMAE,NL,0127Q000000upr9QAA,Status,Follow-up,Mailjourney
2026-08-11T10:09:17.000Z,00QP500000rjbD2MAI,NL,0127Q000000upr9QAA,Status,Not reached,Mailjourney
2026-08-11T10:08:45.000Z,00QP500000rWEPWMA4,NL,0127Q000000upr9QAA,Status,Follow-up,Appointment
2026-08-11T10:08:26.000Z,00QP500000rgxZcMAI,NL,0127Q000000upr9QAA,Status,Not reached,Follow-up
2026-08-11T10:08:05.000Z,00QP500000r1TBBMA2,NL,0127Q000000upr9QAA,Status,Follow-up,Mailjourney
2026-08-11T10:07:57.000Z,00QP500000ruCHhMAM,NL,0127Q000000upr9QAA,Status,New,Appointment
2026-08-11T10:06:09.000Z,00QP500000rsyOtMAI,NL,0127Q000000upr9QAA,Status,New,Not reached
2026-08-11T10:04:54.000Z,00QP500000rtaIrMAI,NL,0127Q000000upr9QAA,Status,New,Not Qualified
2026-08-11T10:04:45.000Z,00QP500000raENiMAM,BE,0127Q000000eERIQA2,Status,Follow-up,Lost
2026-08-11T10:03:09.000Z,00QP500000rtBQwMAM,NL,0127Q000000upr9QAA,Status,New,Appointment
2026-08-11T10:02:10.000Z,00QP500000rOa3sMAC,NL,0127Q000000upr9QAA,Status,Follow-up,Mailjourney
2026-08-11T10:01:09.000Z,00QP500000r6aNHMAY,NL,0127Q000000upr9QAA,Status,Follow-up,Mailjourney
2026-08-11T10:00:36.000Z,00QP500000qLmVBMA0,NL,0127Q000000upr9QAA,Status,Lost,Mailjourney
2026-08-11T10:00:12.000Z,00QP500000qXS6EMAW,NL,0127Q000000upr9QAA,Status,Follow-up,Mailjourney
2026-08-11T10:00:05.000Z,00QP500000qLmVBMA0,NL,0127Q000000upr9QAA,Status,Follow-up,Lost
2026-08-11T09:56:34.000Z,00QP500000rtPs6MAE,NL,0127Q000000upr9QAA,Status,New,Follow-up
2026-08-11T09:51:50.000Z,00QP500000rGEGdMAO,NL,0127Q000000upr9QAA,Status,Follow-up,Appointment
2026-08-11T09:48:00.000Z,00QP500000rspa8MAA,NL,0127Q000000upr9QAA,Status,New,Not reached
2026-08-11T09:47:38.000Z,00QP500000rtbZuMAI,BE,0127Q000000eERIQA2,Status,New,Mailjourney
2026-08-11T09:47:15.000Z,00QP500000ru3xZMAQ,BE,0127Q000000eERIQA2,Status,New,Appointment
2026-08-11T09:47:04.000Z,00QQD00000dqXJB2A2,NL,0127Q000000upr9QAA,Status,Mailjourney,Re-entered
2026-08-11T09:42:05.000Z,00QP500000rpOszMAE,BE,0127Q000000eERIQA2,Status,Follow-up,Appointment
2026-08-11T09:41:25.000Z,00QP500000r0WPbMAM,NL,0127Q000000upr9QAA,Status,Follow-up,Mailjourney
2026-08-11T09:40:01.000Z,00QP500000r0UpIMAU,NL,0127Q000000upr9QAA,Status,Follow-up,Mailjourney
2026-08-11T09:39:08.000Z,00QP500000rtOuRMAU,NL,0127Q000000upr9QAA,Status,New,Not reached
2026-08-11T09:38:51.000Z,00QP500000qtfqzMAA,NL,0127Q000000upr9QAA,Status,Follow-up,Mailjourney
2026-08-11T09:32:34.000Z,00QP500000rcLuZMAU,NL,0127Q000000upr9QAA,Status,Follow-up,Lost
2026-08-11T09:30:19.000Z,00QP500000r8IAvMAM,NL,0127Q000000upr9QAA,Status,Follow-up,Mailjourney
2026-08-11T09:29:10.000Z,00QP500000r6zjrMAA,NL,0127Q000000upr9QAA,Status,Follow-up,Mailjourney
2026-08-11T09:28:21.000Z,00QQD00000bSx1V2AS,BE,0127Q000000eERIQA2,Status,Not reached,Mailjourney
2026-08-11T09:27:59.000Z,00QP500000rtdjlMAA,NL,0127Q000000upr9QAA,Status,Not reached,Not Qualified
2026-08-11T09:27:59.000Z,00QP500000r3hY9MAI,NL,0127Q000000upr9QAA,Status,Follow-up,Mailjourney
2026-08-11T09:27:28.000Z,00QP500000rtdjlMAA,NL,0127Q000000upr9QAA,Status,New,Not reached
2026-08-11T09:26:29.000Z,00QP500000qzXHHMA2,NL,0127Q000000upr9QAA,Status,Follow-up,Mailjourney
2026-08-11T09:26:00.000Z,00QP500000rg4aJMAQ,NL,0127Q000000upr9QAA,Status,Not reached,Follow-up
2026-08-11T09:25:50.000Z,00QP500000rsyWyMAI,NL,0127Q000000upr9QAA,Status,New,Not reached
2026-08-11T09:25:46.000Z,00QP500000rspaBMAQ,NL,0127Q000000upr9QAA,Status,New,Appointment
2026-08-11T09:23:27.000Z,00QQD00000AQA9e2AH,NL,0127Q000000upr9QAA,Status,Not reached,Mailjourney
2026-08-11T09:23:24.000Z,00QP500000rtFfqMAE,NL,0127Q000000upr9QAA,Status,New,Brochure
2026-08-11T09:22:34.000Z,00QP500000qyNJyMAM,NL,0127Q000000upr9QAA,Status,Follow-up,Mailjourney
2026-08-11T09:21:05.000Z,00QP500000qw2bUMAQ,NL,0127Q000000upr9QAA,Status,Follow-up,Mailjourney
2026-08-11T09:18:14.000Z,00QP500000rtSmjMAE,BE,0127Q000000eERIQA2,Status,New,Follow-up
2026-08-11T09:18:00.000Z,00QP500000qvOCYMA2,NL,0127Q000000upr9QAA,Status,Follow-up,Appointment
2026-08-11T09:12:57.000Z,00QP500000rsXrhMAE,NL,0127Q000000upr9QAA,Status,Not reached,Follow-up
2026-08-11T09:12:11.000Z,00QP500000rotKcMAI,BE,0127Q000000eERIQA2,Status,Follow-up,Appointment
2026-08-11T09:12:03.000Z,00QQD00000dsnTV2AY,NL,0127Q000000upr9QAA,Status,Follow-up,Lost
2026-08-11T09:10:12.000Z,00QP500000rgXFaMAM,NL,0127Q000000upr9QAA,Status,Not reached,Not Qualified
2026-08-11T09:08:15.000Z,00QP500000rmZ50MAE,NL,0127Q000000upr9QAA,Status,Not reached,Mailjourney
2026-08-11T09:07:26.000Z,00QQD00000Rk4U52AJ,NL,0127Q000000upr9QAA,Status,Follow-up,Lost
2026-08-11T09:04:48.000Z,00QP500000puhJTMAY,NL,0127Q000000upr9QAA,Status,Follow-up,Mailjourney
2026-08-11T09:02:49.000Z,00QP500000r98cbMAA,NL,0127Q000000upr9QAA,Status,Follow-up,Lost
2026-08-11T09:02:08.000Z,00QP500000rcIAOMA2,BE,0127Q000000eERIQA2,Status,Follow-up,Appointment
2026-08-11T08:59:24.000Z,00QP500000rsqO5MAI,NL,0127Q000000upr9QAA,Status,New,Follow-up
2026-08-11T08:58:54.000Z,00QP500000rigRfMAI,BE,0127Q000000eERIQA2,Status,Not reached,Appointment
2026-08-11T08:58:37.000Z,00QP500000rjoBtMAI,BE,0127Q000000eERIQA2,Status,Not reached,Follow-up
2026-08-11T08:57:44.000Z,00QP500000ro8YXMAY,BE,0127Q000000eERIQA2,Status,Not reached,Appointment
2026-08-11T08:55:44.000Z,00QP500000rtBQvMAM,NL,0127Q000000upr9QAA,Status,New,Follow-up
2026-08-11T08:54:36.000Z,00QP500000rWfCsMAK,NL,0127Q000000upr9QAA,Status,Re-entered - Phone Number Changed,Appointment
2026-08-11T08:51:11.000Z,00QP500000rjsKNMAY,BE,0127Q000000eERIQA2,Status,Not reached,Follow-up
2026-08-11T08:49:07.000Z,00QQD00000APzWp2AL,NL,0127Q000000upr9QAA,Status,Re-entered,Appointment
2026-08-11T08:48:04.000Z,00QP500000rtJt8MAE,NL,0127Q000000upr9QAA,Status,New,Lost
2026-08-11T08:46:22.000Z,00QP500000rsKjCMAU,NL,0127Q000000upr9QAA,Status,New,Follow-up
2026-08-11T08:45:05.000Z,00QP500000rt1jJMAQ,NL,0127Q000000upr9QAA,Status,New,Follow-up
2026-08-11T08:41:06.000Z,00QP500000rWfCsMAK,NL,0127Q000000upr9QAA,Status,Mailjourney,Re-entered - Phone Number Changed
2026-08-11T08:40:01.000Z,00QP500000rqCPxMAM,NL,0127Q000000upr9QAA,Status,New,Not reached
2026-08-11T08:38:09.000Z,00QP500000rtHRVMA2,NL,0127Q000000upr9QAA,Status,New,Brochure
2026-08-11T08:38:08.000Z,00QP500000rseGUMAY,NL,0127Q000000upr9QAA,Status,New,Brochure
2026-08-11T08:37:52.000Z,00QP500000rpiIFMAY,NL,0127Q000000upr9QAA,Status,New,Follow-up
2026-08-11T08:37:35.000Z,00QP500000rtOmLMAU,NL,0127Q000000upr9QAA,Status,New,Brochure
2026-08-11T08:36:50.000Z,00QP500000rsVEuMAM,BE,0127Q000000eERIQA2,Status,New,Appointment
2026-08-11T08:33:00.000Z,00QP500000rkN9ZMAU,BE,0127Q000000eERIQA2,Status,Not reached,Not Qualified
2026-08-11T08:32:57.000Z,00QP500000roWKnMAM,NL,0127Q000000upr9QAA,Status,New,Not reached
2026-08-11T08:30:28.000Z,00QP500000rmJMpMAM,BE,0127Q000000eERIQA2,Status,Not reached,Mailjourney
2026-08-11T08:30:20.000Z,00QP500000rselFMAQ,NL,0127Q000000upr9QAA,Status,New,Appointment
2026-08-11T08:30:20.000Z,00QP500000riqkMMAQ,BE,0127Q000000eERIQA2,Status,Not reached,Mailjourney
2026-08-11T08:29:39.000Z,00QP500000rs9noMAA,NL,0127Q000000upr9QAA,Status,New,Not reached
2026-08-11T08:28:21.000Z,00QP500000rstyfMAA,NL,0127Q000000upr9QAA,Status,New,Brochure
2026-08-11T08:27:13.000Z,00QP500000rgAu9MAE,BE,0127Q000000eERIQA2,Status,Not reached,Mailjourney
2026-08-11T08:26:10.000Z,00QP500000rotKcMAI,BE,0127Q000000eERIQA2,Status,Not reached,Follow-up
2026-08-11T08:25:12.000Z,00QP500000rscwFMAQ,NL,0127Q000000upr9QAA,Status,New,Brochure
2026-08-11T08:22:44.000Z,00QP500000rjbD4MAI,BE,0127Q000000eERIQA2,Status,Not reached,Follow-up
2026-08-11T08:19:57.000Z,00QP500000qoOvfMAE,NL,0127Q000000upr9QAA,Status,Re-entered,Mailjourney
2026-08-11T08:18:04.000Z,00QQD00000AQPH82AP,NL,0127Q000000upr9QAA,Status,Re-entered,Not reached
2026-08-11T08:16:46.000Z,00QP500000rqSLAMA2,NL,0127Q000000upr9QAA,Status,New,Not reached
2026-08-11T08:15:53.000Z,00QP500000rsXrhMAE,NL,0127Q000000upr9QAA,Status,New,Not reached
2026-08-11T08:15:18.000Z,00QP500000rcbWHMAY,BE,0127Q000000eERIQA2,Status,Not reached,Mailjourney
2026-08-11T08:14:11.000Z,00QP500000rqDAlMAM,NL,0127Q000000upr9QAA,Status,New,Not reached
2026-08-11T08:13:16.000Z,00QP500000rr0WSMAY,NL,0127Q000000upr9QAA,Status,New,Not Qualified
2026-08-11T08:12:51.000Z,00QP500000rYippMAC,BE,0127Q000000eERIQA2,Status,Not reached,Mailjourney
2026-08-11T08:12:47.000Z,00QP500000rh3iXMAQ,BE,0127Q000000eERIQA2,Status,Not reached,Follow-up
2026-08-11T08:12:36.000Z,00QP500000rqRNNMA2,BE,0127Q000000eERIQA2,Status,New,Not reached
2026-08-11T08:10:59.000Z,00QP500000rgyneMAA,BE,0127Q000000eERIQA2,Status,Not reached,Follow-up
2026-08-11T08:10:56.000Z,00QP500000rsJDeMAM,BE,0127Q000000eERIQA2,Status,New,Follow-up
2026-08-11T08:10:19.000Z,00QP500000rsbwvMAA,NL,0127Q000000upr9QAA,Status,New,Not reached
2026-08-11T08:09:30.000Z,00QQD00000AQC9k2AH,NL,0127Q000000upr9QAA,Status,Not reached,Mailjourney
2026-08-11T08:08:37.000Z,00QP500000rqXqzMAE,BE,0127Q000000eERIQA2,Status,New,Not Qualified
2026-08-11T08:08:00.000Z,00QP500000rqSswMAE,BE,0127Q000000eERIQA2,Status,New,Not reached
2026-08-11T08:07:11.000Z,00QP500000rschhMAA,NL,0127Q000000upr9QAA,Status,New,Mailjourney
2026-08-11T08:06:55.000Z,00QP500000rjD4KMAU,NL,0127Q000000upr9QAA,Status,Not reached,Mailjourney
2026-08-11T08:06:52.000Z,00QP500000rqOMHMA2,NL,0127Q000000upr9QAA,Status,New,Appointment
2026-08-11T08:06:31.000Z,00QP500000rqRLoMAM,BE,0127Q000000eERIQA2,Status,New,Not reached
2026-08-11T08:05:50.000Z,00QP500000rtBQxMAM,BE,0127Q000000eERIQA2,Status,New,Follow-up
2026-08-11T08:05:50.000Z,00QP500000rp86gMAA,NL,0127Q000000upr9QAA,Status,Re-entered - Phone Number Changed,Mailjourney
2026-08-11T08:03:16.000Z,00QP500000rqEbRMAU,BE,0127Q000000eERIQA2,Status,New,Follow-up
2026-08-11T08:02:28.000Z,00QP500000rqVHJMA2,NL,0127Q000000upr9QAA,Status,New,Not Qualified
2026-08-11T08:02:28.000Z,00QP500000rp86gMAA,NL,0127Q000000upr9QAA,Status,Not reached,Re-entered - Phone Number Changed
2026-08-11T07:59:52.000Z,00QP500000rs07mMAA,BE,0127Q000000eERIQA2,Status,New,Follow-up
2026-08-11T07:58:15.000Z,00QP500000rpbwjMAA,NL,0127Q000000upr9QAA,Status,New,Not Qualified
2026-08-11T07:56:31.000Z,00QQD00000Xke972AB,NL,0127Q000000upr9QAA,Status,Re-entered,Not reached
2026-08-11T07:54:18.000Z,00QP500000rsQ73MAE,NL,0127Q000000upr9QAA,Status,New,Not reached
2026-08-11T07:54:15.000Z,00QP500000rrtClMAI,BE,0127Q000000eERIQA2,Status,New,Follow-up
2026-08-11T07:53:21.000Z,00QP500000rr8SNMAY,BE,0127Q000000eERIQA2,Status,New,Not reached
2026-08-11T07:52:31.000Z,00QP500000rpXprMAE,NL,0127Q000000upr9QAA,Status,New,Appointment
2026-08-11T07:52:16.000Z,00QP500000rqK4CMAU,BE,0127Q000000eERIQA2,Status,New,Appointment
2026-08-11T07:50:05.000Z,00QQD00000bZLlu2AG,NL,0127Q000000upr9QAA,Status,Re-entered,Not reached
2026-08-11T07:48:42.000Z,00QP500000rpL3tMAE,NL,0127Q000000upr9QAA,Status,Re-entered - Phone Number Changed,Appointment
2026-08-11T07:48:21.000Z,00QP500000rt2ykMAA,BE,0127Q000000eERIQA2,Status,New,Appointment
2026-08-11T07:47:07.000Z,00QP500000rrWfzMAE,NL,0127Q000000upr9QAA,Status,New,Appointment
2026-08-11T07:46:49.000Z,00QP500000qoOvfMAE,NL,0127Q000000upr9QAA,Status,Follow-up,Re-entered
2026-08-11T07:46:03.000Z,00QP500000rsxpOMAQ,BE,0127Q000000eERIQA2,Status,New,Appointment
2026-08-11T07:41:32.000Z,00QP500000rpTO5MAM,NL,0127Q000000upr9QAA,Status,New,Appointment
2026-08-11T07:38:57.000Z,00QQD00000AQPH82AP,NL,0127Q000000upr9QAA,Status,Follow-up,Re-entered
2026-08-11T07:38:55.000Z,00QP500000rqyXrMAI,NL,0127Q000000upr9QAA,Status,Not reached,Follow-up
2026-08-11T07:35:10.000Z,00QP500000rsaxdMAA,NL,0127Q000000upr9QAA,Status,New,Not reached
2026-08-11T07:32:37.000Z,00QP500000rqyXsMAI,BE,0127Q000000eERIQA2,Status,New,Mailjourney
2026-08-11T07:32:14.000Z,00QP500000rqyXrMAI,NL,0127Q000000upr9QAA,Status,New,Not reached
2026-08-11T07:31:13.000Z,00QP500000rpYQwMAM,NL,0127Q000000upr9QAA,Status,New,Appointment
2026-08-11T07:30:19.000Z,00QP500000rqEIAMA2,NL,0127Q000000upr9QAA,Status,New,Not reached
2026-08-11T07:28:27.000Z,00QP500000rq3PuMAI,BE,0127Q000000eERIQA2,Status,New,Not reached
2026-08-11T07:27:45.000Z,00QP500000rqbPxMAI,BE,0127Q000000eERIQA2,Status,New,Not reached
2026-08-11T07:26:43.000Z,00QP500000rphdwMAA,BE,0127Q000000eERIQA2,Status,New,Not reached
2026-08-11T07:26:07.000Z,00QP500000rsp0bMAA,BE,0127Q000000eERIQA2,Status,New,Not Qualified
2026-08-11T07:25:50.000Z,00QP500000rpL3tMAE,NL,0127Q000000upr9QAA,Status,Mailjourney,Re-entered - Phone Number Changed
2026-08-11T07:24:17.000Z,00QP500000rqDx7MAE,NL,0127Q000000upr9QAA,Status,New,Lost
2026-08-11T07:22:40.000Z,00QP500000qdkoDMAQ,NL,0127Q000000upr9QAA,Status,Follow-up,Lost
2026-08-11T07:22:26.000Z,00QP500000rpgbRMAQ,BE,0127Q000000eERIQA2,Status,New,Appointment
2026-08-11T07:21:52.000Z,00QP500000rmuSoMAI,BE,0127Q000000eERIQA2,Status,Follow-up,Appointment
2026-08-11T07:14:58.000Z,00QP500000rqOSnMAM,BE,0127Q000000eERIQA2,Status,New,Appointment
2026-08-11T07:14:04.000Z,00QP500000rssZZMAY,BE,0127Q000000eERIQA2,Status,New,Appointment
2026-08-11T07:13:46.000Z,00QP500000rpLAOMA2,BE,0127Q000000eERIQA2,Status,New,Follow-up
2026-08-11T07:09:49.000Z,00QP500000rp8I0MAI,BE,0127Q000000eERIQA2,Status,New,Follow-up
2026-08-11T07:05:20.000Z,00QP500000rQjkXMAS,BE,0127Q000000eERIQA2,Status,Re-entered,Follow-up
2026-08-11T06:46:17.000Z,00QP500000rsijtMAA,NL,0127Q000000upr9QAA,Status,New,Appointment
2026-08-11T06:34:13.000Z,00QP500000rsQ74MAE,NL,0127Q000000upr9QAA,Status,New,Not Qualified
2026-08-11T06:34:01.000Z,00QP500000qPf8WMAS,NL,0127Q000000upr9QAA,Status,Follow-up,Mailjourney
2026-08-11T06:31:09.000Z,00QP500000rkRoKMAU,NL,0127Q000000upr9QAA,Status,Follow-up,Appointment
2026-08-11T06:01:49.000Z,00QP500000rLiJ0MAK,FR,012QD000002ylXZYAY,Status,Re-entered,Follow-up
2026-08-11T06:01:49.000Z,00QQD00000dMPOz2AO,FR,012QD000002ylXZYAY,Status,Not Qualified,Re-entered
2026-08-11T05:35:50.000Z,00QP500000rqeAvMAI,NL,0127Q000000upr9QAA,Status,New,Not Qualified
2026-08-11T05:10:00.000Z,00QQD00000APzWp2AL,NL,0127Q000000upr9QAA,Status,Mailjourney,Re-entered
2026-08-11T05:09:00.000Z,00QP500000rQjkXMAS,BE,0127Q000000eERIQA2,Status,Follow-up,Re-entered
2026-08-10T21:15:11.000Z,00QQD00000Xke972AB,NL,0127Q000000upr9QAA,Status,Mailjourney,Re-entered
2026-08-10T17:31:52.000Z,00QQD00000bZLlu2AG,NL,0127Q000000upr9QAA,Status,Lost,Re-entered
2026-08-10T15:21:55.000Z,00QP500000rprq9MAA,BE,0127Q000000eERIQA2,Status,New,Appointment
2026-08-10T14:56:56.000Z,00QP500000rpFjLMAU,NL,0127Q000000upr9QAA,Status,New,Brochure
2026-08-10T14:55:06.000Z,00QP500000romm7MAA,BE,0127Q000000eERIQA2,Status,Re-entered - Phone Number Changed,Appointment
2026-08-10T14:53:20.000Z,00QP500000rp8jQMAQ,NL,0127Q000000upr9QAA,Status,New,Brochure
2026-08-10T14:53:10.000Z,00QP500000rotKcMAI,BE,0127Q000000eERIQA2,Status,New,Not reached
2026-08-10T14:48:39.000Z,00QP500000rpGDuMAM,NL,0127Q000000upr9QAA,Status,New,Brochure
2026-08-10T14:48:21.000Z,00QP500000rpFjKMAU,NL,0127Q000000upr9QAA,Status,New,Appointment
2026-08-10T14:45:02.000Z,00QP500000rdUe3MAE,BE,0127Q000000eERIQA2,Status,Mailjourney,Follow-up
2026-08-10T14:43:32.000Z,00QP500000rp8UtMAI,BE,0127Q000000eERIQA2,Status,Not reached,Appointment
2026-08-10T14:41:34.000Z,00QP500000rgFx8MAE,NL,0127Q000000upr9QAA,Status,Not reached,Mailjourney
2026-08-10T14:39:35.000Z,00QP500000romm7MAA,BE,0127Q000000eERIQA2,Status,Not reached,Re-entered - Phone Number Changed
2026-08-10T14:35:49.000Z,00QP500000rpV1dMAE,NL,0127Q000000upr9QAA,Status,New,Mailjourney
2026-08-10T14:35:43.000Z,00QP500000rpOszMAE,BE,0127Q000000eERIQA2,Status,New,Follow-up
2026-08-10T14:32:03.000Z,00QQD00000ZH2KS2A1,BE,0127Q000000eERIQA2,Status,Follow-up,Mailjourney
2026-08-10T14:29:59.000Z,00QP500000rp8UtMAI,BE,0127Q000000eERIQA2,Status,New,Not reached
2026-08-10T14:29:05.000Z,00QP500000rI83pMAC,NL,0127Q000000upr9QAA,Status,Follow-up,Appointment
2026-08-10T14:28:32.000Z,00QP500000rmNdOMAU,BE,0127Q000000eERIQA2,Status,Mailjourney,Appointment
2026-08-10T14:28:13.000Z,00QQD00000APzzK2AT,NL,0127Q000000upr9QAA,Status,Follow-up,Mailjourney
2026-08-10T14:26:45.000Z,00QP500000rLBGTMA4,NL,0127Q000000upr9QAA,Status,Follow-up,Mailjourney
2026-08-10T14:25:49.000Z,00QP500000rG1wCMAS,NL,0127Q000000upr9QAA,Status,Follow-up,Mailjourney
2026-08-10T14:23:19.000Z,00QP500000re2FtMAI,NL,0127Q000000upr9QAA,Status,Not reached,Appointment
2026-08-10T14:21:30.000Z,00QP500000rnx0PMAQ,NL,0127Q000000upr9QAA,Status,Not reached,Lost
2026-08-10T14:20:54.000Z,00QQD00000dwJ5S2AU,NL,0127Q000000upr9QAA,Status,Mailjourney,Follow-up
2026-08-10T14:17:57.000Z,00QQD00000dwJ5S2AU,NL,0127Q000000upr9QAA,Status,Follow-up,Mailjourney
2026-08-10T14:17:00.000Z,00QQD00000djkg92AA,NL,0127Q000000upr9QAA,Status,Follow-up,Lost
2026-08-10T14:16:40.000Z,00QQD00000dgkzF2AQ,NL,0127Q000000upr9QAA,Status,Follow-up,Mailjourney
2026-08-10T14:14:44.000Z,00QP500000ro52rMAA,NL,0127Q000000upr9QAA,Status,New,Appointment
2026-08-10T14:14:33.000Z,00QQD00000deCjx2AE,NL,0127Q000000upr9QAA,Status,Follow-up,Lost
2026-08-10T14:11:20.000Z,00QP500000rpL3tMAE,NL,0127Q000000upr9QAA,Status,New,Mailjourney
2026-08-10T14:07:01.000Z,00QQD00000ceYRh2AM,NL,0127Q000000upr9QAA,Status,Follow-up,Mailjourney
2026-08-10T14:06:30.000Z,00QP500000qRFGOMA4,NL,0127Q000000upr9QAA,Status,Follow-up,Lost
2026-08-10T14:01:55.000Z,00QQD00000JgnW12AJ,NL,0127Q000000upr9QAA,Status,Re-entered,Appointment
2026-08-10T13:58:49.000Z,00QP500000roRRZMA2,NL,0127Q000000upr9QAA,Status,New,Follow-up
2026-08-10T13:54:44.000Z,00QQD00000ZGhCM2A1,NL,0127Q000000upr9QAA,Status,New,Mailjourney
2026-08-10T13:52:30.000Z,00QP500000rnPtBMAU,NL,0127Q000000upr9QAA,Status,New,Mailjourney
2026-08-10T13:51:02.000Z,00QP500000rg0oLMAQ,NL,0127Q000000upr9QAA,Status,Not reached,Mailjourney
2026-08-10T13:51:00.000Z,00QP500000ray2OMAQ,BE,0127Q000000eERIQA2,Status,Not reached,Follow-up
2026-08-10T13:50:04.000Z,00QQD00000ZGkQO2A1,BE,0127Q000000eERIQA2,Status,Follow-up,Mailjourney
2026-08-10T13:48:35.000Z,00QP500000rZPl0MAG,BE,0127Q000000eERIQA2,Status,Not reached,Follow-up
2026-08-10T13:48:20.000Z,00QP500000roOIQMA2,BE,0127Q000000eERIQA2,Status,New,Appointment
2026-08-10T13:45:01.000Z,00QP500000rojt5MAA,NL,0127Q000000upr9QAA,Status,New,Follow-up
2026-08-10T13:44:23.000Z,00QP500000rnGRjMAM,NL,0127Q000000upr9QAA,Status,Brochure,Follow-up
2026-08-10T13:43:39.000Z,00QP500000raLtpMAE,NL,0127Q000000upr9QAA,Status,Brochure,Follow-up
2026-08-10T13:39:41.000Z,00QP500000rnGRjMAM,NL,0127Q000000upr9QAA,Status,New,Brochure
2026-08-10T13:38:40.000Z,00QQD00000JOixq2AD,NL,0127Q000000upr9QAA,Status,Re-entered,Mailjourney
2026-08-10T13:38:10.000Z,00QQD00000AQ0An2AL,BE,0127Q000000eERIQA2,Status,Not reached,Mailjourney
2026-08-10T13:37:57.000Z,00QQD00000AQ0An2AL,BE,0127Q000000eERIQA2,Status,Not Qualified,Not reached
2026-08-10T13:33:54.000Z,00QP500000rlwtGMAQ,NL,0127Q000000upr9QAA,Status,Not reached,Follow-up
2026-08-10T13:33:03.000Z,00QP500000raBo2MAE,BE,0127Q000000eERIQA2,Status,Not reached,Not Qualified
2026-08-10T13:32:28.000Z,00QP500000rmIKJMA2,NL,0127Q000000upr9QAA,Status,Not reached,Appointment
2026-08-10T13:31:32.000Z,00QP500000riV82MAE,NL,0127Q000000upr9QAA,Status,Not reached,Appointment
2026-08-10T13:29:38.000Z,00QQD00000cC4mk2AC,NL,0127Q000000upr9QAA,Status,Not reached,Mailjourney
2026-08-10T13:29:18.000Z,00QP500000rp86gMAA,NL,0127Q000000upr9QAA,Status,New,Not reached
2026-08-10T13:29:16.000Z,00QP500000rX9vgMAC,BE,0127Q000000eERIQA2,Status,Not reached,Not Qualified
2026-08-10T13:28:50.000Z,00QP500000ro7JAMAY,BE,0127Q000000eERIQA2,Status,New,Not reached
2026-08-10T13:28:04.000Z,00QP500000rfpheMAA,NL,0127Q000000upr9QAA,Status,Not reached,Appointment
2026-08-10T13:27:46.000Z,00QP500000rowqRMAQ,NL,0127Q000000upr9QAA,Status,New,Not reached
2026-08-10T13:25:52.000Z,00QP500000rpFWMMA2,NL,0127Q000000upr9QAA,Status,New,Appointment
2026-08-10T13:23:47.000Z,00QP500000ronn1MAA,BE,0127Q000000eERIQA2,Status,New,Not reached
2026-08-10T13:21:08.000Z,00QP500000rgOFXMA2,NL,0127Q000000upr9QAA,Status,Not reached,Appointment
2026-08-10T13:20:56.000Z,00QQD00000JgnW12AJ,NL,0127Q000000upr9QAA,Status,Lost,Re-entered
2026-08-10T13:17:07.000Z,00QP500000rgsLfMAI,NL,0127Q000000upr9QAA,Status,Not reached,Appointment
2026-08-10T13:08:46.000Z,00QP500000rfu7uMAA,NL,0127Q000000upr9QAA,Status,Not reached,Not Qualified
2026-08-10T13:08:41.000Z,00QP500000rdxRVMAY,NL,0127Q000000upr9QAA,Status,Not reached,Appointment
2026-08-10T13:08:13.000Z,00QP500000rgM46MAE,NL,0127Q000000upr9QAA,Status,Not reached,Appointment
2026-08-10T13:07:56.000Z,00QQD00000dx4PJ2AY,BE,0127Q000000eERIQA2,Status,Follow-up,Appointment
2026-08-10T13:06:21.000Z,00QP500000romm7MAA,BE,0127Q000000eERIQA2,Status,New,Not reached
2026-08-10T13:05:58.000Z,00QP500000rhYCnMAM,BE,0127Q000000eERIQA2,Status,Not reached,Follow-up
2026-08-10T13:05:33.000Z,00QP500000roXIQMA2,BE,0127Q000000eERIQA2,Status,New,Not Qualified
2026-08-10T13:03:08.000Z,00QQD00000dd7RN2AY,NL,0127Q000000upr9QAA,Status,Follow-up,Lost
2026-08-10T13:02:32.000Z,00QQD00000ZGhCM2A1,NL,0127Q000000upr9QAA,Status,Follow-up,New
2026-08-10T13:01:38.000Z,00QQD00000dd1Nb2AI,NL,0127Q000000upr9QAA,Status,Follow-up,Lost
2026-08-10T13:00:00.000Z,00QP500000rgRN9MAM,NL,0127Q000000upr9QAA,Status,Not reached,Appointment
2026-08-10T12:58:51.000Z,00QQD00000buNXh2AM,BE,0127Q000000eERIQA2,Status,Mailjourney,Appointment
2026-08-10T12:56:16.000Z,00QQD00000dTXLX2A4,NL,0127Q000000upr9QAA,Status,Follow-up,Lost
2026-08-10T12:54:28.000Z,00QP500000rdUCdMAM,NL,0127Q000000upr9QAA,Status,Not reached,Not Qualified
2026-08-10T12:53:47.000Z,00QP500000qVruvMAC,NL,0127Q000000upr9QAA,Status,Follow-up,Lost
2026-08-10T12:53:16.000Z,00QP500000rbEGoMAM,BE,0127Q000000eERIQA2,Status,Not reached,Follow-up
2026-08-10T12:53:05.000Z,00QP500000rnym9MAA,NL,0127Q000000upr9QAA,Status,New,Follow-up
2026-08-10T12:52:12.000Z,00QP500000pkO1zMAE,NL,0127Q000000upr9QAA,Status,Follow-up,Lost
2026-08-10T12:49:50.000Z,00QP500000rbEGoMAM,BE,0127Q000000eERIQA2,Status,Follow-up,Not reached
2026-08-10T12:47:36.000Z,00QP500000rp1A1MAI,NL,0127Q000000upr9QAA,Status,New,Not Qualified
2026-08-10T12:46:05.000Z,00QP500000roTmfMAE,NL,0127Q000000upr9QAA,Status,Not reached,Not Qualified
2026-08-10T12:45:57.000Z,00QP500000ro7J9MAI,NL,0127Q000000upr9QAA,Status,New,Not Qualified
2026-08-10T12:45:41.000Z,00QP500000rjr9kMAA,NL,0127Q000000upr9QAA,Status,Re-entered - Phone Number Changed,Mailjourney
2026-08-10T12:44:52.000Z,00QP500000rjRfAMAU,NL,0127Q000000upr9QAA,Status,Not reached,Follow-up
2026-08-10T12:43:27.000Z,00QQD00000dWEEI2A4,NL,0127Q000000upr9QAA,Status,Follow-up,Lost
2026-08-10T12:43:22.000Z,00QP500000qDTuKMAW,BE,0127Q000000eERIQA2,Status,Follow-up,Appointment
2026-08-10T12:41:42.000Z,00QQD00000GGF6m2AH,NL,0127Q000000upr9QAA,Status,Re-entered,Not reached
2026-08-10T12:40:43.000Z,00QP500000roD8PMAU,NL,0127Q000000upr9QAA,Status,New,Follow-up
2026-08-10T12:39:07.000Z,00QP500000rorFVMAY,NL,0127Q000000upr9QAA,Status,New,Not reached
2026-08-10T12:37:47.000Z,00QQD00000YwhDt2AJ,NL,0127Q000000upr9QAA,Status,Not reached,Follow-up
2026-08-10T12:37:20.000Z,00QQD00000Z7ehK2AR,NL,0127Q000000upr9QAA,Status,Not reached,Mailjourney
2026-08-10T12:36:26.000Z,00QP500000rljciMAA,NL,0127Q000000upr9QAA,Status,Not reached,Follow-up
2026-08-10T12:36:16.000Z,00QQD00000AQ1vW2AT,NL,0127Q000000upr9QAA,Status,Not reached,Not Qualified
2026-08-10T12:35:30.000Z,00QP500000roThqMAE,NL,0127Q000000upr9QAA,Status,New,Not Qualified
2026-08-10T12:34:23.000Z,00QP500000roTmfMAE,NL,0127Q000000upr9QAA,Status,New,Not reached
2026-08-10T12:33:57.000Z,00QP500000rjzs4MAA,NL,0127Q000000upr9QAA,Status,Not reached,Follow-up
2026-08-10T12:33:56.000Z,00QQD00000QOVjd2AH,NL,0127Q000000upr9QAA,Status,Not reached,Appointment
2026-08-10T12:31:49.000Z,00QQD00000AQE6g2AH,NL,0127Q000000upr9QAA,Status,Re-entered,Not Qualified
2026-08-10T12:31:29.000Z,00QP500000ro2jFMAQ,NL,0127Q000000upr9QAA,Status,New,Follow-up
2026-08-10T12:30:46.000Z,00QP500000roq3JMAQ,BE,0127Q000000eERIQA2,Status,New,Not reached
2026-08-10T12:30:25.000Z,00QP500000rkG01MAE,NL,0127Q000000upr9QAA,Status,Not reached,Follow-up
2026-08-10T12:29:50.000Z,00QP500000rouenMAA,NL,0127Q000000upr9QAA,Status,New,Not Qualified
2026-08-10T12:29:27.000Z,00QQD00000dffQX2AY,NL,0127Q000000upr9QAA,Status,Re-entered,Mailjourney
2026-08-10T12:28:17.000Z,00QP500000rnp9JMAQ,NL,0127Q000000upr9QAA,Status,New,Mailjourney
2026-08-10T12:28:12.000Z,00QP500000roOewMAE,BE,0127Q000000eERIQA2,Status,New,Follow-up
2026-08-10T12:28:05.000Z,00QP500000rnnylMAA,NL,0127Q000000upr9QAA,Status,New,Follow-up
2026-08-10T12:28:03.000Z,00QP500000rkEmEMAU,NL,0127Q000000upr9QAA,Status,Not reached,Follow-up
2026-08-10T12:27:59.000Z,00QQD00000AQE6g2AH,NL,0127Q000000upr9QAA,Status,Mailjourney,Re-entered
2026-08-10T12:27:27.000Z,00QP500000ro4rWMAQ,NL,0127Q000000upr9QAA,Status,New,Not Qualified
2026-08-10T12:26:16.000Z,00QP500000roPuMMAU,BE,0127Q000000eERIQA2,Status,New,Not reached
2026-08-10T12:25:31.000Z,00QP500000rlcL6MAI,NL,0127Q000000upr9QAA,Status,Mailjourney,Follow-up
2026-08-10T12:25:16.000Z,00QP500000rk6OtMAI,NL,0127Q000000upr9QAA,Status,Not reached,Mailjourney
2026-08-10T12:24:34.000Z,00QP500000rlcL6MAI,NL,0127Q000000upr9QAA,Status,Not reached,Mailjourney
2026-08-10T12:24:15.000Z,00QP500000rnHdvMAE,NL,0127Q000000upr9QAA,Status,New,Not reached
2026-08-10T12:23:42.000Z,00QP500000rmNdOMAU,BE,0127Q000000eERIQA2,Status,Re-entered,Mailjourney
2026-08-10T12:23:17.000Z,00QP500000rlkfBMAQ,BE,0127Q000000eERIQA2,Status,New,Appointment
2026-08-10T12:22:23.000Z,00QP500000rmJbNMAU,NL,0127Q000000upr9QAA,Status,New,Not Qualified
2026-08-10T12:22:12.000Z,00QP500000rgl7FMAQ,NL,0127Q000000upr9QAA,Status,Not reached,Appointment
2026-08-10T12:20:59.000Z,00QQD00000Qal4f2AB,NL,0127Q000000upr9QAA,Status,Re-entered,Not reached
2026-08-10T12:19:49.000Z,00QP500000rnx0PMAQ,NL,0127Q000000upr9QAA,Status,New,Not reached
2026-08-10T12:18:29.000Z,00QP500000rnnyjMAA,NL,0127Q000000upr9QAA,Status,New,Lost
2026-08-10T12:15:51.000Z,00QP500000rmBsIMAU,NL,0127Q000000upr9QAA,Status,New,Appointment
2026-08-10T12:13:02.000Z,00QP500000rm8PrMAI,NL,0127Q000000upr9QAA,Status,New,Appointment
2026-08-10T12:11:05.000Z,00QQD00000JOixq2AD,NL,0127Q000000upr9QAA,Status,Mailjourney,Re-entered
2026-08-10T12:09:39.000Z,00QP500000q4ztQMAQ,BE,0127Q000000eERIQA2,Status,Not Qualified,Appointment
2026-08-10T12:09:13.000Z,00QP500000rlfIxMAI,NL,0127Q000000upr9QAA,Status,New,Appointment
2026-08-10T12:08:33.000Z,00QP500000rmZ50MAE,NL,0127Q000000upr9QAA,Status,New,Not reached
2026-08-10T12:08:14.000Z,00QP500000roS10MAE,BE,0127Q000000eERIQA2,Status,Follow-up,Not Qualified
2026-08-10T12:07:02.000Z,00QQD00000dffQX2AY,NL,0127Q000000upr9QAA,Status,Mailjourney,Re-entered
2026-08-10T12:05:13.000Z,00QP500000rjEV1MAM,NL,0127Q000000upr9QAA,Status,Not reached,Mailjourney
2026-08-10T12:05:07.000Z,00QQD00000dgxoR2AQ,BE,0127Q000000eERIQA2,Status,Re-entered,Mailjourney
2026-08-10T12:04:32.000Z,00QQD00000AQV6c2AH,NL,0127Q000000upr9QAA,Status,Converted Old SF,Appointment
2026-08-10T12:02:45.000Z,00QQD00000bSx1V2AS,BE,0127Q000000eERIQA2,Status,Re-entered,Not reached
2026-08-10T12:01:45.000Z,00QP500000rljciMAA,NL,0127Q000000upr9QAA,Status,New,Not reached
2026-08-10T12:00:48.000Z,00QP500000rlwtGMAQ,NL,0127Q000000upr9QAA,Status,New,Not reached
2026-08-10T11:59:55.000Z,00QQD00000ZGkGS2A1,BE,0127Q000000eERIQA2,Status,Re-entered,Brochure
2026-08-10T11:59:29.000Z,00QP500000roS10MAE,BE,0127Q000000eERIQA2,Status,New,Follow-up
2026-08-10T11:57:13.000Z,00QP500000rmPvFMAU,NL,0127Q000000upr9QAA,Status,New,Appointment
2026-08-10T11:54:19.000Z,00QP500000rmBPFMA2,NL,0127Q000000upr9QAA,Status,New,Not reached
2026-08-10T11:54:08.000Z,00QP500000rkLcQMAU,NL,0127Q000000upr9QAA,Status,Not reached,Not Qualified
2026-08-10T11:53:51.000Z,00QP500000rkLcQMAU,NL,0127Q000000upr9QAA,Status,Not Qualified,Not reached
2026-08-10T11:53:40.000Z,00QP500000rkLcQMAU,NL,0127Q000000upr9QAA,Status,Lost,Not Qualified
2026-08-10T11:53:21.000Z,00QP500000rnsdSMAQ,NL,0127Q000000upr9QAA,Status,New,Mailjourney
2026-08-10T11:51:24.000Z,00QP500000rlxitMAA,NL,0127Q000000upr9QAA,Status,New,Not Qualified
2026-08-10T11:50:07.000Z,00QP500000rXuXxMAK,BE,0127Q000000eERIQA2,Status,Not reached,Follow-up
2026-08-10T11:49:58.000Z,00QP500000rne93MAA,NL,0127Q000000upr9QAA,Status,Follow-up,Appointment
2026-08-10T11:47:56.000Z,00QP500000rla6MMAQ,NL,0127Q000000upr9QAA,Status,New,Appointment
2026-08-10T11:44:22.000Z,00QP500000rm7tVMAQ,NL,0127Q000000upr9QAA,Status,New,Mailjourney
2026-08-10T11:43:35.000Z,00QP500000rY2k2MAC,BE,0127Q000000eERIQA2,Status,Not reached,Follow-up
2026-08-10T11:39:59.000Z,00QP500000rmNdOMAU,BE,0127Q000000eERIQA2,Status,Mailjourney,Re-entered
2026-08-10T11:38:00.000Z,00QP500000rc8hCMAQ,BE,0127Q000000eERIQA2,Status,Not reached,Follow-up
2026-08-10T11:36:53.000Z,00QQD00000ZGivq2AD,BE,0127Q000000eERIQA2,Status,Re-entered,Mailjourney
2026-08-10T11:34:49.000Z,00QP500000ra4Y1MAI,BE,0127Q000000eERIQA2,Status,Not reached,Follow-up
2026-08-10T11:34:10.000Z,00QP500000qAVasMAG,NL,0127Q000000upr9QAA,Status,Follow-up,Appointment
2026-08-10T11:33:11.000Z,00QP500000rniZIMAY,BE,0127Q000000eERIQA2,Status,New,Appointment
2026-08-10T11:30:57.000Z,00QQD00000ZGcIM2A1,BE,0127Q000000eERIQA2,Status,Re-entered,Not Qualified
2026-08-10T11:29:21.000Z,00QP500000rnMSKMA2,BE,0127Q000000eERIQA2,Status,New,Not Qualified
2026-08-10T11:28:00.000Z,00QQD00000GGF6m2AH,NL,0127Q000000upr9QAA,Status,Mailjourney,Re-entered
2026-08-10T11:26:41.000Z,00QP500000ro0r8MAA,NL,0127Q000000upr9QAA,Status,New,Follow-up
2026-08-10T11:25:15.000Z,00QP500000rmoIbMAI,BE,0127Q000000eERIQA2,Status,New,Appointment
2026-08-10T11:21:43.000Z,00QP500000rnl5jMAA,BE,0127Q000000eERIQA2,Status,New,Appointment
2026-08-10T11:21:14.000Z,00QP500000rnCPqMAM,BE,0127Q000000eERIQA2,Status,New,Follow-up
2026-08-10T11:18:08.000Z,00QP500000ro8YXMAY,BE,0127Q000000eERIQA2,Status,New,Not reached
2026-08-10T11:14:03.000Z,00QP500000rnsdRMAQ,BE,0127Q000000eERIQA2,Status,New,Not Qualified
2026-08-10T11:11:39.000Z,00QP500000rjEQ8MAM,NL,0127Q000000upr9QAA,Status,Not reached,Lost
2026-08-10T11:07:24.000Z,00QP500000raLtpMAE,NL,0127Q000000upr9QAA,Status,Follow-up,Brochure
2026-08-10T11:05:09.000Z,00QP500000rgysVMAQ,BE,0127Q000000eERIQA2,Status,New,Mailjourney
2026-08-10T11:04:24.000Z,00QP500000rZauyMAC,NL,0127Q000000upr9QAA,Status,Follow-up,Not Qualified
2026-08-10T11:02:00.000Z,00QP500000rmWiDMAU,BE,0127Q000000eERIQA2,Status,New,Not reached
2026-08-10T10:58:30.000Z,00QP500000rmNdOMAU,BE,0127Q000000eERIQA2,Status,New,Mailjourney
2026-08-10T10:57:14.000Z,00QP500000rmnetMAA,BE,0127Q000000eERIQA2,Status,Not reached,Appointment
2026-08-10T10:52:42.000Z,00QP500000rmuz4MAA,NL,0127Q000000upr9QAA,Status,New,Mailjourney
2026-08-10T10:50:48.000Z,00QP500000rmSzdMAE,NL,0127Q000000upr9QAA,Status,New,Lost
2026-08-10T10:48:02.000Z,00QP500000rnBodMAE,BE,0127Q000000eERIQA2,Status,New,Appointment
2026-08-10T10:45:16.000Z,00QP500000rmcNsMAI,NL,0127Q000000upr9QAA,Status,New,Appointment
2026-08-10T10:38:15.000Z,00QP500000rmnetMAA,BE,0127Q000000eERIQA2,Status,New,Not reached
2026-08-10T10:34:44.000Z,00QP500000rmIKJMA2,NL,0127Q000000upr9QAA,Status,New,Not reached
2026-08-10T10:34:19.000Z,00QP500000rkN9ZMAU,BE,0127Q000000eERIQA2,Status,New,Not reached
2026-08-10T10:33:37.000Z,00QP500000rmm3tMAA,NL,0127Q000000upr9QAA,Status,New,Appointment
2026-08-10T10:33:19.000Z,00QP500000rlcL6MAI,NL,0127Q000000upr9QAA,Status,New,Not reached
2026-08-10T10:32:26.000Z,00QP500000rnnykMAA,NL,0127Q000000upr9QAA,Status,New,Not Qualified
2026-08-10T10:31:18.000Z,00QP500000rh82EMAQ,BE,0127Q000000eERIQA2,Status,New,Not reached
2026-08-10T10:31:10.000Z,00QP500000qSKSTMA4,NL,0127Q000000upr9QAA,Status,Follow-up,Mailjourney
2026-08-10T10:30:26.000Z,00QP500000rkJPLMA2,NL,0127Q000000upr9QAA,Status,Not reached,Not Qualified
2026-08-10T10:27:21.000Z,00QP500000rmywDMAQ,BE,0127Q000000eERIQA2,Status,New,Appointment
2026-08-10T10:27:07.000Z,00QP500000rkeU3MAI,NL,0127Q000000upr9QAA,Status,New,Not Qualified
2026-08-10T10:26:07.000Z,00QP500000qQtEFMA0,NL,0127Q000000upr9QAA,Status,Follow-up,Appointment
2026-08-10T10:25:27.000Z,00QP500000rmSzcMAE,NL,0127Q000000upr9QAA,Status,New,Not Qualified
2026-08-10T10:22:53.000Z,00QP500000rlwtHMAQ,NL,0127Q000000upr9QAA,Status,New,Not Qualified
2026-08-10T10:21:25.000Z,00QP500000re3lRMAQ,NL,0127Q000000upr9QAA,Status,New,Not Qualified
2026-08-10T10:18:36.000Z,00QP500000rmuSoMAI,BE,0127Q000000eERIQA2,Status,New,Follow-up
2026-08-10T10:17:37.000Z,00QP500000rgalJMAQ,NL,0127Q000000upr9QAA,Status,Not reached,Appointment
2026-08-10T10:17:17.000Z,00QP500000rix99MAA,NL,0127Q000000upr9QAA,Status,Not reached,Mailjourney
2026-08-10T10:15:20.000Z,00QQD00000ZFJkP2AX,BE,0127Q000000eERIQA2,Status,Not reached,Not Qualified
2026-08-10T10:14:24.000Z,00QP500000rmuSnMAI,BE,0127Q000000eERIQA2,Status,New,Appointment
2026-08-10T10:13:59.000Z,00QP500000rne93MAA,NL,0127Q000000upr9QAA,Status,New,Follow-up
2026-08-10T10:13:44.000Z,00QP500000rikIPMAY,NL,0127Q000000upr9QAA,Status,Not reached,Mailjourney
2026-08-10T10:07:56.000Z,00QP500000rjr9kMAA,NL,0127Q000000upr9QAA,Status,Not reached,Re-entered - Phone Number Changed
2026-08-10T10:05:49.000Z,00QQD00000dDHFt2AO,NL,0127Q000000upr9QAA,Status,Re-entered,Lost
2026-08-10T10:04:30.000Z,00QP500000rirrvMAA,NL,0127Q000000upr9QAA,Status,Brochure,Mailjourney
2026-08-10T10:04:15.000Z,00QP500000rknYiMAI,NL,0127Q000000upr9QAA,Status,Brochure,Follow-up
2026-08-10T10:04:15.000Z,00QP500000rdMN8MAM,NL,0127Q000000upr9QAA,Status,Brochure,Follow-up
2026-08-10T10:04:15.000Z,00QP500000rji1dMAA,NL,0127Q000000upr9QAA,Status,Brochure,Follow-up
2026-08-10T10:02:59.000Z,00QQD00000AQC9k2AH,NL,0127Q000000upr9QAA,Status,Re-entered,Not reached
2026-08-10T10:02:38.000Z,00QP500000rWfCsMAK,NL,0127Q000000upr9QAA,Status,Not reached,Mailjourney
2026-08-10T10:01:35.000Z,00QP500000rjpZOMAY,NL,0127Q000000upr9QAA,Status,New,Appointment
2026-08-10T09:59:36.000Z,00QP500000rWfCsMAK,NL,0127Q000000upr9QAA,Status,Re-entered - Phone Number Changed,Not reached
2026-08-10T09:57:55.000Z,00QP500000rfWyHMAU,NL,0127Q000000upr9QAA,Status,New,Appointment
2026-08-10T09:56:54.000Z,00QP500000r9ZeLMAU,NL,0127Q000000upr9QAA,Status,Follow-up,Mailjourney
2026-08-10T09:56:03.000Z,00QP500000rmR98MAE,NL,0127Q000000upr9QAA,Status,New,Appointment
2026-08-10T09:54:21.000Z,00QP500000rjtoEMAQ,NL,0127Q000000upr9QAA,Status,New,Appointment
2026-08-10T09:50:04.000Z,00QP500000rY3wJMAS,NL,0127Q000000upr9QAA,Status,Re-entered,Follow-up
2026-08-10T09:48:32.000Z,00QP500000rfhyhMAA,BE,0127Q000000eERIQA2,Status,New,Follow-up
2026-08-10T09:47:29.000Z,00QP500000rjzVVMAY,NL,0127Q000000upr9QAA,Status,New,Not Qualified
2026-08-10T09:46:36.000Z,00QP500000rk3FhMAI,NL,0127Q000000upr9QAA,Status,New,Not reached
2026-08-10T09:45:56.000Z,00QP500000rjEQ8MAM,NL,0127Q000000upr9QAA,Status,New,Not reached
2026-08-10T09:44:52.000Z,00QP500000riYFaMAM,NL,0127Q000000upr9QAA,Status,Not reached,Mailjourney
2026-08-10T09:44:41.000Z,00QP500000riYFaMAM,NL,0127Q000000upr9QAA,Status,New,Not reached
2026-08-10T09:43:40.000Z,00QP500000rjSxhMAE,NL,0127Q000000upr9QAA,Status,Not reached,Appointment
2026-08-10T09:42:56.000Z,00QP500000rme9WMAQ,NL,0127Q000000upr9QAA,Status,Not reached,Appointment
2026-08-10T09:42:09.000Z,00QP500000riUK3MAM,NL,0127Q000000upr9QAA,Status,New,Appointment
2026-08-10T09:40:35.000Z,00QP500000rfu7uMAA,NL,0127Q000000upr9QAA,Status,New,Not reached
2026-08-10T09:39:46.000Z,00QP500000rme9WMAQ,NL,0127Q000000upr9QAA,Status,New,Not reached
2026-08-10T09:39:17.000Z,00QP500000rfpheMAA,NL,0127Q000000upr9QAA,Status,New,Not reached
2026-08-10T09:37:35.000Z,00QP500000rk4OfMAI,BE,0127Q000000eERIQA2,Status,New,Not reached
2026-08-10T09:37:22.000Z,00QP500000rflivMAA,NL,0127Q000000upr9QAA,Status,New,Follow-up
2026-08-10T09:36:33.000Z,00QP500000riV82MAE,NL,0127Q000000upr9QAA,Status,New,Not reached
2026-08-10T09:35:44.000Z,00QP500000rk3nbMAA,BE,0127Q000000eERIQA2,Status,New,Not reached
2026-08-10T09:35:33.000Z,00QP500000rjNAEMA2,NL,0127Q000000upr9QAA,Status,New,Not reached
2026-08-10T09:35:07.000Z,00QP500000rgxZcMAI,NL,0127Q000000upr9QAA,Status,New,Not reached
2026-08-10T09:35:00.000Z,00QP500000rk6OtMAI,NL,0127Q000000upr9QAA,Status,New,Not reached
2026-08-10T09:34:28.000Z,00QP500000rjEV1MAM,NL,0127Q000000upr9QAA,Status,New,Not reached
2026-08-10T09:34:23.000Z,00QP500000rfOe9MAE,BE,0127Q000000eERIQA2,Status,New,Appointment
2026-08-10T09:34:14.000Z,00QP500000rhJX7MAM,NL,0127Q000000upr9QAA,Status,New,Not Qualified
2026-08-10T09:33:35.000Z,00QQD00000UI6FN2A1,NL,0127Q000000upr9QAA,Status,Not reached,Mailjourney
2026-08-10T09:33:27.000Z,00QP500000rkEmEMAU,NL,0127Q000000upr9QAA,Status,New,Not reached
2026-08-10T09:33:06.000Z,00QP500000rjD4KMAU,NL,0127Q000000upr9QAA,Status,New,Not reached
2026-08-10T09:32:11.000Z,00QP500000rgB3mMAE,NL,0127Q000000upr9QAA,Status,New,Not Qualified
2026-08-10T09:32:11.000Z,00QP500000rjoyJMAQ,BE,0127Q000000eERIQA2,Status,New,Mailjourney
2026-08-10T09:32:04.000Z,00QQD00000UI6FN2A1,NL,0127Q000000upr9QAA,Status,Re-entered,Not reached
2026-08-10T09:30:54.000Z,00QP500000reCDdMAM,NL,0127Q000000upr9QAA,Status,New,Appointment
2026-08-10T09:30:42.000Z,00QQD00000ThdYV2AZ,NL,0127Q000000upr9QAA,Status,Re-entered,Appointment
2026-08-10T09:30:04.000Z,00QP500000qKQzjMAG,NL,0127Q000000upr9QAA,Status,Re-entered,Not Qualified
2026-08-10T09:30:00.000Z,00QP500000rg0hrMAA,NL,0127Q000000upr9QAA,Status,New,Not reached
2026-08-10T09:29:14.000Z,00QP500000rfp6dMAA,NL,0127Q000000upr9QAA,Status,New,Mailjourney
2026-08-10T09:29:04.000Z,00QP500000rkG01MAE,NL,0127Q000000upr9QAA,Status,New,Not reached
2026-08-10T09:28:50.000Z,00QP500000rjN5EMAU,BE,0127Q000000eERIQA2,Status,New,Not Qualified
2026-08-10T09:27:46.000Z,00QP500000rj3GDMAY,NL,0127Q000000upr9QAA,Status,New,Appointment
2026-08-10T09:27:02.000Z,00QP500000rdGb5MAE,NL,0127Q000000upr9QAA,Status,New,Mailjourney
2026-08-10T09:26:34.000Z,00QP500000rkJPLMA2,NL,0127Q000000upr9QAA,Status,New,Not reached
2026-08-10T09:26:19.000Z,00QP500000re9yvMAA,NL,0127Q000000upr9QAA,Status,New,Not Qualified
2026-08-10T09:25:02.000Z,00QQD00000AQQi72AH,NL,0127Q000000upr9QAA,Status,Re-entered,Not reached
2026-08-10T09:24:47.000Z,00QP500000rkLcQMAU,NL,0127Q000000upr9QAA,Status,New,Lost
2026-08-10T09:24:43.000Z,00QQD00000cNCnN2AW,NL,0127Q000000upr9QAA,Status,Re-entered,Not reached
2026-08-10T09:24:33.000Z,00QP500000rkGsrMAE,BE,0127Q000000eERIQA2,Status,Not reached,Appointment
2026-08-10T09:23:51.000Z,00QQD00000cC4mk2AC,NL,0127Q000000upr9QAA,Status,Re-entered,Not reached
2026-08-10T09:23:43.000Z,00QP500000rkX7KMAU,BE,0127Q000000eERIQA2,Status,Not reached,Mailjourney
2026-08-10T09:22:52.000Z,00QQD00000Z7ehK2AR,NL,0127Q000000upr9QAA,Status,Re-entered,Not reached
2026-08-10T09:22:48.000Z,00QQD00000AQA9e2AH,NL,0127Q000000upr9QAA,Status,Re-entered,Not reached
2026-08-10T09:22:28.000Z,00QP500000rdQ4DMAU,NL,0127Q000000upr9QAA,Status,New,Not Qualified
2026-08-10T09:22:03.000Z,00QP500000rkRl3MAE,NL,0127Q000000upr9QAA,Status,Not reached,Appointment
2026-08-10T09:21:57.000Z,00QP500000rkX7KMAU,BE,0127Q000000eERIQA2,Status,New,Not reached
2026-08-10T09:21:46.000Z,00QP500000rnAFqMAM,BE,0127Q000000eERIQA2,Status,New,Appointment
2026-08-10T09:21:24.000Z,00QQD00000QOVjd2AH,NL,0127Q000000upr9QAA,Status,Re-entered,Not reached
2026-08-10T09:20:46.000Z,00QQD00000bMvGr2AK,NL,0127Q000000upr9QAA,Status,Re-entered,Mailjourney
2026-08-10T09:20:32.000Z,00QP500000rjbD2MAI,NL,0127Q000000upr9QAA,Status,New,Not reached
2026-08-10T09:20:19.000Z,00QP500000rljOAMAY,BE,0127Q000000eERIQA2,Status,New,Not reached
2026-08-10T09:20:06.000Z,00QQD00000AQ1vW2AT,NL,0127Q000000upr9QAA,Status,Re-entered,Not reached
2026-08-10T09:18:42.000Z,00QQD00000AQfpP2AT,NL,0127Q000000upr9QAA,Status,Re-entered,Not Qualified
2026-08-10T09:17:42.000Z,00QP500000rjRfAMAU,NL,0127Q000000upr9QAA,Status,New,Not reached
2026-08-10T09:17:36.000Z,00QP500000rh9HeMAI,NL,0127Q000000upr9QAA,Status,New,Appointment
2026-08-10T09:16:43.000Z,00QP500000rkT25MAE,BE,0127Q000000eERIQA2,Status,New,Not reached
2026-08-10T09:16:40.000Z,00QP500000rhDujMAE,BE,0127Q000000eERIQA2,Status,New,Follow-up
2026-08-10T09:16:32.000Z,00QP500000rix99MAA,NL,0127Q000000upr9QAA,Status,New,Not reached
2026-08-10T09:15:06.000Z,00QP500000rkGsrMAE,BE,0127Q000000eERIQA2,Status,New,Not reached
2026-08-10T09:14:30.000Z,00QP500000rjbD4MAI,BE,0127Q000000eERIQA2,Status,New,Not reached
2026-08-10T09:14:17.000Z,00QP500000rjsKNMAY,BE,0127Q000000eERIQA2,Status,New,Not reached
2026-08-10T09:12:52.000Z,00QP500000rjWd9MAE,BE,0127Q000000eERIQA2,Status,New,Brochure
2026-08-10T09:12:04.000Z,00QP500000reI69MAE,NL,0127Q000000upr9QAA,Status,New,Not reached
2026-08-10T09:11:01.000Z,00QP500000rivqcMAA,BE,0127Q000000eERIQA2,Status,Not reached,Mailjourney
2026-08-10T09:10:58.000Z,00QP500000rdUCdMAM,NL,0127Q000000upr9QAA,Status,New,Not reached
2026-08-10T09:09:57.000Z,00QP500000rgtKvMAI,NL,0127Q000000upr9QAA,Status,New,Not reached
2026-08-10T09:09:42.000Z,00QP500000riiZuMAI,NL,0127Q000000upr9QAA,Status,New,Lost
2026-08-10T09:09:34.000Z,00QQD00000ZFJkP2AX,BE,0127Q000000eERIQA2,Status,Re-entered,Not reached
2026-08-10T09:08:39.000Z,00QP500000rgqgSMAQ,NL,0127Q000000upr9QAA,Status,New,Mailjourney
2026-08-10T09:08:17.000Z,00QP500000rkImcMAE,NL,0127Q000000upr9QAA,Status,New,Appointment
2026-08-10T09:07:57.000Z,00QQD00000AQ0An2AL,BE,0127Q000000eERIQA2,Status,New,Not Qualified
2026-08-10T09:07:45.000Z,00QP500000rfXZQMA2,BE,0127Q000000eERIQA2,Status,New,Lost
2026-08-10T09:07:45.000Z,00QQD00000ZGhCM2A1,NL,0127Q000000upr9QAA,Status,Mailjourney,Follow-up
2026-08-10T09:06:44.000Z,00QP500000rgl7FMAQ,NL,0127Q000000upr9QAA,Status,New,Not reached
2026-08-10T09:05:46.000Z,00QP500000riqkMMAQ,BE,0127Q000000eERIQA2,Status,New,Not reached
2026-08-10T09:05:01.000Z,00QP500000rgXFaMAM,NL,0127Q000000upr9QAA,Status,New,Not reached
2026-08-10T09:04:58.000Z,00QP500000rjYiEMAU,NL,0127Q000000upr9QAA,Status,New,Mailjourney
2026-08-10T09:03:23.000Z,00QQD00000AQ0An2AL,BE,0127Q000000eERIQA2,Status,Re-entered,New
2026-08-10T09:02:59.000Z,00QP500000rgRN9MAM,NL,0127Q000000upr9QAA,Status,New,Not reached
2026-08-10T09:01:11.000Z,00QQD00000ZGcIM2A1,BE,0127Q000000eERIQA2,Status,Converted Old SF,Re-entered
2026-08-10T09:00:52.000Z,00QP500000rPDmjMAG,NL,0127Q000000upr9QAA,Status,Follow-up,Appointment
2026-08-10T08:59:31.000Z,00QP500000rjboCMAQ,NL,0127Q000000upr9QAA,Status,New,Appointment
2026-08-10T08:59:28.000Z,00QP500000rjSxhMAE,NL,0127Q000000upr9QAA,Status,New,Not reached
2026-08-10T08:59:19.000Z,00QP500000rk8LrMAI,NL,0127Q000000upr9QAA,Status,New,Appointment
2026-08-10T08:57:07.000Z,00QP500000rgRN8MAM,NL,0127Q000000upr9QAA,Status,New,Not Qualified
2026-08-10T08:54:04.000Z,00QP500000rWfCsMAK,NL,0127Q000000upr9QAA,Status,Mailjourney,Re-entered - Phone Number Changed
2026-08-10T08:50:59.000Z,00QP500000rk7w2MAA,NL,0127Q000000upr9QAA,Status,New,Appointment
2026-08-10T08:50:47.000Z,00QQD00000AQQwU2AX,NL,0127Q000000upr9QAA,Status,Re-entered,Appointment
2026-08-10T08:48:56.000Z,00QP500000rkRoKMAU,NL,0127Q000000upr9QAA,Status,Not reached,Follow-up
2026-08-10T08:47:44.000Z,00QP500000rh6N1MAI,BE,0127Q000000eERIQA2,Status,New,Follow-up
2026-08-10T08:44:41.000Z,00QP500000rk5MNMAY,NL,0127Q000000upr9QAA,Status,New,Appointment
2026-08-10T08:43:48.000Z,00QP500000rk6NHMAY,BE,0127Q000000eERIQA2,Status,New,Appointment
2026-08-10T08:42:52.000Z,00QQD00000Qal4f2AB,NL,0127Q000000upr9QAA,Status,Lost,Re-entered
2026-08-10T08:42:48.000Z,00QP500000rjSXvMAM,NL,0127Q000000upr9QAA,Status,New,Appointment
2026-08-10T08:41:33.000Z,00QP500000rgRN7MAM,NL,0127Q000000upr9QAA,Status,New,Follow-up
2026-08-10T08:41:28.000Z,00QP500000rkNRNMA2,NL,0127Q000000upr9QAA,Status,New,Appointment
2026-08-10T08:39:33.000Z,00QP500000rgOFXMA2,NL,0127Q000000upr9QAA,Status,New,Not reached
2026-08-10T08:38:56.000Z,00QP500000rh3iXMAQ,BE,0127Q000000eERIQA2,Status,New,Not reached
2026-08-10T08:38:55.000Z,00QP500000rivqcMAA,BE,0127Q000000eERIQA2,Status,New,Not reached
2026-08-10T08:37:39.000Z,00QP500000rgM46MAE,NL,0127Q000000upr9QAA,Status,New,Not reached
2026-08-10T08:37:39.000Z,00QP500000rigRfMAI,BE,0127Q000000eERIQA2,Status,New,Not reached
2026-08-10T08:36:15.000Z,00QP500000rgJPWMA2,NL,0127Q000000upr9QAA,Status,New,Not reached
2026-08-10T08:35:48.000Z,00QP500000ri5K5MAI,BE,0127Q000000eERIQA2,Status,Not reached,Follow-up
2026-08-10T08:35:38.000Z,00QP500000rhYCnMAM,BE,0127Q000000eERIQA2,Status,New,Not reached
2026-08-10T08:35:02.000Z,00QP500000rgalJMAQ,NL,0127Q000000upr9QAA,Status,New,Not reached
2026-08-10T08:34:21.000Z,00QP500000rirrvMAA,NL,0127Q000000upr9QAA,Status,New,Brochure
2026-08-10T08:34:12.000Z,00QP500000rgAu9MAE,BE,0127Q000000eERIQA2,Status,New,Not reached
2026-08-10T08:34:03.000Z,00QP500000rfT4LMAU,NL,0127Q000000upr9QAA,Status,New,Not Qualified
2026-08-10T08:33:46.000Z,00QP500000rk3naMAA,NL,0127Q000000upr9QAA,Status,New,Appointment
2026-08-10T08:32:41.000Z,00QP500000rdxRVMAY,NL,0127Q000000upr9QAA,Status,New,Not reached
2026-08-10T08:31:24.000Z,00QP500000rdMN8MAM,NL,0127Q000000upr9QAA,Status,New,Brochure
2026-08-10T08:31:12.000Z,00QP500000rjoBtMAI,BE,0127Q000000eERIQA2,Status,New,Not reached
2026-08-10T08:30:46.000Z,00QP500000rjuqqMAA,NL,0127Q000000upr9QAA,Status,Not reached,Follow-up
2026-08-10T08:29:18.000Z,00QP500000rgZKfMAM,BE,0127Q000000eERIQA2,Status,New,Mailjourney
2026-08-10T08:29:06.000Z,00QP500000rmBDxMAM,BE,0127Q000000eERIQA2,Status,New,Appointment
2026-08-10T08:28:59.000Z,00QP500000rjuNoMAI,NL,0127Q000000upr9QAA,Status,Not reached,Appointment
2026-08-10T08:27:57.000Z,00QP500000rgsLfMAI,NL,0127Q000000upr9QAA,Status,New,Not reached
2026-08-10T08:26:34.000Z,00QP500000rg2LZMAY,BE,0127Q000000eERIQA2,Status,New,Appointment
2026-08-10T08:25:06.000Z,00QP500000rjzs4MAA,NL,0127Q000000upr9QAA,Status,New,Not reached
2026-08-10T08:23:44.000Z,00QP500000rjuqqMAA,NL,0127Q000000upr9QAA,Status,New,Not reached
2026-08-10T08:23:26.000Z,00QP500000rkAyjMAE,NL,0127Q000000upr9QAA,Status,New,Appointment
2026-08-10T08:23:03.000Z,00QP500000rgQ4SMAU,BE,0127Q000000eERIQA2,Status,New,Not reached
2026-08-10T08:22:23.000Z,00QP500000rjuNoMAI,NL,0127Q000000upr9QAA,Status,New,Not reached
2026-08-10T08:20:48.000Z,00QP500000qNyvDMAS,NL,0127Q000000upr9QAA,Status,Follow-up,Appointment
2026-08-10T08:20:13.000Z,00QP500000rivqbMAA,NL,0127Q000000upr9QAA,Status,Not reached,Follow-up
2026-08-10T08:18:12.000Z,00QP500000rmJMpMAM,BE,0127Q000000eERIQA2,Status,New,Not reached
2026-08-10T08:17:58.000Z,00QP500000rljCtMAI,NL,0127Q000000upr9QAA,Status,New,Appointment
2026-08-10T08:17:07.000Z,00QP500000rivqbMAA,NL,0127Q000000upr9QAA,Status,New,Not reached
2026-08-10T08:17:01.000Z,00QP500000rgyneMAA,BE,0127Q000000eERIQA2,Status,New,Not reached
2026-08-10T08:16:37.000Z,00QP500000rkRl3MAE,NL,0127Q000000upr9QAA,Status,New,Not reached
2026-08-10T08:15:51.000Z,00QP500000rGc4PMAS,NL,0127Q000000upr9QAA,Status,Follow-up,Appointment
2026-08-10T08:15:18.000Z,00QP500000rkRoKMAU,NL,0127Q000000upr9QAA,Status,New,Not reached
2026-08-10T08:15:11.000Z,00QP500000rgxZdMAI,BE,0127Q000000eERIQA2,Status,New,Mailjourney
2026-08-10T08:14:17.000Z,00QP500000rgGJzMAM,NL,0127Q000000upr9QAA,Status,New,Follow-up
2026-08-10T08:13:32.000Z,00QP500000rfJ6QMAU,NL,0127Q000000upr9QAA,Status,Not reached,Not Qualified
2026-08-10T08:13:08.000Z,00QP500000rkRy0MAE,NL,0127Q000000upr9QAA,Status,New,Appointment
2026-08-10T08:12:20.000Z,00QP500000rfzM5MAI,BE,0127Q000000eERIQA2,Status,New,Follow-up
2026-08-10T08:11:32.000Z,00QP500000rjsKMMAY,NL,0127Q000000upr9QAA,Status,New,Appointment
2026-08-10T08:10:00.000Z,00QP500000rgGJyMAM,NL,0127Q000000upr9QAA,Status,New,Mailjourney
2026-08-10T08:08:26.000Z,00QP500000rgFx8MAE,NL,0127Q000000upr9QAA,Status,New,Not reached
2026-08-10T08:07:40.000Z,00QP500000riqnaMAA,NL,0127Q000000upr9QAA,Status,New,Appointment
2026-08-10T08:07:25.000Z,00QP500000rg1AuMAI,BE,0127Q000000eERIQA2,Status,Follow-up,Appointment
2026-08-10T08:06:08.000Z,00QP500000rknYiMAI,NL,0127Q000000upr9QAA,Status,New,Brochure
2026-08-10T08:05:47.000Z,00QP500000rfEtKMAU,BE,0127Q000000eERIQA2,Status,New,Not reached
2026-08-10T08:05:25.000Z,00QP500000rgF0zMAE,NL,0127Q000000upr9QAA,Status,New,Appointment
2026-08-10T08:04:22.000Z,00QP500000reKWAMA2,BE,0127Q000000eERIQA2,Status,New,Mailjourney
2026-08-10T08:03:02.000Z,00QP500000rjr9kMAA,NL,0127Q000000upr9QAA,Status,New,Not reached
2026-08-10T08:02:57.000Z,00QP500000rg4aJMAQ,NL,0127Q000000upr9QAA,Status,New,Not reached
2026-08-10T08:01:35.000Z,00QP500000rfH9dMAE,BE,0127Q000000eERIQA2,Status,New,Not reached
2026-08-10T08:01:31.000Z,00QP500000rikIPMAY,NL,0127Q000000upr9QAA,Status,New,Not reached
2026-08-10T08:00:03.000Z,00QP500000rgOh1MAE,BE,0127Q000000eERIQA2,Status,New,Follow-up
2026-08-10T07:55:13.000Z,00QP500000rh2uTMAQ,BE,0127Q000000eERIQA2,Status,New,Appointment
2026-08-10T07:54:36.000Z,00QP500000rgO19MAE,BE,0127Q000000eERIQA2,Status,New,Mailjourney
2026-08-10T07:54:23.000Z,00QP500000rgDiIMAU,NL,0127Q000000upr9QAA,Status,New,Appointment
2026-08-10T07:54:15.000Z,00QP500000rlrGsMAI,NL,0127Q000000upr9QAA,Status,New,Appointment
2026-08-10T07:53:49.000Z,00QQD00000bmg3S2AQ,NL,0127Q000000upr9QAA,Status,Mailjourney,Appointment
2026-08-10T07:52:29.000Z,00QP500000rELVtMAO,BE,0127Q000000eERIQA2,Status,Follow-up,Appointment
2026-08-10T07:52:18.000Z,00QP500000rfm0hMAA,NL,0127Q000000upr9QAA,Status,New,Mailjourney
2026-08-10T07:50:51.000Z,00QP500000rlYKfMAM,NL,0127Q000000upr9QAA,Status,New,Appointment
2026-08-10T07:50:39.000Z,00QP500000rfJ6QMAU,NL,0127Q000000upr9QAA,Status,New,Not reached
2026-08-10T07:46:56.000Z,00QP500000reNvSMAU,NL,0127Q000000upr9QAA,Status,New,Not Qualified
2026-08-10T07:46:01.000Z,00QP500000rjoesMAA,NL,0127Q000000upr9QAA,Status,New,Not Qualified
2026-08-10T07:45:21.000Z,00QP500000rgDGsMAM,BE,0127Q000000eERIQA2,Status,New,Follow-up
2026-08-10T07:44:23.000Z,00QP500000rg1veMAA,NL,0127Q000000upr9QAA,Status,New,Not reached
2026-08-10T07:43:03.000Z,00QP500000rmPlZMAU,BE,0127Q000000eERIQA2,Status,New,Appointment
2026-08-10T07:42:34.000Z,00QP500000rg0oLMAQ,NL,0127Q000000upr9QAA,Status,New,Not reached
2026-08-10T07:41:33.000Z,00QP500000rlm4HMAQ,NL,0127Q000000upr9QAA,Status,New,Not Qualified
2026-08-10T07:41:09.000Z,00QP500000rg1AuMAI,BE,0127Q000000eERIQA2,Status,New,Follow-up
2026-08-10T07:40:40.000Z,00QP500000re5DtMAI,BE,0127Q000000eERIQA2,Status,New,Appointment
2026-08-10T07:39:49.000Z,00QP500000rji1dMAA,NL,0127Q000000upr9QAA,Status,New,Brochure
2026-08-10T07:38:10.000Z,00QQD00000ARpn32AD,NL,0127Q000000upr9QAA,Status,Not reached,Follow-up
2026-08-10T07:38:02.000Z,00QP500000rmPGvMAM,NL,0127Q000000upr9QAA,Status,New,Appointment
2026-08-10T07:37:59.000Z,00QP500000reBZLMA2,NL,0127Q000000upr9QAA,Status,New,Appointment
2026-08-10T07:36:49.000Z,00QQD00000ARpn32AD,NL,0127Q000000upr9QAA,Status,Not Qualified,Not reached
2026-08-10T07:35:58.000Z,00QQD00000bMvGr2AK,NL,0127Q000000upr9QAA,Status,Lost,Re-entered
2026-08-10T07:34:46.000Z,00QQD00000YwhDt2AJ,NL,0127Q000000upr9QAA,Status,Re-entered,Not reached
2026-08-10T07:33:36.000Z,00QP500000rk8GzMAI,NL,0127Q000000upr9QAA,Status,New,Not Qualified
2026-08-10T07:33:29.000Z,00QQD00000awSiM2AU,NL,0127Q000000upr9QAA,Status,Lost,Not reached
2026-08-10T07:32:33.000Z,00QP500000rgVNXMA2,NL,0127Q000000upr9QAA,Status,New,Lost
2026-08-10T07:32:05.000Z,00QQD00000awSiM2AU,NL,0127Q000000upr9QAA,Status,Re-entered,Lost
2026-08-10T07:32:04.000Z,00QP500000re2FtMAI,NL,0127Q000000upr9QAA,Status,New,Not reached
2026-08-10T07:30:40.000Z,00QP500000rliOsMAI,BE,0127Q000000eERIQA2,Status,New,Not reached
2026-08-10T07:29:11.000Z,00QP500000rfMPRMA2,BE,0127Q000000eERIQA2,Status,New,Not reached
2026-08-10T07:28:16.000Z,00QP500000rlwDJMAY,BE,0127Q000000eERIQA2,Status,New,Follow-up
2026-08-10T07:21:59.000Z,00QP500000rfE3hMAE,BE,0127Q000000eERIQA2,Status,New,Not Qualified
2026-08-10T07:19:59.000Z,00QP500000rebFPMAY,BE,0127Q000000eERIQA2,Status,New,Appointment
2026-08-10T07:17:45.000Z,00QP500000rjiPnMAI,BE,0127Q000000eERIQA2,Status,Brochure,Appointment
2026-08-10T07:13:36.000Z,00QP500000rgXFbMAM,BE,0127Q000000eERIQA2,Status,New,Follow-up
2026-08-10T07:12:48.000Z,00QP500000rdeK1MAI,BE,0127Q000000eERIQA2,Status,Mailjourney,Not Qualified
2026-08-10T07:10:58.000Z,00QP500000rdeK1MAI,BE,0127Q000000eERIQA2,Status,New,Mailjourney
2026-08-10T07:10:32.000Z,00QP500000rdIZhMAM,BE,0127Q000000eERIQA2,Status,New,Appointment
2026-08-10T07:10:29.000Z,00QP500000ri5K5MAI,BE,0127Q000000eERIQA2,Status,New,Not reached
2026-08-10T07:10:15.000Z,00QP500000rdVTjMAM,BE,0127Q000000eERIQA2,Status,New,Follow-up
2026-08-10T07:04:01.000Z,00QP500000rdUe3MAE,BE,0127Q000000eERIQA2,Status,New,Mailjourney
2026-08-10T07:03:00.000Z,00QP500000rjiPnMAI,BE,0127Q000000eERIQA2,Status,New,Brochure
2026-08-10T07:00:57.000Z,00QP500000qPbHmMAK,NL,0127Q000000upr9QAA,Status,Follow-up,Appointment
2026-08-10T06:43:48.000Z,00QP500000rj8z7MAA,NL,0127Q000000upr9QAA,Status,New,Follow-up
2026-08-10T06:36:48.000Z,00QQD00000AQbdc2AD,NL,0127Q000000upr9QAA,Status,Re-entered,Not Qualified
2026-08-10T06:36:12.000Z,00QP500000rjfYWMAY,BE,0127Q000000eERIQA2,Status,New,Mailjourney
2026-08-10T06:33:57.000Z,00QP500000rkBGTMA2,BE,0127Q000000eERIQA2,Status,New,Mailjourney
2026-08-10T06:32:07.000Z,00QP500000qXptuMAC,NL,0127Q000000upr9QAA,Status,Re-entered,Not Qualified
2026-08-10T06:30:53.000Z,00QQD00000ZEzGL2A1,BE,0127Q000000eERIQA2,Status,Re-entered,Not Qualified
2026-08-10T06:28:07.000Z,00QP500000rgmHwMAI,BE,0127Q000000eERIQA2,Status,New,Not Qualified
2026-08-10T06:10:59.000Z,00QQD00000ZGkGS2A1,BE,0127Q000000eERIQA2,Status,Mailjourney,Re-entered
2026-08-10T06:01:47.000Z,00QQD00000clWtZ2AU,FR,012QD000002ylXZYAY,Status,Follow-up,Re-entered
2026-08-10T06:01:47.000Z,00QQD00000ZGCLs2AP,FR,012QD000002ylXZYAY,Status,Mailjourney,Re-entered
2026-08-10T05:51:51.000Z,00QP500000rgBBtMAM,NL,0127Q000000upr9QAA,Status,New,Not Qualified
2026-08-10T05:51:14.000Z,00QP500000rkVByMAM,NL,0127Q000000upr9QAA,Status,New,Not Qualified
2026-08-10T05:50:57.000Z,00QP500000rkXorMAE,NL,0127Q000000upr9QAA,Status,New,Not Qualified
2026-08-10T05:50:36.000Z,00QP500000rjwJ5MAI,NL,0127Q000000upr9QAA,Status,New,Not Qualified
2026-08-10T05:50:16.000Z,00QP500000rgjtUMAQ,NL,0127Q000000upr9QAA,Status,New,Not Qualified
2026-08-10T05:49:55.000Z,00QP500000rgi7pMAA,NL,0127Q000000upr9QAA,Status,New,Not Qualified
2026-08-10T05:49:25.000Z,00QP500000rfiZiMAI,NL,0127Q000000upr9QAA,Status,New,Not Qualified
2026-08-10T05:48:40.000Z,00QP500000rYc19MAC,NL,0127Q000000upr9QAA,Status,Mailjourney,Not Qualified
2026-08-10T05:48:22.000Z,00QP500000rgFx7MAE,NL,0127Q000000upr9QAA,Status,New,Not Qualified
2026-08-10T05:47:17.000Z,00QQD00000Zinor2AB,NL,0127Q000000upr9QAA,Status,Re-entered,Mailjourney
2026-08-10T05:46:39.000Z,00QP500000rgXFcMAM,NL,0127Q000000upr9QAA,Status,New,Not Qualified
2026-08-09T20:44:04.000Z,00QQD00000AQQi72AH,NL,0127Q000000upr9QAA,Status,Mailjourney,Re-entered
2026-08-09T17:44:19.000Z,00QQD00000ThdYV2AZ,NL,0127Q000000upr9QAA,Status,Mailjourney,Re-entered
2026-08-09T17:08:14.000Z,00QP500000rdeTiMAI,BE,0127Q000000eERIQA2,Status,New,Not Qualified
2026-08-09T17:06:52.000Z,00QP500000rjoBuMAI,BE,0127Q000000eERIQA2,Status,New,Not Qualified
2026-08-09T17:05:33.000Z,00QP500000rjsKOMAY,BE,0127Q000000eERIQA2,Status,New,Not Qualified
2026-08-09T16:30:52.000Z,00QQD00000AQ0An2AL,BE,0127Q000000eERIQA2,Status,Mailjourney,Re-entered
2026-08-09T13:43:03.000Z,00QQD00000AQC9k2AH,NL,0127Q000000upr9QAA,Status,Mailjourney,Re-entered
2026-08-09T12:53:17.000Z,00QP500000qXptuMAC,NL,0127Q000000upr9QAA,Status,Not Qualified,Re-entered
2026-08-09T12:08:03.000Z,00QQD00000AQfpP2AT,NL,0127Q000000upr9QAA,Status,Converted Old SF,Re-entered
2026-08-09T12:02:02.000Z,00QQD00000AQ1vW2AT,NL,0127Q000000upr9QAA,Status,Mailjourney,Re-entered
2026-08-09T12:00:14.000Z,00QQD00000AQA9e2AH,NL,0127Q000000upr9QAA,Status,Mailjourney,Re-entered
2026-08-09T10:31:17.000Z,00QQD00000dgxoR2AQ,BE,0127Q000000eERIQA2,Status,Mailjourney,Re-entered
2026-08-09T10:18:04.000Z,00QQD00000awSiM2AU,NL,0127Q000000upr9QAA,Status,Mailjourney,Re-entered
2026-08-09T08:40:53.000Z,00QQD00000AQA6b2AH,NL,0127Q000000upr9QAA,Status,Lost,Mailjourney
2026-08-09T08:10:11.000Z,00QQD00000ZFJkP2AX,BE,0127Q000000eERIQA2,Status,Converted Old SF,Re-entered
2026-08-09T07:27:14.000Z,00QQD00000bSx1V2AS,BE,0127Q000000eERIQA2,Status,Mailjourney,Re-entered
2026-08-09T06:01:53.000Z,00QP500000r3bMOMAY,FR,012QD000002ylXZYAY,Status,New,Mailjourney
2026-08-09T06:01:53.000Z,00QP500000r3bMMMAY,FR,012QD000002ylXZYAY,Status,New,Not Qualified
2026-08-09T06:01:53.000Z,00QP500000r3bMQMAY,FR,012QD000002ylXZYAY,Status,New,Mailjourney
2026-08-09T05:45:08.000Z,00QP500000qKQzjMAG,NL,0127Q000000upr9QAA,Status,Not Qualified,Re-entered
2026-08-09T05:05:25.000Z,00QQD00000ZGivq2AD,BE,0127Q000000eERIQA2,Status,Converted Old SF,Re-entered
2026-08-08T18:47:20.000Z,00QQD00000dDHFt2AO,NL,0127Q000000upr9QAA,Status,Lost,Re-entered
2026-08-08T17:02:04.000Z,00QQD00000cC4mk2AC,NL,0127Q000000upr9QAA,Status,Mailjourney,Re-entered
2026-08-08T14:59:11.000Z,00QP500000rY3wJMAS,NL,0127Q000000upr9QAA,Status,Follow-up,Re-entered
2026-08-08T14:25:54.000Z,00QQD00000Z7ehK2AR,NL,0127Q000000upr9QAA,Status,Mailjourney,Re-entered
2026-08-08T10:29:08.000Z,00QQD00000cNCnN2AW,NL,0127Q000000upr9QAA,Status,Mailjourney,Re-entered
2026-08-08T09:53:49.000Z,00QQD00000YwhDt2AJ,NL,0127Q000000upr9QAA,Status,Mailjourney,Re-entered
2026-08-08T09:02:59.000Z,00QQD00000QOVjd2AH,NL,0127Q000000upr9QAA,Status,Mailjourney,Re-entered
2026-08-08T06:01:51.000Z,00QP500000r0SE6MAM,FR,012QD000002ylXZYAY,Status,New,Follow-up
2026-08-08T06:01:51.000Z,00QP500000r0SDzMAM,FR,012QD000002ylXZYAY,Status,New,Mailjourney
2026-08-08T06:01:51.000Z,00QP500000r0SE8MAM,FR,012QD000002ylXZYAY,Status,New,Mailjourney
2026-08-08T06:01:51.000Z,00QQD00000ZGq7X2AT,IT,012QD000002ylcPYAQ,Status,Not Qualified,Re-entered
2026-08-07T19:27:01.000Z,00QQD00000Zinor2AB,NL,0127Q000000upr9QAA,Status,Mailjourney,Re-entered
2026-08-07T18:10:09.000Z,00QQD00000AQbdc2AD,NL,0127Q000000upr9QAA,Status,Converted Old SF,Re-entered
2026-08-07T17:57:54.000Z,00QQD00000AQQwU2AX,NL,0127Q000000upr9QAA,Status,Mailjourney,Re-entered
2026-08-07T17:10:51.000Z,00QQD00000ZEzGL2A1,BE,0127Q000000eERIQA2,Status,Not Qualified,Re-entered
2026-08-07T17:00:55.000Z,00QQD00000UI6FN2A1,NL,0127Q000000upr9QAA,Status,Mailjourney,Re-entered
2026-08-07T14:55:20.000Z,00QP500000rd5kVMAQ,BE,0127Q000000eERIQA2,Status,New,Follow-up
2026-08-07T14:52:16.000Z,00QP500000rcTnJMAU,NL,0127Q000000upr9QAA,Status,New,Not Qualified
2026-08-07T14:49:20.000Z,00QP500000rcTnIMAU,NL,0127Q000000upr9QAA,Status,Not reached,Follow-up
2026-08-07T14:48:43.000Z,00QP500000rcTnIMAU,NL,0127Q000000upr9QAA,Status,New,Not reached
2026-08-07T14:47:45.000Z,00QP500000rcIIQMA2,BE,0127Q000000eERIQA2,Status,New,Appointment
2026-08-07T14:44:10.000Z,00QP500000rXRvnMAG,BE,0127Q000000eERIQA2,Status,Not reached,Follow-up
2026-08-07T14:39:13.000Z,00QP500000rbz2qMAA,BE,0127Q000000eERIQA2,Status,Not reached,Follow-up
2026-08-07T14:37:29.000Z,00QP500000rcIAOMA2,BE,0127Q000000eERIQA2,Status,Not reached,Follow-up
2026-08-07T14:36:13.000Z,00QP500000rWIucMAG,BE,0127Q000000eERIQA2,Status,Not reached,Follow-up
2026-08-07T14:26:52.000Z,00QP500000rXQV5MAO,BE,0127Q000000eERIQA2,Status,Not reached,Follow-up
2026-08-07T14:17:12.000Z,00QP500000rW6QMMA0,BE,0127Q000000eERIQA2,Status,Not reached,Not Qualified
2026-08-07T14:11:34.000Z,00QQD00000cYKrG2AW,BE,0127Q000000eERIQA2,Status,Follow-up,Mailjourney
2026-08-07T14:09:18.000Z,00QP500000rd5PVMAY,BE,0127Q000000eERIQA2,Status,New,Mailjourney
2026-08-07T14:07:40.000Z,00QQD00000Zxxaz2AB,BE,0127Q000000eERIQA2,Status,Follow-up,Mailjourney
2026-08-07T14:07:20.000Z,00QP500000rcIAOMA2,BE,0127Q000000eERIQA2,Status,New,Not reached
2026-08-07T14:04:56.000Z,00QP500000rcZj2MAE,NL,0127Q000000upr9QAA,Status,New,Appointment
2026-08-07T14:02:57.000Z,00QP500000r8AgSMAU,BE,0127Q000000eERIQA2,Status,Follow-up,Mailjourney
2026-08-07T13:58:56.000Z,00QP500000r6qmzMAA,BE,0127Q000000eERIQA2,Status,Follow-up,Mailjourney
2026-08-07T13:55:13.000Z,00QP500000rcIAPMA2,NL,0127Q000000upr9QAA,Status,New,Mailjourney
2026-08-07T13:50:41.000Z,00QP500000rcuIpMAI,NL,0127Q000000upr9QAA,Status,New,Mailjourney
2026-08-07T13:49:39.000Z,00QP500000rcLuZMAU,NL,0127Q000000upr9QAA,Status,Brochure,Follow-up
2026-08-07T13:48:05.000Z,00QP500000rba2xMAA,NL,0127Q000000upr9QAA,Status,New,Follow-up
2026-08-07T13:47:10.000Z,00QP500000rcuttMAA,NL,0127Q000000upr9QAA,Status,New,Follow-up
2026-08-07T13:45:33.000Z,00QP500000rc3MZMAY,BE,0127Q000000eERIQA2,Status,Follow-up,Appointment
2026-08-07T13:44:02.000Z,00QP500000rclAfMAI,NL,0127Q000000upr9QAA,Status,New,Not Qualified
2026-08-07T13:42:23.000Z,00QQD00000WrIij2AF,NL,0127Q000000upr9QAA,Status,Mailjourney,Appointment
2026-08-07T13:40:17.000Z,00QP500000rcLuZMAU,NL,0127Q000000upr9QAA,Status,New,Brochure
2026-08-07T13:35:11.000Z,00QQD00000AQaOv2AL,NL,0127Q000000upr9QAA,Status,Follow-up,Mailjourney
2026-08-07T13:32:50.000Z,00QP500000rbrosMAA,BE,0127Q000000eERIQA2,Status,Re-entered - Phone Number Changed,Appointment
2026-08-07T13:32:32.000Z,00QP500000r5tnVMAQ,BE,0127Q000000eERIQA2,Status,Follow-up,Mailjourney
2026-08-07T13:32:28.000Z,00QP500000rcieDMAQ,NL,0127Q000000upr9QAA,Status,New,Not Qualified
2026-08-07T13:30:57.000Z,00QP500000r1rF6MAI,NL,0127Q000000upr9QAA,Status,Mailjourney,Appointment
2026-08-07T13:30:56.000Z,00QQD00000AQOGC2A5,NL,0127Q000000upr9QAA,Status,Not reached,Follow-up
2026-08-07T13:30:04.000Z,00QP500000r5BkHMAU,BE,0127Q000000eERIQA2,Status,Follow-up,Not Qualified
2026-08-07T13:30:03.000Z,00QP500000rbhFdMAI,NL,0127Q000000upr9QAA,Status,New,Appointment
2026-08-07T13:28:26.000Z,00QP500000rZhLMMA0,NL,0127Q000000upr9QAA,Status,Not reached,Follow-up
2026-08-07T13:26:39.000Z,00QP500000raRWFMA2,NL,0127Q000000upr9QAA,Status,Not reached,Follow-up
2026-08-07T13:26:10.000Z,00QP500000r57dRMAQ,BE,0127Q000000eERIQA2,Status,Follow-up,Mailjourney
2026-08-07T13:25:02.000Z,00QP500000raWCXMA2,NL,0127Q000000upr9QAA,Status,Not reached,Follow-up
2026-08-07T13:23:37.000Z,00QP500000r3XU3MAM,BE,0127Q000000eERIQA2,Status,Follow-up,Not Qualified
2026-08-07T13:22:31.000Z,00QQD00000dqwPd2AI,NL,0127Q000000upr9QAA,Status,Not reached,Follow-up
2026-08-07T13:19:40.000Z,00QP500000r2HRFMA2,BE,0127Q000000eERIQA2,Status,Follow-up,Mailjourney
2026-08-07T13:19:23.000Z,00QP500000rW7cYMAS,NL,0127Q000000upr9QAA,Status,Not reached,Follow-up
2026-08-07T13:17:16.000Z,00QP500000rRPdNMAW,NL,0127Q000000upr9QAA,Status,Not reached,Follow-up
2026-08-07T13:15:57.000Z,00QP500000rXGvXMAW,NL,0127Q000000upr9QAA,Status,Not reached,Follow-up
2026-08-07T13:09:17.000Z,00QP500000r0CeVMAU,BE,0127Q000000eERIQA2,Status,Follow-up,Mailjourney
2026-08-07T13:07:15.000Z,00QP500000qnmC2MAI,BE,0127Q000000eERIQA2,Status,Follow-up,Mailjourney
2026-08-07T13:06:25.000Z,00QP500000qeHQqMAM,BE,0127Q000000eERIQA2,Status,Follow-up,Mailjourney
2026-08-07T13:04:07.000Z,00QP500000rZEspMAG,NL,0127Q000000upr9QAA,Status,Not reached,Follow-up
2026-08-07T13:03:43.000Z,00QP500000rV7eeMAC,BE,0127Q000000eERIQA2,Status,Not reached,Lost
2026-08-07T13:02:03.000Z,00QP500000rXSgZMAW,NL,0127Q000000upr9QAA,Status,Not reached,Follow-up
2026-08-07T12:57:19.000Z,00QP500000rWCIrMAO,NL,0127Q000000upr9QAA,Status,Not reached,Mailjourney
2026-08-07T12:56:15.000Z,00QP500000rW79VMAS,BE,0127Q000000eERIQA2,Status,Not reached,Mailjourney
2026-08-07T12:56:08.000Z,00QP500000rc9a2MAA,NL,0127Q000000upr9QAA,Status,New,Mailjourney
2026-08-07T12:54:10.000Z,00QP500000rR2AVMA0,BE,0127Q000000eERIQA2,Status,Not reached,Follow-up
2026-08-07T12:53:25.000Z,00QP500000rcbWHMAY,BE,0127Q000000eERIQA2,Status,New,Not reached
2026-08-07T12:50:55.000Z,00QP500000rbcRDMAY,NL,0127Q000000upr9QAA,Status,Not reached,Follow-up
2026-08-07T12:50:33.000Z,00QP500000rYc19MAC,NL,0127Q000000upr9QAA,Status,Follow-up,Mailjourney
2026-08-07T12:49:24.000Z,00QP500000r4iFIMAY,NL,0127Q000000upr9QAA,Status,Follow-up,Mailjourney
2026-08-07T12:49:05.000Z,00QP500000rbkocMAA,NL,0127Q000000upr9QAA,Status,Brochure,Follow-up
2026-08-07T12:48:38.000Z,00QP500000qvEUvMAM,NL,0127Q000000upr9QAA,Status,Follow-up,Mailjourney
2026-08-07T12:48:27.000Z,00QP500000rcaDdMAI,NL,0127Q000000upr9QAA,Status,New,Lost
2026-08-07T12:48:23.000Z,00QP500000qu8wLMAQ,NL,0127Q000000upr9QAA,Status,Follow-up,Mailjourney
2026-08-07T12:47:24.000Z,00QQD00000dyyfZ2AQ,NL,0127Q000000upr9QAA,Status,Follow-up,Mailjourney
2026-08-07T12:47:10.000Z,00QP500000rbrosMAA,BE,0127Q000000eERIQA2,Status,Mailjourney,Re-entered - Phone Number Changed
2026-08-07T12:46:12.000Z,00QQD00000dZYEt2AO,NL,0127Q000000upr9QAA,Status,Follow-up,Mailjourney
2026-08-07T12:45:45.000Z,00QP500000qpLywMAE,NL,0127Q000000upr9QAA,Status,Follow-up,Mailjourney
2026-08-07T12:44:32.000Z,00QP500000rcUmYMAU,BE,0127Q000000eERIQA2,Status,New,Not Qualified
2026-08-07T12:43:32.000Z,00QQD00000cru7p2AA,NL,0127Q000000upr9QAA,Status,Mailjourney,Follow-up
2026-08-07T12:43:31.000Z,00QQD00000Zax8f2AB,BE,0127Q000000eERIQA2,Status,Follow-up,Appointment
2026-08-07T12:42:06.000Z,00QQD00000cru7p2AA,NL,0127Q000000upr9QAA,Status,Follow-up,Mailjourney
2026-08-07T12:42:05.000Z,00QP500000qo6p6MAA,NL,0127Q000000upr9QAA,Status,Follow-up,Mailjourney
2026-08-07T12:41:57.000Z,00QP500000rbkocMAA,NL,0127Q000000upr9QAA,Status,New,Brochure
2026-08-07T12:41:51.000Z,00QP500000rc3MZMAY,BE,0127Q000000eERIQA2,Status,New,Follow-up
2026-08-07T12:40:01.000Z,00QQD00000acZfx2AE,NL,0127Q000000upr9QAA,Status,Not reached,Mailjourney
2026-08-07T12:30:29.000Z,00QP500000rYc19MAC,NL,0127Q000000upr9QAA,Status,Brochure,Follow-up
2026-08-07T12:29:04.000Z,00QP500000rarAYMAY,NL,0127Q000000upr9QAA,Status,Brochure,Mailjourney
2026-08-07T12:28:54.000Z,00QP500000rYc19MAC,NL,0127Q000000upr9QAA,Status,Not reached,Brochure
2026-08-07T12:23:47.000Z,00QP500000raywnMAA,NL,0127Q000000upr9QAA,Status,Not reached,Follow-up
2026-08-07T12:22:26.000Z,00QP500000rZHttMAG,NL,0127Q000000upr9QAA,Status,Not reached,Follow-up
2026-08-07T12:21:43.000Z,00QP500000rbz2qMAA,BE,0127Q000000eERIQA2,Status,New,Not reached
2026-08-07T12:21:14.000Z,00QP500000rc8hCMAQ,BE,0127Q000000eERIQA2,Status,New,Not reached
2026-08-07T12:21:01.000Z,00QP500000rQiQIMA0,NL,0127Q000000upr9QAA,Status,Not reached,Lost
2026-08-07T12:20:50.000Z,00QP500000ray2OMAQ,BE,0127Q000000eERIQA2,Status,New,Not reached
2026-08-07T12:18:08.000Z,00QP500000rbcRDMAY,NL,0127Q000000upr9QAA,Status,New,Not reached
2026-08-07T12:17:13.000Z,00QP500000rbaHOMAY,BE,0127Q000000eERIQA2,Status,New,Not Qualified
2026-08-07T12:16:33.000Z,00QP500000rc3HiMAI,BE,0127Q000000eERIQA2,Status,New,Appointment
2026-08-07T12:15:35.000Z,00QP500000qnYDwMAM,NL,0127Q000000upr9QAA,Status,Follow-up,Appointment
2026-08-07T12:10:51.000Z,00QP500000rcRBxMAM,NL,0127Q000000upr9QAA,Status,New,Appointment
2026-08-07T12:10:17.000Z,00QP500000rbSN1MAM,BE,0127Q000000eERIQA2,Status,New,Follow-up
2026-08-07T12:09:04.000Z,00QP500000rbrosMAA,BE,0127Q000000eERIQA2,Status,New,Mailjourney
2026-08-07T12:08:08.000Z,00QP500000r7z6hMAA,NL,0127Q000000upr9QAA,Status,Follow-up,Mailjourney
2026-08-07T12:00:19.000Z,00QP500000r8C8lMAE,NL,0127Q000000upr9QAA,Status,Follow-up,Lost
2026-08-07T11:59:19.000Z,00QQD00000APyd52AD,NL,0127Q000000upr9QAA,Status,Follow-up,Appointment
2026-08-07T11:56:49.000Z,00QP500000rIu3eMAC,NL,0127Q000000upr9QAA,Status,Not reached,Follow-up
2026-08-07T11:49:35.000Z,00QQD00000dc7A52AI,NL,0127Q000000upr9QAA,Status,Not reached,Follow-up
2026-08-07T11:46:43.000Z,00QP500000rWYZWMA4,NL,0127Q000000upr9QAA,Status,Not reached,Follow-up
2026-08-07T11:46:20.000Z,00QP500000rbmbqMAA,NL,0127Q000000upr9QAA,Status,New,Mailjourney
2026-08-07T11:45:16.000Z,00QP500000rQryDMAS,BE,0127Q000000eERIQA2,Status,Not reached,Follow-up
2026-08-07T11:45:12.000Z,00QP500000rVEcwMAG,NL,0127Q000000upr9QAA,Status,Not reached,Follow-up
2026-08-07T11:44:43.000Z,00QP500000rSTGfMAO,NL,0127Q000000upr9QAA,Status,Not reached,Follow-up
2026-08-07T11:44:02.000Z,00QP500000rSFXEMA4,NL,0127Q000000upr9QAA,Status,Not reached,Follow-up
2026-08-07T11:40:26.000Z,00QP500000rb72dMAA,NL,0127Q000000upr9QAA,Status,New,Appointment
2026-08-07T11:37:57.000Z,00QP500000qm68QMAQ,NL,0127Q000000upr9QAA,Status,Follow-up,Mailjourney
2026-08-07T11:37:01.000Z,00QQD00000cfLqc2AE,BE,0127Q000000eERIQA2,Status,Follow-up,Mailjourney
2026-08-07T11:36:41.000Z,00QP500000qktoMMAQ,NL,0127Q000000upr9QAA,Status,Follow-up,Mailjourney
2026-08-07T11:35:21.000Z,00QP500000qeQxAMAU,NL,0127Q000000upr9QAA,Status,Follow-up,Mailjourney
2026-08-07T11:02:23.000Z,00QP500000rbQwJMAU,NL,0127Q000000upr9QAA,Status,Not reached,Appointment
2026-08-07T11:02:06.000Z,00QP500000prcJbMAI,NL,0127Q000000upr9QAA,Status,Follow-up,Lost
2026-08-07T10:52:15.000Z,00QP500000rbQwJMAU,NL,0127Q000000upr9QAA,Status,New,Not reached
2026-08-07T10:40:01.000Z,00QP500000rbLetMAE,BE,0127Q000000eERIQA2,Status,New,Appointment
2026-08-07T10:35:51.000Z,00QP500000rX4hSMAS,BE,0127Q000000eERIQA2,Status,Follow-up,Appointment
2026-08-07T10:33:14.000Z,00QQD00000JHzXB2A1,NL,0127Q000000upr9QAA,Status,Mailjourney,Appointment
2026-08-07T10:31:59.000Z,00QP500000qFlAMMA0,NL,0127Q000000upr9QAA,Status,Mailjourney,Not Qualified
2026-08-07T10:29:01.000Z,00QP500000qLPK4MAO,NL,0127Q000000upr9QAA,Status,Follow-up,Mailjourney
2026-08-07T10:27:59.000Z,00QQD00000cer2v2AA,BE,0127Q000000eERIQA2,Status,Follow-up,Lost
2026-08-07T10:23:29.000Z,00QP500000qYjWDMA0,NL,0127Q000000upr9QAA,Status,Follow-up,Lost
2026-08-07T10:19:32.000Z,00QP500000rZdKyMAK,NL,0127Q000000upr9QAA,Status,Not reached,Appointment
2026-08-07T10:19:00.000Z,00QP500000qaOAmMAM,NL,0127Q000000upr9QAA,Status,Follow-up,Mailjourney
2026-08-07T10:11:20.000Z,00QP500000rZauyMAC,NL,0127Q000000upr9QAA,Status,New,Follow-up
2026-08-07T10:11:14.000Z,00QP500000qZxLsMAK,NL,0127Q000000upr9QAA,Status,Follow-up,Mailjourney
2026-08-07T10:08:33.000Z,00QQD00000AQOGC2A5,NL,0127Q000000upr9QAA,Status,Re-entered,Not reached
2026-08-07T10:05:57.000Z,00QP500000rarAYMAY,NL,0127Q000000upr9QAA,Status,Mailjourney,Brochure
2026-08-07T10:05:43.000Z,00QP500000rb9YsMAI,BE,0127Q000000eERIQA2,Status,New,Appointment
2026-08-07T10:04:34.000Z,00QP500000rarAYMAY,NL,0127Q000000upr9QAA,Status,New,Mailjourney
2026-08-07T10:04:28.000Z,00QP500000rZYjVMAW,BE,0127Q000000eERIQA2,Status,New,Follow-up
2026-08-07T10:04:12.000Z,00QP500000rainBMAQ,NL,0127Q000000upr9QAA,Status,New,Not Qualified
2026-08-07T10:00:24.000Z,00QP500000rbEGoMAM,BE,0127Q000000eERIQA2,Status,New,Follow-up
2026-08-07T10:00:19.000Z,00QP500000rZhLMMA0,NL,0127Q000000upr9QAA,Status,New,Not reached
2026-08-07T09:57:58.000Z,00QP500000ra9XjMAI,NL,0127Q000000upr9QAA,Status,Not reached,Appointment
2026-08-07T09:57:10.000Z,00QP500000rZouhMAC,NL,0127Q000000upr9QAA,Status,New,Appointment
2026-08-07T09:56:39.000Z,00QP500000r3hrWMAQ,BE,0127Q000000eERIQA2,Status,Follow-up,Appointment
2026-08-07T09:55:19.000Z,00QP500000rRSrJMAW,NL,0127Q000000upr9QAA,Status,Mailjourney,Appointment
2026-08-07T09:49:48.000Z,00QP500000raywnMAA,NL,0127Q000000upr9QAA,Status,New,Not reached
2026-08-07T09:48:48.000Z,00QP500000raidXMAQ,NL,0127Q000000upr9QAA,Status,New,Follow-up
2026-08-07T09:46:55.000Z,00QP500000rbLOkMAM,NL,0127Q000000upr9QAA,Status,New,Appointment
2026-08-07T09:42:25.000Z,00QP500000ram2sMAA,NL,0127Q000000upr9QAA,Status,New,Appointment
2026-08-07T09:40:45.000Z,00QP500000rb2ItMAI,BE,0127Q000000eERIQA2,Status,New,Follow-up
2026-08-07T09:38:32.000Z,00QP500000rZXkBMAW,NL,0127Q000000upr9QAA,Status,New,Appointment
2026-08-07T09:36:40.000Z,00QP500000ra9XjMAI,NL,0127Q000000upr9QAA,Status,New,Not reached
2026-08-07T09:36:14.000Z,00QP500000ra9XjMAI,NL,0127Q000000upr9QAA,Status,Mailjourney,New
2026-08-07T09:34:04.000Z,00QP500000rXVL3MAO,NL,0127Q000000upr9QAA,Status,Brochure,Follow-up
2026-08-07T09:34:04.000Z,00QP500000rZa0TMAS,NL,0127Q000000upr9QAA,Status,Brochure,Follow-up
2026-08-07T09:34:04.000Z,00QP500000rYQeHMAW,NL,0127Q000000upr9QAA,Status,Brochure,Follow-up
2026-08-07T09:34:04.000Z,00QP500000rW9xjMAC,NL,0127Q000000upr9QAA,Status,Brochure,Follow-up
2026-08-07T09:34:04.000Z,00QP500000raLtpMAE,NL,0127Q000000upr9QAA,Status,Brochure,Follow-up
2026-08-07T09:25:33.000Z,00QP500000raENiMAM,BE,0127Q000000eERIQA2,Status,New,Follow-up
2026-08-07T09:25:32.000Z,00QP500000rLoBNMA0,BE,0127Q000000eERIQA2,Status,Follow-up,Appointment
2026-08-07T09:23:33.000Z,00QP500000rZvbDMAS,NL,0127Q000000upr9QAA,Status,New,Appointment
2026-08-07T09:13:14.000Z,00QP500000raRWFMA2,NL,0127Q000000upr9QAA,Status,New,Not reached
2026-08-07T09:11:32.000Z,00QP500000qqjZNMAY,BE,0127Q000000eERIQA2,Status,Follow-up,Mailjourney
2026-08-07T09:10:08.000Z,00QP500000rZhbSMAS,NL,0127Q000000upr9QAA,Status,New,Appointment
2026-08-07T09:08:33.000Z,00QP500000qo92AMAQ,BE,0127Q000000eERIQA2,Status,Follow-up,Mailjourney
2026-08-07T09:07:54.000Z,00QP500000r5E77MAE,BE,0127Q000000eERIQA2,Status,Follow-up,Not Qualified
2026-08-07T09:05:36.000Z,00QP500000r1q2rMAA,BE,0127Q000000eERIQA2,Status,Follow-up,Not Qualified
2026-08-07T09:04:06.000Z,00QP500000raWCXMA2,NL,0127Q000000upr9QAA,Status,New,Not reached
2026-08-07T09:03:09.000Z,00QP500000raD8HMAU,NL,0127Q000000upr9QAA,Status,New,Follow-up
2026-08-07T09:01:38.000Z,00QP500000ra9XjMAI,NL,0127Q000000upr9QAA,Status,New,Mailjourney
2026-08-07T09:00:42.000Z,00QQD00000azen02AA,NL,0127Q000000upr9QAA,Status,Follow-up,Mailjourney
2026-08-07T08:59:14.000Z,00QP500000rZdKyMAK,NL,0127Q000000upr9QAA,Status,New,Not reached
2026-08-07T08:58:13.000Z,00QP500000quBpJMAU,NL,0127Q000000upr9QAA,Status,Follow-up,Mailjourney
2026-08-07T08:57:55.000Z,00QP500000qqQtJMAU,BE,0127Q000000eERIQA2,Status,Follow-up,Lost
2026-08-07T08:57:24.000Z,00QP500000rZbatMAC,NL,0127Q000000upr9QAA,Status,New,Mailjourney
2026-08-07T08:54:07.000Z,00QP500000qVWleMAG,BE,0127Q000000eERIQA2,Status,Follow-up,Mailjourney
2026-08-07T08:53:59.000Z,00QP500000rW9xjMAC,NL,0127Q000000upr9QAA,Status,New,Brochure
2026-08-07T08:51:15.000Z,00QP500000ravCXMAY,NL,0127Q000000upr9QAA,Status,New,Appointment
2026-08-07T08:50:37.000Z,00QP500000rAwc9MAC,NL,0127Q000000upr9QAA,Status,Follow-up,Mailjourney
2026-08-07T08:49:19.000Z,00QP500000qKmTzMAK,BE,0127Q000000eERIQA2,Status,Follow-up,Mailjourney
2026-08-07T08:47:22.000Z,00QP500000rRPDXMA4,BE,0127Q000000eERIQA2,Status,Not reached,Follow-up
2026-08-07T08:45:15.000Z,00QP500000rPJkIMAW,BE,0127Q000000eERIQA2,Status,Not reached,Follow-up
2026-08-07T08:42:00.000Z,00QP500000qAvblMAC,NL,0127Q000000upr9QAA,Status,Follow-up,Lost
2026-08-07T08:39:57.000Z,00QP500000ra3TxMAI,BE,0127Q000000eERIQA2,Status,New,Appointment
2026-08-07T08:39:48.000Z,00QP500000pmuAbMAI,NL,0127Q000000upr9QAA,Status,Follow-up,Mailjourney
2026-08-07T08:31:37.000Z,00QP500000rQjkXMAS,BE,0127Q000000eERIQA2,Status,Not reached,Follow-up
2026-08-07T08:30:06.000Z,00QP500000rWpthMAC,NL,0127Q000000upr9QAA,Status,Not reached,Lost
2026-08-07T08:27:18.000Z,00QP500000rZkB8MAK,NL,0127Q000000upr9QAA,Status,Not reached,Lost
2026-08-07T08:26:37.000Z,00QP500000rYthuMAC,BE,0127Q000000eERIQA2,Status,Not reached,Not Qualified
2026-08-07T08:21:24.000Z,00QQD00000dNs9J2AS,NL,0127Q000000upr9QAA,Status,Not reached,Mailjourney
2026-08-07T08:21:15.000Z,00QP500000rXJbdMAG,NL,0127Q000000upr9QAA,Status,Not reached,Lost
2026-08-07T08:18:04.000Z,00QP500000rW9jCMAS,NL,0127Q000000upr9QAA,Status,Not reached,Appointment
2026-08-07T08:17:33.000Z,00QP500000rVpSlMAK,NL,0127Q000000upr9QAA,Status,Re-entered,Lost
2026-08-07T08:15:10.000Z,00QP500000rXGvXMAW,NL,0127Q000000upr9QAA,Status,New,Not reached
2026-08-07T08:14:31.000Z,00QP500000rZkB8MAK,NL,0127Q000000upr9QAA,Status,New,Not reached
2026-08-07T08:14:23.000Z,00QP500000rXJbdMAG,NL,0127Q000000upr9QAA,Status,New,Not reached
2026-08-07T08:12:04.000Z,00QP500000rZPl0MAG,BE,0127Q000000eERIQA2,Status,New,Not reached
2026-08-07T08:11:08.000Z,00QP500000rWnblMAC,NL,0127Q000000upr9QAA,Status,Not reached,Appointment
2026-08-07T08:09:17.000Z,00QP500000rYQeHMAW,NL,0127Q000000upr9QAA,Status,Not reached,Brochure
2026-08-07T08:08:09.000Z,00QQD00000APx4u2AD,NL,0127Q000000upr9QAA,Status,Not reached,Appointment
2026-08-07T08:06:28.000Z,00QP500000rYPgmMAG,BE,0127Q000000eERIQA2,Status,New,Appointment
2026-08-07T08:05:19.000Z,00QP500000rX9u4MAC,NL,0127Q000000upr9QAA,Status,New,Appointment
2026-08-07T08:04:07.000Z,00QQD00000dc7A52AI,NL,0127Q000000upr9QAA,Status,Re-entered,Not reached
2026-08-07T08:02:33.000Z,00QP500000rXaW2MAK,NL,0127Q000000upr9QAA,Status,New,Lost
2026-08-07T08:00:27.000Z,00QP500000rZEspMAG,NL,0127Q000000upr9QAA,Status,New,Not reached
2026-08-07T07:59:49.000Z,00QP500000rXaW1MAK,NL,0127Q000000upr9QAA,Status,New,Mailjourney
2026-08-07T07:59:43.000Z,00QP500000rY8CkMAK,BE,0127Q000000eERIQA2,Status,New,Follow-up
2026-08-07T07:58:44.000Z,00QQD00000AQ5X32AL,NL,0127Q000000upr9QAA,Status,Re-entered,Mailjourney
2026-08-07T07:58:35.000Z,00QP500000rZ3AvMAK,NL,0127Q000000upr9QAA,Status,New,Mailjourney
2026-08-07T07:58:13.000Z,00QP500000rXVL3MAO,NL,0127Q000000upr9QAA,Status,New,Brochure
2026-08-07T07:55:39.000Z,00QP500000rXy0TMAS,BE,0127Q000000eERIQA2,Status,New,Follow-up
2026-08-07T07:54:10.000Z,00QP500000rXkGsMAK,NL,0127Q000000upr9QAA,Status,New,Follow-up
2026-08-07T07:54:04.000Z,00QQD00000acZfx2AE,NL,0127Q000000upr9QAA,Status,Re-entered,Not reached
2026-08-07T07:51:17.000Z,00QP500000rXSgZMAW,NL,0127Q000000upr9QAA,Status,New,Not reached
2026-08-07T07:51:03.000Z,00QP500000rZkJDMA0,NL,0127Q000000upr9QAA,Status,New,Follow-up
2026-08-07T07:51:01.000Z,00QP500000rXa6DMAS,NL,0127Q000000upr9QAA,Status,New,Mailjourney
2026-08-07T07:50:57.000Z,00QP500000rZa0TMAS,NL,0127Q000000upr9QAA,Status,New,Brochure
2026-08-07T07:49:31.000Z,00QP500000rY2k2MAC,BE,0127Q000000eERIQA2,Status,New,Not reached
2026-08-07T07:49:28.000Z,00QP500000rXHlAMAW,BE,0127Q000000eERIQA2,Status,New,Follow-up
2026-08-07T07:49:15.000Z,00QP500000rX6MjMAK,NL,0127Q000000upr9QAA,Status,New,Follow-up
2026-08-07T07:45:51.000Z,00QP500000rYc19MAC,NL,0127Q000000upr9QAA,Status,New,Not reached
2026-08-07T07:44:33.000Z,00QP500000rYQeHMAW,NL,0127Q000000upr9QAA,Status,New,Not reached
2026-08-07T07:43:27.000Z,00QP500000rZHttMAG,NL,0127Q000000upr9QAA,Status,New,Not reached
2026-08-07T07:42:43.000Z,00QP500000rWkVsMAK,BE,0127Q000000eERIQA2,Status,New,Follow-up
2026-08-07T07:42:27.000Z,00QP500000rY3wJMAS,NL,0127Q000000upr9QAA,Status,New,Follow-up
2026-08-07T07:42:18.000Z,00QP500000rX9ScMAK,NL,0127Q000000upr9QAA,Status,New,Appointment
2026-08-07T07:40:56.000Z,00QP500000raBo1MAE,BE,0127Q000000eERIQA2,Status,New,Appointment
2026-08-07T07:40:14.000Z,00QP500000raLtpMAE,NL,0127Q000000upr9QAA,Status,New,Brochure
2026-08-07T07:38:52.000Z,00QP500000rWuJvMAK,NL,0127Q000000upr9QAA,Status,New,Follow-up
2026-08-07T07:36:39.000Z,00QP500000rYippMAC,BE,0127Q000000eERIQA2,Status,New,Not reached
2026-08-07T07:35:16.000Z,00QP500000rXlHlMAK,NL,0127Q000000upr9QAA,Status,New,Appointment
2026-08-07T07:34:51.000Z,00QP500000raBo2MAE,BE,0127Q000000eERIQA2,Status,New,Not reached
2026-08-07T07:33:35.000Z,00QP500000rWfCsMAK,NL,0127Q000000upr9QAA,Status,Not reached,Mailjourney
2026-08-07T07:33:22.000Z,00QP500000rWIucMAG,BE,0127Q000000eERIQA2,Status,New,Not reached
2026-08-07T07:33:13.000Z,00QP500000rXuXxMAK,BE,0127Q000000eERIQA2,Status,New,Not reached
2026-08-07T07:32:17.000Z,00QP500000rWfCsMAK,NL,0127Q000000upr9QAA,Status,New,Not reached
2026-08-07T07:30:45.000Z,00QP500000rXRvnMAG,BE,0127Q000000eERIQA2,Status,New,Not reached
2026-08-07T07:30:29.000Z,00QP500000rZ2ejMAC,NL,0127Q000000upr9QAA,Status,New,Mailjourney
2026-08-07T07:30:27.000Z,00QP500000rYthuMAC,BE,0127Q000000eERIQA2,Status,New,Not reached
2026-08-07T07:29:25.000Z,00QP500000rYlFlMAK,BE,0127Q000000eERIQA2,Status,New,Not Qualified
2026-08-07T07:28:28.000Z,00QP500000rXQV5MAO,BE,0127Q000000eERIQA2,Status,New,Not reached
2026-08-07T07:26:57.000Z,00QP500000rVpSlMAK,NL,0127Q000000upr9QAA,Status,Not reached,Re-entered
2026-08-07T07:26:24.000Z,00QP500000rXClRMAW,BE,0127Q000000eERIQA2,Status,New,Appointment
2026-08-07T07:25:34.000Z,00QP500000rXrINMA0,BE,0127Q000000eERIQA2,Status,New,Follow-up
2026-08-07T07:18:36.000Z,00QP500000rX9vgMAC,BE,0127Q000000eERIQA2,Status,New,Not reached
2026-08-07T07:16:29.000Z,00QP500000rX4hSMAS,BE,0127Q000000eERIQA2,Status,New,Follow-up
2026-08-07T07:15:32.000Z,00QP500000ra4Y1MAI,BE,0127Q000000eERIQA2,Status,New,Not reached
2026-08-07T07:05:16.000Z,00QP500000rN14vMAC,NL,0127Q000000upr9QAA,Status,Mailjourney,Lost
2026-08-07T06:58:27.000Z,00QP500000rT12DMAS,NL,0127Q000000upr9QAA,Status,Not reached,Lost
2026-08-07T06:49:20.000Z,00QP500000rZkawMAC,NL,0127Q000000upr9QAA,Status,New,Appointment
2026-08-07T06:38:20.000Z,00QP500000rZnycMAC,NL,0127Q000000upr9QAA,Status,New,Lost
2026-08-07T06:22:14.000Z,00QP500000qCbOMMA0,NL,0127Q000000upr9QAA,Status,Mailjourney,Appointment
2026-08-07T06:01:54.000Z,00QP500000qrArLMAU,FR,012QD000002ylXZYAY,Status,New,Mailjourney
2026-08-07T06:01:54.000Z,00QP500000qrArKMAU,FR,012QD000002ylXZYAY,Status,New,Follow-up
2026-08-07T06:01:54.000Z,00QQD00000ZGzwP2AT,IT,012QD000002ylcPYAQ,Status,Lost,Re-entered
2026-08-07T05:58:06.000Z,00QQD00000acZfx2AE,NL,0127Q000000upr9QAA,Status,Mailjourney,Re-entered
2026-08-07T05:30:51.000Z,00QQD00000NPvCL2A1,NL,0127Q000000upr9QAA,Status,Lost,Mailjourney
2026-08-07T05:24:16.000Z,00QP500000r7z6hMAA,NL,0127Q000000upr9QAA,Status,Not reached,Follow-up
2026-08-07T03:44:05.000Z,00QQD00000AQOGC2A5,NL,0127Q000000upr9QAA,Status,Converted Old SF,Re-entered
2026-08-06T20:05:26.000Z,00QQD00000AQ5X32AL,NL,0127Q000000upr9QAA,Status,Not Qualified,Re-entered
2026-08-06T15:29:06.000Z,00QQD00000dc7A52AI,NL,0127Q000000upr9QAA,Status,Mailjourney,Re-entered
2026-08-06T15:00:02.000Z,00QP500000rW4LMMA0,BE,0127Q000000eERIQA2,Status,New,Not Qualified
2026-08-06T14:52:38.000Z,00QP500000rWYZWMA4,NL,0127Q000000upr9QAA,Status,New,Not reached
2026-08-06T14:51:32.000Z,00QP500000rUw1iMAC,NL,0127Q000000upr9QAA,Status,Mailjourney,Appointment
2026-08-06T14:48:25.000Z,00QP500000rVX65MAG,NL,0127Q000000upr9QAA,Status,New,Follow-up
2026-08-06T14:43:16.000Z,00QP500000rWHIhMAO,NL,0127Q000000upr9QAA,Status,New,Appointment
2026-08-06T14:42:48.000Z,00QQD00000dA51c2AC,BE,0127Q000000eERIQA2,Status,Follow-up,Appointment
2026-08-06T14:33:10.000Z,00QP500000rW6QMMA0,BE,0127Q000000eERIQA2,Status,New,Not reached
2026-08-06T14:29:04.000Z,00QP500000rWomLMAS,BE,0127Q000000eERIQA2,Status,Not reached,Follow-up
2026-08-06T14:27:10.000Z,00QP500000rWbu1MAC,NL,0127Q000000upr9QAA,Status,New,Appointment
2026-08-06T14:25:07.000Z,00QP500000rWpthMAC,NL,0127Q000000upr9QAA,Status,New,Not reached
2026-08-06T14:22:20.000Z,00QQD00000dj2f72AA,NL,0127Q000000upr9QAA,Status,Follow-up,Lost
2026-08-06T14:20:02.000Z,00QP500000rUhFXMA0,BE,0127Q000000eERIQA2,Status,Not reached,Appointment
2026-08-06T14:17:30.000Z,00QQD00000ZGkQO2A1,BE,0127Q000000eERIQA2,Status,Re-entered,Follow-up
2026-08-06T14:13:40.000Z,00QP500000rWnblMAC,NL,0127Q000000upr9QAA,Status,New,Not reached
2026-08-06T14:09:35.000Z,00QQD00000e3RRF2A2,NL,0127Q000000upr9QAA,Status,Follow-up,Mailjourney
2026-08-06T14:07:52.000Z,00QP500000rWomLMAS,BE,0127Q000000eERIQA2,Status,New,Not reached
2026-08-06T14:03:55.000Z,00QQD00000ZFNDW2A5,BE,0127Q000000eERIQA2,Status,Follow-up,Not Qualified
2026-08-06T14:03:49.000Z,00QQD00000dEhGN2A0,NL,0127Q000000upr9QAA,Status,Follow-up,Mailjourney
2026-08-06T14:00:27.000Z,00QQD00000ZFNDW2A5,BE,0127Q000000eERIQA2,Status,Re-entered,Follow-up
2026-08-06T13:59:43.000Z,00QP500000rWZqXMAW,NL,0127Q000000upr9QAA,Status,Not reached,Appointment
2026-08-06T13:59:10.000Z,00QP500000rWidhMAC,BE,0127Q000000eERIQA2,Status,New,Not Qualified
2026-08-06T13:55:09.000Z,00QP500000r3l0qMAA,NL,0127Q000000upr9QAA,Status,Not reached,Mailjourney
2026-08-06T13:54:56.000Z,00QP500000r3l0qMAA,NL,0127Q000000upr9QAA,Status,Re-entered,Not reached
2026-08-06T13:52:20.000Z,00QP500000qg6ZNMAY,NL,0127Q000000upr9QAA,Status,Re-entered - Phone Number Changed,Appointment
2026-08-06T13:50:04.000Z,00QP500000rW7r3MAC,NL,0127Q000000upr9QAA,Status,New,Lost
2026-08-06T13:49:04.000Z,00QP500000qkJT8MAM,NL,0127Q000000upr9QAA,Status,Re-entered,Follow-up
2026-08-06T13:41:57.000Z,00QP500000rW7cYMAS,NL,0127Q000000upr9QAA,Status,New,Not reached
2026-08-06T13:36:13.000Z,00QQD00000HJnss2AD,NL,0127Q000000upr9QAA,Status,Re-entered,Lost
2026-08-06T13:36:07.000Z,00QP500000rVdkxMAC,BE,0127Q000000eERIQA2,Status,New,Not Qualified
2026-08-06T13:34:33.000Z,00QP500000rQ2fZMAS,NL,0127Q000000upr9QAA,Status,Not reached,Appointment
2026-08-06T13:33:02.000Z,00QP500000rW8dSMAS,NL,0127Q000000upr9QAA,Status,Brochure,Follow-up
2026-08-06T13:31:52.000Z,00QP500000rWBmbMAG,NL,0127Q000000upr9QAA,Status,Not Qualified,Lost
2026-08-06T13:30:44.000Z,00QP500000rWBmbMAG,NL,0127Q000000upr9QAA,Status,Re-entered - Phone Number Changed,Not Qualified
2026-08-06T13:29:56.000Z,00QP500000rVeifMAC,BE,0127Q000000eERIQA2,Status,New,Appointment
2026-08-06T13:29:32.000Z,00QP500000rVmhnMAC,NL,0127Q000000upr9QAA,Status,New,Mailjourney
2026-08-06T13:27:54.000Z,00QP500000rW8dSMAS,NL,0127Q000000upr9QAA,Status,New,Brochure
2026-08-06T13:25:03.000Z,00QP500000rOk9jMAC,NL,0127Q000000upr9QAA,Status,Brochure,Follow-up
2026-08-06T13:24:13.000Z,00QP500000rVz78MAC,NL,0127Q000000upr9QAA,Status,New,Appointment
2026-08-06T13:23:47.000Z,00QP500000rQjkYMAS,BE,0127Q000000eERIQA2,Status,Not reached,Appointment
2026-08-06T13:22:12.000Z,00QP500000rWZqXMAW,NL,0127Q000000upr9QAA,Status,New,Not reached
2026-08-06T13:21:14.000Z,00QP500000rWBmbMAG,NL,0127Q000000upr9QAA,Status,Not reached,Re-entered - Phone Number Changed
2026-08-06T13:17:05.000Z,00QP500000rW1nGMAS,NL,0127Q000000upr9QAA,Status,Not reached,Appointment
2026-08-06T13:17:02.000Z,00QP500000rV7efMAC,NL,0127Q000000upr9QAA,Status,New,Appointment
2026-08-06T13:10:41.000Z,00QP500000rWCynMAG,BE,0127Q000000eERIQA2,Status,New,Not Qualified
2026-08-06T13:09:46.000Z,00QQD00000d98zD2AQ,NL,0127Q000000upr9QAA,Status,Follow-up,Lost
2026-08-06T13:08:49.000Z,00QP500000rVnfSMAS,NL,0127Q000000upr9QAA,Status,New,Appointment
2026-08-06T13:06:13.000Z,00QP500000rWEPWMA4,NL,0127Q000000upr9QAA,Status,New,Follow-up
2026-08-06T13:02:05.000Z,00QP500000rW9jCMAS,NL,0127Q000000upr9QAA,Status,New,Not reached
2026-08-06T13:00:14.000Z,00QP500000rWBmbMAG,NL,0127Q000000upr9QAA,Status,New,Not reached
2026-08-06T12:58:41.000Z,00QP500000rWPHhMAO,NL,0127Q000000upr9QAA,Status,New,Appointment
2026-08-06T12:58:01.000Z,00QP500000rVpSlMAK,NL,0127Q000000upr9QAA,Status,New,Not reached
2026-08-06T12:57:11.000Z,00QQD00000ZFNDW2A5,BE,0127Q000000eERIQA2,Status,Not Qualified,Re-entered
2026-08-06T12:55:56.000Z,00QP500000rVEcwMAG,NL,0127Q000000upr9QAA,Status,New,Not reached
2026-08-06T12:53:19.000Z,00QQD00000APx4u2AD,NL,0127Q000000upr9QAA,Status,Re-entered,Not reached
2026-08-06T12:53:15.000Z,00QP500000rW1nGMAS,NL,0127Q000000upr9QAA,Status,New,Not reached
2026-08-06T12:51:34.000Z,00QP500000rUV4kMAG,NL,0127Q000000upr9QAA,Status,New,Not Qualified
2026-08-06T12:50:41.000Z,00QP500000rVfmlMAC,NL,0127Q000000upr9QAA,Status,New,Appointment
2026-08-06T12:50:27.000Z,00QP500000rVCo3MAG,BE,0127Q000000eERIQA2,Status,New,Follow-up
2026-08-06T12:48:44.000Z,00QP500000rUhFXMA0,BE,0127Q000000eERIQA2,Status,New,Not reached
2026-08-06T12:47:21.000Z,00QP500000rWJiXMAW,NL,0127Q000000upr9QAA,Status,New,Mailjourney
2026-08-06T12:44:24.000Z,00QP500000rVHRLMA4,BE,0127Q000000eERIQA2,Status,New,Not Qualified
2026-08-06T12:43:34.000Z,00QP500000rV7eeMAC,BE,0127Q000000eERIQA2,Status,New,Not reached
2026-08-06T12:42:46.000Z,00QP500000rUeBIMA0,NL,0127Q000000upr9QAA,Status,Not reached,Appointment
2026-08-06T12:40:03.000Z,00QP500000rUw1iMAC,NL,0127Q000000upr9QAA,Status,New,Mailjourney
2026-08-06T12:39:31.000Z,00QP500000rWAqXMAW,NL,0127Q000000upr9QAA,Status,New,Appointment
2026-08-06T12:37:28.000Z,00QP500000rVsKDMA0,NL,0127Q000000upr9QAA,Status,New,Not Qualified
2026-08-06T12:34:16.000Z,00QP500000rVwPPMA0,NL,0127Q000000upr9QAA,Status,New,Mailjourney
2026-08-06T12:33:40.000Z,00QP500000rW79VMAS,BE,0127Q000000eERIQA2,Status,New,Not reached
2026-08-06T12:33:35.000Z,00QP500000qajDbMAI,NL,0127Q000000upr9QAA,Status,Follow-up,Lost
2026-08-06T12:32:47.000Z,00QP500000rVTdaMAG,NL,0127Q000000upr9QAA,Status,New,Mailjourney
2026-08-06T12:31:18.000Z,00QP500000rWCIrMAO,NL,0127Q000000upr9QAA,Status,New,Not reached
2026-08-06T12:29:43.000Z,00QP500000rOk9jMAC,NL,0127Q000000upr9QAA,Status,Not reached,Brochure
2026-08-06T12:27:54.000Z,00QP500000rQ7ljMAC,BE,0127Q000000eERIQA2,Status,Not reached,Not Qualified
2026-08-06T12:26:36.000Z,00QP500000qaP0LMAU,BE,0127Q000000eERIQA2,Status,Follow-up,Mailjourney
2026-08-06T12:26:33.000Z,00QP500000rUeBIMA0,NL,0127Q000000upr9QAA,Status,New,Not reached
2026-08-06T12:26:05.000Z,00QQD00000APx4u2AD,NL,0127Q000000upr9QAA,Status,Lost,Re-entered
2026-08-06T12:25:21.000Z,00QQD00000dqwPd2AI,NL,0127Q000000upr9QAA,Status,Re-entered,Not reached
2026-08-06T12:25:05.000Z,00QP500000rVbZTMA0,BE,0127Q000000eERIQA2,Status,New,Follow-up
2026-08-06T12:23:51.000Z,00QQD00000CP6jF2AT,NL,0127Q000000upr9QAA,Status,Not reached,Appointment
2026-08-06T12:23:05.000Z,00QP500000rLwDmMAK,NL,0127Q000000upr9QAA,Status,Not reached,Follow-up
2026-08-06T12:22:55.000Z,00QQD00000HJnss2AD,NL,0127Q000000upr9QAA,Status,Mailjourney,Re-entered
2026-08-06T12:22:39.000Z,00QP500000rVU6YMAW,NL,0127Q000000upr9QAA,Status,New,Not Qualified
2026-08-06T12:22:09.000Z,00QP500000qXMlYMAW,NL,0127Q000000upr9QAA,Status,Follow-up,Mailjourney
2026-08-06T12:21:51.000Z,00QP500000rNJTGMA4,NL,0127Q000000upr9QAA,Status,Not reached,Lost
2026-08-06T12:20:15.000Z,00QP500000qW302MAC,NL,0127Q000000upr9QAA,Status,Follow-up,Mailjourney
2026-08-06T12:19:51.000Z,00QQD00000ZGkQO2A1,BE,0127Q000000eERIQA2,Status,Not Qualified,Re-entered
2026-08-06T12:19:34.000Z,00QP500000rN14vMAC,NL,0127Q000000upr9QAA,Status,Not reached,Mailjourney
2026-08-06T12:19:34.000Z,00QP500000rP1aIMAS,NL,0127Q000000upr9QAA,Status,Not reached,Lost
2026-08-06T12:17:32.000Z,00QQD00000dqwPd2AI,NL,0127Q000000upr9QAA,Status,Lost,Re-entered
2026-08-06T12:11:55.000Z,00QP500000qkJT8MAM,NL,0127Q000000upr9QAA,Status,Follow-up,Re-entered
2026-08-06T12:10:01.000Z,00QP500000rJK9RMAW,NL,0127Q000000upr9QAA,Status,Not reached,Mailjourney
2026-08-06T12:08:21.000Z,00QP500000rOa3sMAC,NL,0127Q000000upr9QAA,Status,Not reached,Follow-up
2026-08-06T12:05:42.000Z,00QP500000rVzWvMAK,NL,0127Q000000upr9QAA,Status,New,Not Qualified
2026-08-06T12:05:26.000Z,00QP500000rRSrJMAW,NL,0127Q000000upr9QAA,Status,Not reached,Mailjourney
2026-08-06T12:03:33.000Z,00QP500000rUwGBMA0,NL,0127Q000000upr9QAA,Status,New,Appointment
2026-08-06T11:58:28.000Z,00QQD00000AQhia2AD,NL,0127Q000000upr9QAA,Status,Re-entered,Follow-up
2026-08-06T11:58:18.000Z,00QQD00000dHEsw2AG,NL,0127Q000000upr9QAA,Status,Mailjourney,Appointment
2026-08-06T11:57:25.000Z,00QQD00000diPib2AE,NL,0127Q000000upr9QAA,Status,Follow-up,Mailjourney
2026-08-06T11:56:12.000Z,00QP500000qkWn3MAE,NL,0127Q000000upr9QAA,Status,Follow-up,Mailjourney
2026-08-06T11:55:20.000Z,00QP500000rV06rMAC,NL,0127Q000000upr9QAA,Status,Re-entered,Mailjourney
2026-08-06T11:52:54.000Z,00QQD00000ZH11P2AT,BE,0127Q000000eERIQA2,Status,Follow-up,Mailjourney
2026-08-06T11:50:11.000Z,00QP500000r0UMEMA2,BE,0127Q000000eERIQA2,Status,Follow-up,Mailjourney
2026-08-06T11:49:10.000Z,00QP500000r3l0qMAA,NL,0127Q000000upr9QAA,Status,Mailjourney,Re-entered
2026-08-06T11:43:25.000Z,00QP500000qnqkJMAQ,BE,0127Q000000eERIQA2,Status,Follow-up,Appointment
2026-08-06T11:43:16.000Z,00QP500000qCbOMMA0,NL,0127Q000000upr9QAA,Status,Follow-up,Mailjourney
2026-08-06T11:39:23.000Z,00QQD00000e0MJF2A2,NL,0127Q000000upr9QAA,Status,Follow-up,Mailjourney
2026-08-06T11:33:16.000Z,00QP500000rP6WlMAK,BE,0127Q000000eERIQA2,Status,Not reached,Mailjourney
2026-08-06T11:10:22.000Z,00QP500000qg6ZNMAY,NL,0127Q000000upr9QAA,Status,Mailjourney,Re-entered - Phone Number Changed
2026-08-06T11:08:22.000Z,00QQD00000AQaf12AD,NL,0127Q000000upr9QAA,Status,Follow-up,Appointment
2026-08-06T11:07:19.000Z,00QP500000rVAXgMAO,NL,0127Q000000upr9QAA,Status,New,Not Qualified
2026-08-06T10:21:05.000Z,00QQD00000dzeN42AI,NL,0127Q000000upr9QAA,Status,Follow-up,Mailjourney
2026-08-06T10:16:51.000Z,00QQD00000dww6n2AA,NL,0127Q000000upr9QAA,Status,Follow-up,Not Qualified
2026-08-06T10:10:27.000Z,00QP500000r0eocMAA,BE,0127Q000000eERIQA2,Status,Not reached,Not Qualified
2026-08-06T10:10:07.000Z,00QQD00000SeR7p2AF,NL,0127Q000000upr9QAA,Status,Re-entered,Lost
2026-08-06T10:10:02.000Z,00QP500000qXpPLMA0,NL,0127Q000000upr9QAA,Status,Follow-up,Mailjourney
2026-08-06T10:08:02.000Z,00QP500000qBdTBMA0,NL,0127Q000000upr9QAA,Status,Follow-up,Mailjourney
2026-08-06T10:03:24.000Z,00QP500000q4HXOMA2,NL,0127Q000000upr9QAA,Status,Follow-up,Mailjourney
2026-08-06T10:01:25.000Z,00QP500000pyz04MAA,NL,0127Q000000upr9QAA,Status,Follow-up,Mailjourney
2026-08-06T10:01:00.000Z,00QP500000rV06rMAC,NL,0127Q000000upr9QAA,Status,Mailjourney,Re-entered
2026-08-06T09:59:00.000Z,00QQD00000dgwSX2AY,NL,0127Q000000upr9QAA,Status,Follow-up,Mailjourney
2026-08-06T09:57:35.000Z,00QP500000r0eocMAA,BE,0127Q000000eERIQA2,Status,Follow-up,Not reached
2026-08-06T09:56:37.000Z,00QP500000qVs9SMAS,BE,0127Q000000eERIQA2,Status,Follow-up,Lost
2026-08-06T09:52:00.000Z,00QP500000qWkZhMAK,BE,0127Q000000eERIQA2,Status,Follow-up,Mailjourney
2026-08-06T09:50:42.000Z,00QP500000qkfQQMAY,BE,0127Q000000eERIQA2,Status,Follow-up,Mailjourney
2026-08-06T09:45:23.000Z,00QQD00000dRM7d2AG,NL,0127Q000000upr9QAA,Status,Follow-up,Not Qualified
2026-08-06T09:43:10.000Z,00QP500000rE3fSMAS,NL,0127Q000000upr9QAA,Status,Follow-up,Mailjourney
2026-08-06T09:42:15.000Z,00QP500000rDyawMAC,NL,0127Q000000upr9QAA,Status,Follow-up,Mailjourney
2026-08-06T09:42:07.000Z,00QP500000qfnQDMAY,NL,0127Q000000upr9QAA,Status,Follow-up,Mailjourney
2026-08-06T09:41:57.000Z,00QP500000rT8VAMA0,NL,0127Q000000upr9QAA,Status,Not reached,Not Qualified
2026-08-06T09:40:38.000Z,00QP500000r0ea9MAA,NL,0127Q000000upr9QAA,Status,Follow-up,Mailjourney
2026-08-06T09:39:40.000Z,00QP500000rTQf0MAG,NL,0127Q000000upr9QAA,Status,Brochure,Follow-up
2026-08-06T09:39:40.000Z,00QP500000rUjArMAK,NL,0127Q000000upr9QAA,Status,Brochure,Follow-up
2026-08-06T09:39:40.000Z,00QP500000rT3LqMAK,NL,0127Q000000upr9QAA,Status,Brochure,Follow-up
2026-08-06T09:38:53.000Z,00QP500000rUlHVMA0,NL,0127Q000000upr9QAA,Status,New,Not Qualified
2026-08-06T09:38:21.000Z,00QP500000rT8VAMA0,NL,0127Q000000upr9QAA,Status,New,Not reached
2026-08-06T09:35:19.000Z,00QP500000rUjArMAK,NL,0127Q000000upr9QAA,Status,New,Brochure
2026-08-06T09:33:31.000Z,00QP500000rQqCYMA0,BE,0127Q000000eERIQA2,Status,Follow-up,Appointment
2026-08-06T09:30:05.000Z,00QQD00000djjdd2AA,NL,0127Q000000upr9QAA,Status,Follow-up,Mailjourney
2026-08-06T09:28:54.000Z,00QP500000qa98UMAQ,NL,0127Q000000upr9QAA,Status,Follow-up,Mailjourney
2026-08-06T09:26:03.000Z,00QQD00000SeR7p2AF,NL,0127Q000000upr9QAA,Status,Lost,Re-entered
2026-08-06T09:25:51.000Z,00QP500000qWwvnMAC,NL,0127Q000000upr9QAA,Status,Follow-up,Mailjourney
2026-08-06T09:20:41.000Z,00QP500000rT9xTMAS,NL,0127Q000000upr9QAA,Status,Not reached,Appointment
2026-08-06T09:19:44.000Z,00QP500000rP1GxMAK,NL,0127Q000000upr9QAA,Status,Follow-up,Appointment
2026-08-06T09:15:46.000Z,00QP500000qlkazMAA,NL,0127Q000000upr9QAA,Status,Follow-up,Lost
2026-08-06T09:15:31.000Z,00QP500000qdQMUMA2,BE,0127Q000000eERIQA2,Status,Follow-up,Appointment
2026-08-06T09:08:40.000Z,00QQD00000AQBht2AH,NL,0127Q000000upr9QAA,Status,Follow-up,Mailjourney
2026-08-06T09:06:59.000Z,00QP500000qqmx3MAA,BE,0127Q000000eERIQA2,Status,Mailjourney,Follow-up
2026-08-06T09:06:27.000Z,00QP500000qqmx3MAA,BE,0127Q000000eERIQA2,Status,Follow-up,Mailjourney
2026-08-06T09:03:57.000Z,00QP500000qg6ZNMAY,NL,0127Q000000upr9QAA,Status,Follow-up,Mailjourney
2026-08-06T09:01:46.000Z,00QP500000qg2QtMAI,NL,0127Q000000upr9QAA,Status,Follow-up,Mailjourney
2026-08-06T09:00:35.000Z,00QP500000qdcnUMAQ,NL,0127Q000000upr9QAA,Status,Follow-up,Mailjourney
2026-08-06T09:00:17.000Z,00QP500000qVBMDMA4,NL,0127Q000000upr9QAA,Status,Follow-up,Appointment
2026-08-06T08:58:43.000Z,00QP500000pmuiUMAQ,NL,0127Q000000upr9QAA,Status,Follow-up,Mailjourney
2026-08-06T08:57:22.000Z,00QP500000rT12DMAS,NL,0127Q000000upr9QAA,Status,New,Not reached
2026-08-06T08:57:18.000Z,00QP500000rTiYcMAK,NL,0127Q000000upr9QAA,Status,New,Not Qualified
2026-08-06T08:53:48.000Z,00QP500000qsk39MAA,BE,0127Q000000eERIQA2,Status,Follow-up,Mailjourney
2026-08-06T08:52:32.000Z,00QP500000rTMxtMAG,NL,0127Q000000upr9QAA,Status,New,Mailjourney
2026-08-06T08:52:04.000Z,00QP500000qOCV7MAO,NL,0127Q000000upr9QAA,Status,Follow-up,Mailjourney
2026-08-06T08:50:49.000Z,00QP500000phv5iMAA,BE,0127Q000000eERIQA2,Status,Follow-up,Mailjourney
2026-08-06T08:50:20.000Z,00QP500000rTQf0MAG,NL,0127Q000000upr9QAA,Status,New,Brochure
2026-08-06T08:46:32.000Z,00QP500000rSeQbMAK,NL,0127Q000000upr9QAA,Status,New,Follow-up
2026-08-06T08:46:28.000Z,00QQD00000APwMr2AL,NL,0127Q000000upr9QAA,Status,Not reached,Follow-up
2026-08-06T08:45:17.000Z,00QP500000qGkAcMAK,NL,0127Q000000upr9QAA,Status,Follow-up,Mailjourney
2026-08-06T08:43:36.000Z,00QP500000q6EtfMAE,NL,0127Q000000upr9QAA,Status,Follow-up,Mailjourney
2026-08-06T08:41:09.000Z,00QP500000q5ly2MAA,NL,0127Q000000upr9QAA,Status,Follow-up,Lost
2026-08-06T08:37:54.000Z,00QQD00000dxJcs2AE,BE,0127Q000000eERIQA2,Status,Follow-up,Not Qualified
2026-08-06T08:37:29.000Z,00QP500000rIXa8MAG,NL,0127Q000000upr9QAA,Status,Not reached,Appointment
2026-08-06T08:35:50.000Z,00QQD00000AQOrS2AX,NL,0127Q000000upr9QAA,Status,Re-entered,Appointment
2026-08-06T08:31:48.000Z,00QQD00000AQhia2AD,NL,0127Q000000upr9QAA,Status,Converted Old SF,Re-entered
2026-08-06T08:29:10.000Z,00QQD00000dO8Sf2AK,BE,0127Q000000eERIQA2,Status,Follow-up,Mailjourney
2026-08-06T08:29:01.000Z,00QP500000rIxhRMAS,NL,0127Q000000upr9QAA,Status,Not reached,Follow-up
2026-08-06T08:28:00.000Z,00QP500000qrPYbMAM,BE,0127Q000000eERIQA2,Status,Follow-up,Mailjourney
2026-08-06T08:26:34.000Z,00QP500000qnwY1MAI,BE,0127Q000000eERIQA2,Status,Follow-up,Mailjourney
2026-08-06T08:26:30.000Z,00QP500000rIqG9MAK,NL,0127Q000000upr9QAA,Status,Not reached,Lost
2026-08-06T08:25:06.000Z,00QP500000rJkiAMAS,BE,0127Q000000eERIQA2,Status,Not reached,Follow-up
2026-08-06T08:24:46.000Z,00QP500000qjvdiMAA,BE,0127Q000000eERIQA2,Status,Follow-up,Not Qualified
2026-08-06T08:24:14.000Z,00QP500000qpSynMAE,BE,0127Q000000eERIQA2,Status,Follow-up,Mailjourney
2026-08-06T08:23:39.000Z,00QP500000r7z6hMAA,NL,0127Q000000upr9QAA,Status,Re-entered,Not reached
2026-08-06T08:22:06.000Z,00QP500000qZtTYMA0,BE,0127Q000000eERIQA2,Status,Follow-up,Mailjourney
2026-08-06T08:20:56.000Z,00QP500000rRI2NMAW,BE,0127Q000000eERIQA2,Status,New,Not Qualified
2026-08-06T08:20:51.000Z,00QP500000rQWvOMAW,NL,0127Q000000upr9QAA,Status,Not reached,Lost
2026-08-06T08:20:22.000Z,00QP500000qhKC1MAM,BE,0127Q000000eERIQA2,Status,Follow-up,Mailjourney
2026-08-06T08:19:31.000Z,00QP500000qV94PMAS,BE,0127Q000000eERIQA2,Status,Follow-up,Mailjourney
2026-08-06T08:18:38.000Z,00QP500000rR2AVMA0,BE,0127Q000000eERIQA2,Status,New,Not reached
2026-08-06T08:17:55.000Z,00QP500000rQqCYMA0,BE,0127Q000000eERIQA2,Status,New,Follow-up
2026-08-06T08:17:15.000Z,00QP500000qHPFPMA4,BE,0127Q000000eERIQA2,Status,Follow-up,Mailjourney
2026-08-06T08:13:37.000Z,00QP500000rCvgjMAC,BE,0127Q000000eERIQA2,Status,Not reached,Follow-up
2026-08-06T08:12:35.000Z,00QP500000rSTGfMAO,NL,0127Q000000upr9QAA,Status,New,Not reached
2026-08-06T08:11:24.000Z,00QQD00000ZGfBk2AL,BE,0127Q000000eERIQA2,Status,Re-entered,Mailjourney
2026-08-06T08:11:11.000Z,00QP500000rT9xTMAS,NL,0127Q000000upr9QAA,Status,New,Not reached
2026-08-06T08:10:55.000Z,00QP500000rQUjuMAG,NL,0127Q000000upr9QAA,Status,New,Not Qualified
2026-08-06T08:10:50.000Z,00QP500000rSFXEMA4,NL,0127Q000000upr9QAA,Status,New,Not reached
2026-08-06T08:10:10.000Z,00QP500000rIwAIMA0,NL,0127Q000000upr9QAA,Status,Not reached,Follow-up
2026-08-06T08:09:07.000Z,00QP500000rQR7kMAG,NL,0127Q000000upr9QAA,Status,New,Mailjourney
2026-08-06T08:08:05.000Z,00QP500000rR3T8MAK,NL,0127Q000000upr9QAA,Status,New,Follow-up
2026-08-06T08:07:27.000Z,00QP500000rRO7lMAG,NL,0127Q000000upr9QAA,Status,New,Mailjourney
2026-08-06T08:06:28.000Z,00QP500000rQM81MAG,NL,0127Q000000upr9QAA,Status,New,Follow-up
2026-08-06T08:06:23.000Z,00QP500000rQWvOMAW,NL,0127Q000000upr9QAA,Status,New,Not reached
2026-08-06T08:05:33.000Z,00QP500000rRekZMAS,NL,0127Q000000upr9QAA,Status,New,Appointment
2026-08-06T08:04:07.000Z,00QP500000rNHMbMAO,BE,0127Q000000eERIQA2,Status,Not reached,Mailjourney
2026-08-06T08:00:43.000Z,00QP500000rQlUbMAK,NL,0127Q000000upr9QAA,Status,Not reached,Mailjourney
2026-08-06T07:59:57.000Z,00QP500000rR19aMAC,NL,0127Q000000upr9QAA,Status,New,Appointment
2026-08-06T07:59:41.000Z,00QP500000rF0h7MAC,NL,0127Q000000upr9QAA,Status,Mailjourney,Appointment
2026-08-06T07:59:28.000Z,00QP500000rQKr0MAG,BE,0127Q000000eERIQA2,Status,Not reached,Follow-up
2026-08-06T07:58:13.000Z,00QP500000rQhafMAC,NL,0127Q000000upr9QAA,Status,New,Appointment
2026-08-06T07:57:23.000Z,00QQD00000ZFkdM2AT,BE,0127Q000000eERIQA2,Status,Re-entered,Follow-up
2026-08-06T07:56:22.000Z,00QP500000rQjkXMAS,BE,0127Q000000eERIQA2,Status,New,Not reached
2026-08-06T07:56:16.000Z,00QP500000rRSrJMAW,NL,0127Q000000upr9QAA,Status,New,Not reached
2026-08-06T07:54:57.000Z,00QP500000rRPdNMAW,NL,0127Q000000upr9QAA,Status,New,Not reached
2026-08-06T07:54:49.000Z,00QP500000rQlUbMAK,NL,0127Q000000upr9QAA,Status,New,Not reached
2026-08-06T07:54:10.000Z,00QP500000rRPDVMA4,NL,0127Q000000upr9QAA,Status,New,Not Qualified
2026-08-06T07:52:03.000Z,00QP500000rQzcRMAS,NL,0127Q000000upr9QAA,Status,New,Mailjourney
2026-08-06T07:50:16.000Z,00QP500000rQ5C8MAK,NL,0127Q000000upr9QAA,Status,New,Appointment
2026-08-06T07:49:51.000Z,00QP500000rQzcQMAS,NL,0127Q000000upr9QAA,Status,New,Appointment
2026-08-06T07:48:45.000Z,00QP500000rTKfxMAG,BE,0127Q000000eERIQA2,Status,New,Appointment
2026-08-06T07:48:14.000Z,00QP500000rQiZyMAK,BE,0127Q000000eERIQA2,Status,New,Appointment
2026-08-06T07:44:33.000Z,00QP500000rT3LqMAK,NL,0127Q000000upr9QAA,Status,New,Brochure
2026-08-06T07:41:19.000Z,00QP500000rQiQIMA0,NL,0127Q000000upr9QAA,Status,New,Not reached
2026-08-06T07:38:43.000Z,00QP500000rQds3MAC,BE,0127Q000000eERIQA2,Status,New,Not Qualified
2026-08-06T07:38:31.000Z,00QP500000rSr2rMAC,BE,0127Q000000eERIQA2,Status,New,Not Qualified
2026-08-06T07:38:01.000Z,00QP500000rNO6QMAW,NL,0127Q000000upr9QAA,Status,Not reached,Appointment
2026-08-06T07:36:30.000Z,00QP500000rTHRxMAO,BE,0127Q000000eERIQA2,Status,New,Appointment
2026-08-06T07:35:59.000Z,00QP500000rTUx4MAG,NL,0127Q000000upr9QAA,Status,New,Appointment
2026-08-06T07:35:11.000Z,00QP500000rQKr0MAG,BE,0127Q000000eERIQA2,Status,New,Not reached
2026-08-06T07:30:41.000Z,00QP500000rLBGTMA4,NL,0127Q000000upr9QAA,Status,Not reached,Follow-up
2026-08-06T07:30:30.000Z,00QP500000rQDnuMAG,BE,0127Q000000eERIQA2,Status,New,Appointment
2026-08-06T07:26:03.000Z,00QP500000rSUCjMAO,BE,0127Q000000eERIQA2,Status,New,Appointment
2026-08-06T07:20:11.000Z,00QP500000rQryDMAS,BE,0127Q000000eERIQA2,Status,New,Not reached
2026-08-06T07:15:33.000Z,00QQD00000ZFWNi2AP,BE,0127Q000000eERIQA2,Status,Not Qualified,Appointment
2026-08-06T07:12:55.000Z,00QP500000rQjkYMAS,BE,0127Q000000eERIQA2,Status,New,Not reached
2026-08-06T07:12:28.000Z,00QP500000rRRVSMA4,BE,0127Q000000eERIQA2,Status,New,Not Qualified
2026-08-06T07:06:35.000Z,00QP500000rRPDXMA4,BE,0127Q000000eERIQA2,Status,New,Not reached
2026-08-06T06:49:58.000Z,00QP500000rP6dJMAS,NL,0127Q000000upr9QAA,Status,Brochure,Appointment
2026-08-06T06:03:03.000Z,00QQD00000ZGQ102AH,FR,012QD000002ylXZYAY,Status,Mailjourney,Re-entered
2026-08-06T06:03:03.000Z,00QP500000pnSSgMAM,FR,012QD000002ylXZYAY,Status,New,Re-entered
2026-08-06T05:45:13.000Z,00QQD00000AQOrS2AX,NL,0127Q000000upr9QAA,Status,Mailjourney,Re-entered
2026-08-06T05:26:59.000Z,00QQD00000ZFkdM2AT,BE,0127Q000000eERIQA2,Status,Mailjourney,Re-entered
2026-08-06T04:43:35.000Z,00QP500000rRPDWMA4,NL,0127Q000000upr9QAA,Status,New,Not Qualified
2026-08-05T19:58:59.000Z,00QQD00000ZGfBk2AL,BE,0127Q000000eERIQA2,Status,Converted Old SF,Re-entered
2026-08-05T17:22:12.000Z,00QP500000r7z6hMAA,NL,0127Q000000upr9QAA,Status,Follow-up,Re-entered
2026-08-05T14:50:08.000Z,00QQD00000dLRbR2AW,BE,0127Q000000eERIQA2,Status,Follow-up,Mailjourney
2026-08-05T14:49:57.000Z,00QQD00000ZGG4y2AH,BE,0127Q000000eERIQA2,Status,Re-entered,Mailjourney
2026-08-05T14:49:12.000Z,00QP500000rOiHaMAK,NL,0127Q000000upr9QAA,Status,Re-entered - Phone Number Changed,Appointment
2026-08-05T14:47:57.000Z,00QP500000rQ7ljMAC,BE,0127Q000000eERIQA2,Status,New,Not reached
2026-08-05T14:42:12.000Z,00QP500000rQ2fZMAS,NL,0127Q000000upr9QAA,Status,New,Not reached
2026-08-05T14:41:00.000Z,00QQD00000ZGG4y2AH,BE,0127Q000000eERIQA2,Status,Mailjourney,Re-entered
2026-08-05T14:40:29.000Z,00QP500000rOiHaMAK,NL,0127Q000000upr9QAA,Status,Mailjourney,Re-entered - Phone Number Changed
2026-08-05T14:39:53.000Z,00QP500000rESUAMA4,BE,0127Q000000eERIQA2,Status,Follow-up,Appointment
2026-08-05T14:30:44.000Z,00QP500000rGfgnMAC,NL,0127Q000000upr9QAA,Status,Follow-up,Appointment
2026-08-05T14:30:17.000Z,00QP500000rPzL7MAK,NL,0127Q000000upr9QAA,Status,New,Appointment
2026-08-05T14:26:04.000Z,00QQD00000ZH11c2AD,BE,0127Q000000eERIQA2,Status,Mailjourney,Not Qualified
2026-08-05T14:25:31.000Z,00QP500000rP4A1MAK,NL,0127Q000000upr9QAA,Status,New,Follow-up
2026-08-05T14:24:34.000Z,00QP500000rP1GxMAK,NL,0127Q000000upr9QAA,Status,New,Follow-up
2026-08-05T14:24:19.000Z,00QP500000rP6dJMAS,NL,0127Q000000upr9QAA,Status,New,Brochure
2026-08-05T14:24:00.000Z,00QQD00000dB8rq2AC,BE,0127Q000000eERIQA2,Status,Re-entered,Not Qualified
2026-08-05T14:23:41.000Z,00QQD00000Zx3P72AJ,BE,0127Q000000eERIQA2,Status,Follow-up,Appointment
2026-08-05T14:20:32.000Z,00QP500000rPJkIMAW,BE,0127Q000000eERIQA2,Status,New,Not reached
2026-08-05T14:12:57.000Z,00QQD00000dB8rq2AC,BE,0127Q000000eERIQA2,Status,Not Qualified,Re-entered
2026-08-05T14:08:12.000Z,00QQD00000AQ1ee2AD,NL,0127Q000000upr9QAA,Status,Re-entered,Appointment
2026-08-05T14:07:14.000Z,00QQD00000c2dH92AI,NL,0127Q000000upr9QAA,Status,Mailjourney,Not Qualified
2026-08-05T14:05:39.000Z,00QP500000qqwA2MAI,BE,0127Q000000eERIQA2,Status,Follow-up,Appointment
2026-08-05T14:04:54.000Z,00QP500000rOk9jMAC,NL,0127Q000000upr9QAA,Status,New,Not reached
2026-08-05T14:01:01.000Z,00QP500000rNJTHMA4,NL,0127Q000000upr9QAA,Status,Not reached,Mailjourney
2026-08-05T14:00:36.000Z,00QP500000rP6dIMAS,NL,0127Q000000upr9QAA,Status,New,Not Qualified
2026-08-05T13:59:09.000Z,00QP500000rOiHaMAK,NL,0127Q000000upr9QAA,Status,Not reached,Mailjourney
2026-08-05T13:58:35.000Z,00QP500000rOiHaMAK,NL,0127Q000000upr9QAA,Status,New,Not reached
2026-08-05T13:55:38.000Z,00QP500000rHsQTMA0,NL,0127Q000000upr9QAA,Status,Not reached,Lost
2026-08-05T13:54:25.000Z,00QP500000rFzb5MAC,NL,0127Q000000upr9QAA,Status,Not reached,Lost
2026-08-05T13:51:57.000Z,00QP500000rLl5SMAS,NL,0127Q000000upr9QAA,Status,Not reached,Mailjourney
2026-08-05T13:50:05.000Z,00QQD00000AQ1ee2AD,NL,0127Q000000upr9QAA,Status,Lost,Re-entered
2026-08-05T13:47:20.000Z,00QP500000rP7r4MAC,NL,0127Q000000upr9QAA,Status,New,Follow-up
2026-08-05T13:40:58.000Z,00QP500000rPT3XMAW,NL,0127Q000000upr9QAA,Status,New,Follow-up
2026-08-05T13:29:14.000Z,00QP500000rIpYbMAK,NL,0127Q000000upr9QAA,Status,Not reached,Appointment
2026-08-05T13:21:09.000Z,00QQD00000dCELh2AO,NL,0127Q000000upr9QAA,Status,Mailjourney,Appointment
2026-08-05T13:20:52.000Z,00QP500000qChfzMAC,NL,0127Q000000upr9QAA,Status,Mailjourney,Lost
2026-08-05T13:19:14.000Z,00QQD00000dmjHJ2AY,BE,0127Q000000eERIQA2,Status,Re-entered,Mailjourney
2026-08-05T13:18:34.000Z,00QQD00000TlXvt2AF,NL,0127Q000000upr9QAA,Status,Re-entered,Follow-up
2026-08-05T13:17:25.000Z,00QP500000rHlGwMAK,NL,0127Q000000upr9QAA,Status,Brochure,Follow-up
2026-08-05T13:16:43.000Z,00QP500000rLvpbMAC,NL,0127Q000000upr9QAA,Status,Brochure,Mailjourney
2026-08-05T13:16:08.000Z,00QP500000rNWdNMAW,NL,0127Q000000upr9QAA,Status,Brochure,Follow-up
2026-08-05T13:16:08.000Z,00QP500000rPDmjMAG,NL,0127Q000000upr9QAA,Status,Brochure,Follow-up
2026-08-05T13:16:08.000Z,00QP500000rPJP7MAO,NL,0127Q000000upr9QAA,Status,Brochure,Follow-up
2026-08-05T13:16:08.000Z,00QP500000rK3xsMAC,NL,0127Q000000upr9QAA,Status,Brochure,Follow-up
2026-08-05T13:16:08.000Z,00QP500000rO6iWMAS,NL,0127Q000000upr9QAA,Status,Brochure,Follow-up
2026-08-05T13:15:53.000Z,00QP500000rPHrxMAG,NL,0127Q000000upr9QAA,Status,New,Not Qualified
2026-08-05T13:14:30.000Z,00QP500000rP8wjMAC,NL,0127Q000000upr9QAA,Status,New,Mailjourney
2026-08-05T13:13:41.000Z,00QP500000r508yMAA,BE,0127Q000000eERIQA2,Status,Follow-up,Mailjourney
2026-08-05T13:12:56.000Z,00QP500000rP1aIMAS,NL,0127Q000000upr9QAA,Status,New,Not reached
2026-08-05T13:12:32.000Z,00QP500000qrAHtMAM,BE,0127Q000000eERIQA2,Status,Not reached,Mailjourney
2026-08-05T13:10:21.000Z,00QP500000rOzYWMA0,NL,0127Q000000upr9QAA,Status,New,Appointment
2026-08-05T13:09:56.000Z,00QP500000rOSG0MAO,NL,0127Q000000upr9QAA,Status,New,Appointment
2026-08-05T13:08:25.000Z,00QP500000qrAHtMAM,BE,0127Q000000eERIQA2,Status,Follow-up,Not reached
2026-08-05T13:07:31.000Z,00QP500000qov5BMAQ,BE,0127Q000000eERIQA2,Status,Follow-up,Mailjourney
2026-08-05T13:02:50.000Z,00QP500000qnCGbMAM,BE,0127Q000000eERIQA2,Status,Follow-up,Mailjourney
2026-08-05T13:02:05.000Z,00QQD00000c8TWn2AM,BE,0127Q000000eERIQA2,Status,Follow-up,Mailjourney
2026-08-05T13:02:04.000Z,00QP500000qiqg5MAA,BE,0127Q000000eERIQA2,Status,Follow-up,Mailjourney
2026-08-05T13:01:00.000Z,00QQD00000dmjHJ2AY,BE,0127Q000000eERIQA2,Status,Mailjourney,Re-entered
2026-08-05T12:58:29.000Z,00QP500000rOa3sMAC,NL,0127Q000000upr9QAA,Status,New,Not reached
2026-08-05T12:58:15.000Z,00QP500000qZWDbMAO,BE,0127Q000000eERIQA2,Status,Follow-up,Mailjourney
2026-08-05T12:54:59.000Z,00QP500000rP6WlMAK,BE,0127Q000000eERIQA2,Status,New,Not reached
2026-08-05T12:54:55.000Z,00QP500000rOa3rMAC,NL,0127Q000000upr9QAA,Status,New,Appointment
2026-08-05T12:54:34.000Z,00QP500000rNv0hMAC,NL,0127Q000000upr9QAA,Status,New,Follow-up
2026-08-05T12:48:41.000Z,00QP500000rOyRAMA0,NL,0127Q000000upr9QAA,Status,New,Not Qualified
2026-08-05T12:48:41.000Z,00QP500000rK3xsMAC,NL,0127Q000000upr9QAA,Status,Not reached,Brochure
2026-08-05T12:48:23.000Z,00QP500000rOSG1MAO,NL,0127Q000000upr9QAA,Status,New,Lost
2026-08-05T12:47:23.000Z,00QP500000qEUujMAG,NL,0127Q000000upr9QAA,Status,Follow-up,Appointment
2026-08-05T12:47:06.000Z,00QP500000rOzWrMAK,NL,0127Q000000upr9QAA,Status,New,Appointment
2026-08-05T12:41:56.000Z,00QP500000rHxA2MAK,NL,0127Q000000upr9QAA,Status,Not reached,Lost
2026-08-05T12:40:37.000Z,00QP500000rHlGwMAK,NL,0127Q000000upr9QAA,Status,Not reached,Brochure
2026-08-05T12:39:09.000Z,00QP500000rO8NkMAK,BE,0127Q000000eERIQA2,Status,Not reached,Follow-up
2026-08-05T12:38:01.000Z,00QP500000rLvpbMAC,NL,0127Q000000upr9QAA,Status,Not reached,Brochure
2026-08-05T12:36:37.000Z,00QP500000rJc9VMAS,NL,0127Q000000upr9QAA,Status,Not reached,Appointment
2026-08-05T12:34:34.000Z,00QP500000rPJP7MAO,NL,0127Q000000upr9QAA,Status,New,Brochure
2026-08-05T12:29:31.000Z,00QP500000rGfgnMAC,NL,0127Q000000upr9QAA,Status,Not reached,Follow-up
2026-08-05T12:28:08.000Z,00QP500000quxM6MAI,NL,0127Q000000upr9QAA,Status,Mailjourney,Appointment
2026-08-05T12:27:48.000Z,00QP500000rEp2dMAC,BE,0127Q000000eERIQA2,Status,Not reached,Follow-up
2026-08-05T12:26:19.000Z,00QP500000rNz5xMAC,NL,0127Q000000upr9QAA,Status,New,Appointment
2026-08-05T12:25:06.000Z,00QP500000rO6iWMAS,NL,0127Q000000upr9QAA,Status,New,Brochure
2026-08-05T12:23:53.000Z,00QP500000rHsQUMA0,NL,0127Q000000upr9QAA,Status,Not reached,Follow-up
2026-08-05T12:22:16.000Z,00QP500000rAIExMAO,BE,0127Q000000eERIQA2,Status,Not reached,Follow-up
2026-08-05T12:18:22.000Z,00QP500000rMSyPMAW,BE,0127Q000000eERIQA2,Status,New,Follow-up
2026-08-05T12:18:16.000Z,00QP500000rNnxcMAC,NL,0127Q000000upr9QAA,Status,New,Appointment
2026-08-05T12:16:49.000Z,00QP500000rPDmjMAG,NL,0127Q000000upr9QAA,Status,New,Brochure
2026-08-05T12:16:19.000Z,00QQD00000CP6jF2AT,NL,0127Q000000upr9QAA,Status,Re-entered,Not reached
2026-08-05T12:14:39.000Z,00QP500000rGYLmMAO,NL,0127Q000000upr9QAA,Status,Not reached,Lost
2026-08-05T12:13:10.000Z,00QP500000rBSSHMA4,NL,0127Q000000upr9QAA,Status,Not reached,Follow-up
2026-08-05T11:59:25.000Z,00QP500000rNO6QMAW,NL,0127Q000000upr9QAA,Status,New,Not reached
2026-08-05T11:59:14.000Z,00QP500000rO3IKMA0,BE,0127Q000000eERIQA2,Status,New,Not Qualified
2026-08-05T11:58:58.000Z,00QP500000rO3IJMA0,BE,0127Q000000eERIQA2,Status,New,Not Qualified
2026-08-05T11:55:51.000Z,00QQD00000CP6jF2AT,NL,0127Q000000upr9QAA,Status,Mailjourney,Re-entered
2026-08-05T11:55:09.000Z,00QQD00000bw6UM2AY,NL,0127Q000000upr9QAA,Status,Re-entered,Mailjourney
2026-08-05T11:46:06.000Z,00QQD00000clSkX2AU,BE,0127Q000000eERIQA2,Status,Follow-up,Lost
2026-08-05T11:44:28.000Z,00QQD00000bgK0D2AU,NL,0127Q000000upr9QAA,Status,Follow-up,Lost
2026-08-05T11:42:01.000Z,00QP500000qChfzMAC,NL,0127Q000000upr9QAA,Status,Follow-up,Mailjourney
2026-08-05T11:40:18.000Z,00QQD00000dwdde2AA,BE,0127Q000000eERIQA2,Status,Follow-up,Mailjourney
2026-08-05T11:38:35.000Z,00QQD00000dqxK62AI,BE,0127Q000000eERIQA2,Status,Follow-up,Mailjourney
2026-08-05T11:36:22.000Z,00QP500000rNmiCMAS,NL,0127Q000000upr9QAA,Status,New,Mailjourney
2026-08-05T11:35:30.000Z,00QP500000rNzKRMA0,NL,0127Q000000upr9QAA,Status,New,Not Qualified
2026-08-05T11:34:33.000Z,00QP500000rNuhPMAS,BE,0127Q000000eERIQA2,Status,New,Not Qualified
2026-08-05T11:33:12.000Z,00QQD00000ZH1i32AD,BE,0127Q000000eERIQA2,Status,Follow-up,Mailjourney
2026-08-05T11:32:30.000Z,00QQD00000ZGsHv2AL,BE,0127Q000000eERIQA2,Status,Follow-up,Mailjourney
2026-08-05T11:31:01.000Z,00QQD00000ZGBNJ2A5,BE,0127Q000000eERIQA2,Status,Follow-up,Mailjourney
2026-08-05T11:30:25.000Z,00QP500000qb6zlMAA,BE,0127Q000000eERIQA2,Status,Follow-up,Mailjourney
2026-08-05T11:24:47.000Z,00QP500000qZdNBMA0,BE,0127Q000000eERIQA2,Status,Follow-up,Mailjourney
2026-08-05T11:24:06.000Z,00QQD00000TlXvt2AF,NL,0127Q000000upr9QAA,Status,Lost,Re-entered
2026-08-05T11:23:01.000Z,00QQD00000bw6UM2AY,NL,0127Q000000upr9QAA,Status,Mailjourney,Re-entered
2026-08-05T11:19:52.000Z,00QP500000rO8NkMAK,BE,0127Q000000eERIQA2,Status,New,Not reached
2026-08-05T11:11:10.000Z,00QP500000rO2obMAC,BE,0127Q000000eERIQA2,Status,New,Appointment
2026-08-05T11:06:02.000Z,00QP500000qBGraMAG,BE,0127Q000000eERIQA2,Status,Follow-up,Appointment
2026-08-05T10:38:54.000Z,00QP500000rH9wcMAC,NL,0127Q000000upr9QAA,Status,Re-entered - Phone Number Changed,Appointment
2026-08-05T10:36:47.000Z,00QP500000rMN5wMAG,NL,0127Q000000upr9QAA,Status,New,Appointment
2026-08-05T10:29:47.000Z,00QP500000rNgsrMAC,NL,0127Q000000upr9QAA,Status,New,Mailjourney
2026-08-05T10:29:25.000Z,00QP500000rMNnUMAW,BE,0127Q000000eERIQA2,Status,New,Follow-up
2026-08-05T10:26:47.000Z,00QQD00000cA6HZ2A0,NL,0127Q000000upr9QAA,Status,Re-entered - Phone Number Changed,Appointment
2026-08-05T10:24:41.000Z,00QP500000rNXxeMAG,NL,0127Q000000upr9QAA,Status,New,Follow-up
2026-08-05T10:22:22.000Z,00QP500000rNJTHMA4,NL,0127Q000000upr9QAA,Status,New,Not reached
2026-08-05T10:13:19.000Z,00QP500000rNDJ2MAO,BE,0127Q000000eERIQA2,Status,New,Appointment
2026-08-05T10:11:15.000Z,00QP500000rNuNxMAK,BE,0127Q000000eERIQA2,Status,New,Appointment
2026-08-05T10:08:18.000Z,00QP500000rMZwfMAG,BE,0127Q000000eERIQA2,Status,Not reached,Appointment
2026-08-05T10:07:56.000Z,00QP500000rMcjGMAS,NL,0127Q000000upr9QAA,Status,New,Appointment
2026-08-05T10:04:22.000Z,00QP500000rNu1NMAS,BE,0127Q000000eERIQA2,Status,New,Mailjourney
2026-08-05T10:03:47.000Z,00QP500000rNdQLMA0,NL,0127Q000000upr9QAA,Status,New,Follow-up
2026-08-05T10:00:05.000Z,00QP500000rLwDmMAK,NL,0127Q000000upr9QAA,Status,New,Not reached
2026-08-05T09:54:49.000Z,00QP500000rNWdNMAW,NL,0127Q000000upr9QAA,Status,New,Brochure
2026-08-05T09:45:15.000Z,00QP500000rNJTGMA4,NL,0127Q000000upr9QAA,Status,New,Not reached
2026-08-05T09:42:01.000Z,00QP500000rNFxVMAW,BE,0127Q000000eERIQA2,Status,New,Mailjourney
2026-08-05T09:41:58.000Z,00QP500000rLKV5MAO,NL,0127Q000000upr9QAA,Status,Not reached,Follow-up
2026-08-05T09:41:18.000Z,00QQD00000ZGeUn2AL,BE,0127Q000000eERIQA2,Status,Re-entered,Not Qualified
2026-08-05T09:38:58.000Z,00QQD00000cIHxN2AW,NL,0127Q000000upr9QAA,Status,Follow-up,Mailjourney
2026-08-05T09:37:37.000Z,00QP500000r130bMAA,NL,0127Q000000upr9QAA,Status,Re-entered,Mailjourney
2026-08-05T09:34:02.000Z,00QQD00000CGAyz2AH,NL,0127Q000000upr9QAA,Status,Follow-up,Mailjourney
2026-08-05T09:29:32.000Z,00QP500000rGkhwMAC,NL,0127Q000000upr9QAA,Status,Brochure,Follow-up
2026-08-05T09:29:32.000Z,00QP500000rJZtBMAW,NL,0127Q000000upr9QAA,Status,Brochure,Follow-up
2026-08-05T09:29:32.000Z,00QP500000rFUs5MAG,NL,0127Q000000upr9QAA,Status,Brochure,Follow-up
2026-08-05T09:29:32.000Z,00QP500000rIuV3MAK,NL,0127Q000000upr9QAA,Status,Brochure,Follow-up
2026-08-05T09:29:32.000Z,00QP500000rIqCyMAK,NL,0127Q000000upr9QAA,Status,Brochure,Follow-up
2026-08-05T09:29:32.000Z,00QP500000rGx8tMAC,NL,0127Q000000upr9QAA,Status,Brochure,Follow-up
2026-08-05T09:29:05.000Z,00QP500000r130bMAA,NL,0127Q000000upr9QAA,Status,Mailjourney,Re-entered
2026-08-05T09:24:27.000Z,00QP500000rM0T4MAK,BE,0127Q000000eERIQA2,Status,New,Appointment
2026-08-05T09:19:41.000Z,00QP500000qXvmSMAS,BE,0127Q000000eERIQA2,Status,Follow-up,Mailjourney
2026-08-05T09:18:03.000Z,00QP500000qLozzMAC,BE,0127Q000000eERIQA2,Status,Follow-up,Mailjourney
2026-08-05T09:15:22.000Z,00QP500000qHjpHMAS,BE,0127Q000000eERIQA2,Status,Follow-up,Mailjourney
2026-08-05T09:13:12.000Z,00QP500000qHFCpMAO,BE,0127Q000000eERIQA2,Status,Follow-up,Mailjourney
2026-08-05T09:11:05.000Z,00QP500000qFNfwMAG,BE,0127Q000000eERIQA2,Status,Follow-up,Not Qualified
2026-08-05T09:09:01.000Z,00QP500000qRjCoMAK,NL,0127Q000000upr9QAA,Status,Follow-up,Mailjourney
2026-08-05T09:09:00.000Z,00QP500000rMgAFMA0,NL,0127Q000000upr9QAA,Status,New,Appointment
2026-08-05T09:07:58.000Z,00QP500000rMEYzMAO,BE,0127Q000000eERIQA2,Status,New,Appointment
2026-08-05T09:06:07.000Z,00QQD00000ZGeUn2AL,BE,0127Q000000eERIQA2,Status,Converted Old SF,Re-entered
2026-08-05T09:04:57.000Z,00QQD00000dN0tj2AC,NL,0127Q000000upr9QAA,Status,Mailjourney,Not Qualified
2026-08-05T09:02:16.000Z,00QP500000rNHMbMAO,BE,0127Q000000eERIQA2,Status,New,Not reached
2026-08-05T08:58:43.000Z,00QP500000qKD6SMAW,NL,0127Q000000upr9QAA,Status,Follow-up,Appointment
2026-08-05T08:52:32.000Z,00QP500000rIdNmMAK,NL,0127Q000000upr9QAA,Status,New,Appointment
2026-08-05T08:52:00.000Z,00QP500000rMsfxMAC,NL,0127Q000000upr9QAA,Status,New,Appointment
2026-08-05T08:50:23.000Z,00QQD00000djYWw2AM,NL,0127Q000000upr9QAA,Status,Follow-up,Lost
2026-08-05T08:43:20.000Z,00QP500000rLvpbMAC,NL,0127Q000000upr9QAA,Status,New,Not reached
2026-08-05T08:42:29.000Z,00QP500000rN14vMAC,NL,0127Q000000upr9QAA,Status,New,Not reached
2026-08-05T08:40:05.000Z,00QP500000rFnRiMAK,BE,0127Q000000eERIQA2,Status,Not reached,Appointment
2026-08-05T08:37:49.000Z,00QQD00000BulxB2AR,NL,0127Q000000upr9QAA,Status,Re-entered,Mailjourney
2026-08-05T08:35:07.000Z,00QP500000rE8s2MAC,BE,0127Q000000eERIQA2,Status,Not reached,Not Qualified
2026-08-05T08:33:03.000Z,00QP500000rGhNYMA0,NL,0127Q000000upr9QAA,Status,Mailjourney,Not Qualified
2026-08-05T08:31:19.000Z,00QP500000rBtM1MAK,BE,0127Q000000eERIQA2,Status,Not reached,Follow-up
2026-08-05T08:29:58.000Z,00QQD00000BulxB2AR,NL,0127Q000000upr9QAA,Status,Mailjourney,Re-entered
2026-08-05T08:28:19.000Z,00QP500000rEK6oMAG,NL,0127Q000000upr9QAA,Status,Not reached,Follow-up
2026-08-05T08:23:00.000Z,00QP500000rEfWQMA0,BE,0127Q000000eERIQA2,Status,Not reached,Not Qualified
2026-08-05T08:21:19.000Z,00QP500000rDTdcMAG,BE,0127Q000000eERIQA2,Status,Not reached,Mailjourney
2026-08-05T08:20:10.000Z,00QP500000qXMgaMAG,NL,0127Q000000upr9QAA,Status,Follow-up,Mailjourney
2026-08-05T08:17:17.000Z,00QP500000rBIuMMAW,NL,0127Q000000upr9QAA,Status,Not reached,Appointment
2026-08-05T08:16:54.000Z,00QP500000rMXMzMAO,BE,0127Q000000eERIQA2,Status,Not reached,Appointment
2026-08-05T08:16:18.000Z,00QP500000rK9obMAC,NL,0127Q000000upr9QAA,Status,New,Mailjourney
2026-08-05T08:09:10.000Z,00QP500000rFUs5MAG,NL,0127Q000000upr9QAA,Status,Not reached,Brochure
2026-08-05T08:08:33.000Z,00QQD00000dNs9J2AS,NL,0127Q000000upr9QAA,Status,Re-entered,Not reached
2026-08-05T08:06:52.000Z,00QP500000rLnaHMAS,NL,0127Q000000upr9QAA,Status,Not reached,Mailjourney
2026-08-05T08:06:27.000Z,00QP500000rLnaHMAS,NL,0127Q000000upr9QAA,Status,New,Not reached
2026-08-05T08:06:01.000Z,00QQD00000BEMdR2AX,NL,0127Q000000upr9QAA,Status,Not reached,Mailjourney
2026-08-05T08:02:51.000Z,00QP500000rK2vBMAS,NL,0127Q000000upr9QAA,Status,Not reached,Lost
2026-08-05T08:00:58.000Z,00QP500000rMEVdMAO,NL,0127Q000000upr9QAA,Status,New,Appointment
2026-08-05T08:00:11.000Z,00QP500000rIPj0MAG,NL,0127Q000000upr9QAA,Status,Not reached,Appointment
2026-08-05T07:59:57.000Z,00QP500000rAWo6MAG,BE,0127Q000000eERIQA2,Status,Not reached,Mailjourney
2026-08-05T07:59:34.000Z,00QP500000qDc3FMAS,BE,0127Q000000eERIQA2,Status,Not reached,Follow-up
2026-08-05T07:59:12.000Z,00QP500000rK7mpMAC,NL,0127Q000000upr9QAA,Status,New,Appointment
2026-08-05T07:55:53.000Z,00QP500000rMkgnMAC,BE,0127Q000000eERIQA2,Status,New,Follow-up
2026-08-05T07:51:15.000Z,00QP500000rLl5SMAS,NL,0127Q000000upr9QAA,Status,New,Not reached
2026-08-05T07:51:05.000Z,00QQD00000ZEzGL2A1,BE,0127Q000000eERIQA2,Status,Re-entered,Not Qualified
2026-08-05T07:51:04.000Z,00QP500000rK3xsMAC,NL,0127Q000000upr9QAA,Status,New,Not reached
2026-08-05T07:50:14.000Z,00QP500000rK7N1MAK,NL,0127Q000000upr9QAA,Status,New,Lost
2026-08-05T07:48:29.000Z,00QP500000rLKV5MAO,NL,0127Q000000upr9QAA,Status,New,Not reached
2026-08-05T07:48:15.000Z,00QP500000rJK9RMAW,NL,0127Q000000upr9QAA,Status,New,Not reached
2026-08-05T07:46:45.000Z,00QP500000rIzBTMA0,NL,0127Q000000upr9QAA,Status,Not reached,Not Qualified
2026-08-05T07:46:32.000Z,00QP500000rIqCyMAK,NL,0127Q000000upr9QAA,Status,New,Brochure
2026-08-05T07:45:01.000Z,00QP500000rK2vBMAS,NL,0127Q000000upr9QAA,Status,New,Not reached
2026-08-05T07:43:56.000Z,00QQD00000ZEzGL2A1,BE,0127Q000000eERIQA2,Status,Converted Old SF,Re-entered
2026-08-05T07:43:47.000Z,00QP500000rFS7BMAW,BE,0127Q000000eERIQA2,Status,Not reached,Appointment
2026-08-05T07:42:49.000Z,00QP500000q4ztQMAQ,BE,0127Q000000eERIQA2,Status,Re-entered,Not Qualified
2026-08-05T07:42:49.000Z,00QP500000rIzBTMA0,NL,0127Q000000upr9QAA,Status,New,Not reached
2026-08-05T07:42:15.000Z,00QQD00000ZGFEo2AP,BE,0127Q000000eERIQA2,Status,Re-entered,Not Qualified
2026-08-05T07:41:55.000Z,00QP500000rLBGTMA4,NL,0127Q000000upr9QAA,Status,New,Not reached
2026-08-05T07:41:49.000Z,00QP500000rIuV3MAK,NL,0127Q000000upr9QAA,Status,New,Brochure
2026-08-05T07:41:12.000Z,00QP500000q4ztQMAQ,BE,0127Q000000eERIQA2,Status,Lost,Re-entered
2026-08-05T07:38:35.000Z,00QP500000rIxhRMAS,NL,0127Q000000upr9QAA,Status,New,Not reached
2026-08-05T07:38:04.000Z,00QP500000rJZtBMAW,NL,0127Q000000upr9QAA,Status,New,Brochure
2026-08-05T07:37:37.000Z,00QP500000rIPj0MAG,NL,0127Q000000upr9QAA,Status,New,Not reached
2026-08-05T07:36:09.000Z,00QP500000rINhFMAW,BE,0127Q000000eERIQA2,Status,New,Follow-up
2026-08-05T07:35:20.000Z,00QP500000rLoBNMA0,BE,0127Q000000eERIQA2,Status,New,Follow-up
2026-08-05T07:35:05.000Z,00QP500000rIpYbMAK,NL,0127Q000000upr9QAA,Status,New,Not reached
2026-08-05T07:34:53.000Z,00QP500000rIwAIMA0,NL,0127Q000000upr9QAA,Status,New,Not reached
2026-08-05T07:33:52.000Z,00QP500000rH7GJMA0,NL,0127Q000000upr9QAA,Status,New,Not Qualified
2026-08-05T07:33:06.000Z,00QP500000rH9mzMAC,NL,0127Q000000upr9QAA,Status,New,Appointment
2026-08-05T07:32:05.000Z,00QP500000rIu3eMAC,NL,0127Q000000upr9QAA,Status,New,Not reached
2026-08-05T07:32:03.000Z,00QP500000rIqG9MAK,NL,0127Q000000upr9QAA,Status,New,Not reached
2026-08-05T07:29:41.000Z,00QP500000rIAX5MAO,BE,0127Q000000eERIQA2,Status,New,Lost
2026-08-05T07:29:32.000Z,00QQD00000APu402AD,NL,0127Q000000upr9QAA,Status,Re-entered,Appointment
2026-08-05T07:25:59.000Z,00QP500000rINhGMAW,NL,0127Q000000upr9QAA,Status,New,Not Qualified
2026-08-05T07:24:36.000Z,00QP500000rMZwfMAG,BE,0127Q000000eERIQA2,Status,New,Not reached
2026-08-05T07:24:29.000Z,00QP500000rM66gMAC,BE,0127Q000000eERIQA2,Status,New,Appointment
2026-08-05T07:24:20.000Z,00QP500000rJc9VMAS,NL,0127Q000000upr9QAA,Status,New,Not reached
2026-08-05T07:23:24.000Z,00QP500000rG2tnMAC,NL,0127Q000000upr9QAA,Status,Not reached,Follow-up
2026-08-05T07:23:22.000Z,00QP500000rIXa8MAG,NL,0127Q000000upr9QAA,Status,New,Not reached
2026-08-05T07:23:16.000Z,00QP500000rIqcmMAC,BE,0127Q000000eERIQA2,Status,New,Mailjourney
2026-08-05T07:19:17.000Z,00QP500000rE3fSMAS,NL,0127Q000000upr9QAA,Status,Not reached,Follow-up
2026-08-05T07:18:43.000Z,00QP500000rDyawMAC,NL,0127Q000000upr9QAA,Status,Not reached,Follow-up
2026-08-05T07:17:16.000Z,00QP500000rMXMzMAO,BE,0127Q000000eERIQA2,Status,New,Not reached
2026-08-05T07:16:48.000Z,00QP500000rG1wCMAS,NL,0127Q000000upr9QAA,Status,Not reached,Follow-up
2026-08-05T07:14:35.000Z,00QP500000rGkhwMAC,NL,0127Q000000upr9QAA,Status,Not reached,Brochure
2026-08-05T07:13:10.000Z,00QP500000rHyyxMAC,BE,0127Q000000eERIQA2,Status,New,Appointment
2026-08-05T07:12:59.000Z,00QP500000rJkiAMAS,BE,0127Q000000eERIQA2,Status,New,Not reached
2026-08-05T07:11:40.000Z,00QP500000rJ1mfMAC,BE,0127Q000000eERIQA2,Status,New,Mailjourney
2026-08-05T06:51:34.000Z,00QP500000rMINxMAO,NL,0127Q000000upr9QAA,Status,New,Mailjourney
2026-08-05T06:30:14.000Z,00QQD00000dNs9J2AS,NL,0127Q000000upr9QAA,Status,Mailjourney,Re-entered
2026-08-05T06:28:52.000Z,00QP500000rBXQLMA4,BE,0127Q000000eERIQA2,Status,Re-entered,Mailjourney
2026-08-05T06:01:47.000Z,00QQD00000ZH24O2AT,IT,012QD000002ylcPYAQ,Status,Lost,Re-entered
2026-08-05T06:01:47.000Z,00QQD00000ZGsDd2AL,FR,012QD000002ylXZYAY,Status,Mailjourney,Re-entered
2026-08-04T19:49:19.000Z,00QQD00000cA6HZ2A0,NL,0127Q000000upr9QAA,Status,Mailjourney,Re-entered - Phone Number Changed
2026-08-04T18:47:00.000Z,00QQD00000ZGFEo2AP,BE,0127Q000000eERIQA2,Status,Not reached,Re-entered
2026-08-04T18:16:14.000Z,00QQD00000APu402AD,NL,0127Q000000upr9QAA,Status,Mailjourney,Re-entered
2026-08-04T17:19:54.000Z,00QP500000rH9wcMAC,NL,0127Q000000upr9QAA,Status,Not reached,Re-entered - Phone Number Changed
2026-08-04T16:34:41.000Z,00QP500000rBXQLMA4,BE,0127Q000000eERIQA2,Status,Mailjourney,Re-entered
2026-08-04T14:58:45.000Z,00QP500000rHjNZMA0,NL,0127Q000000upr9QAA,Status,New,Follow-up
2026-08-04T14:54:31.000Z,00QQD00000APzKV2A1,NL,0127Q000000upr9QAA,Status,Re-entered,Mailjourney
2026-08-04T14:52:19.000Z,00QQD00000ZGFEo2AP,BE,0127Q000000eERIQA2,Status,Re-entered,Not reached
2026-08-04T14:52:03.000Z,00QQD00000APzKV2A1,NL,0127Q000000upr9QAA,Status,Not Qualified,Re-entered
2026-08-04T14:47:25.000Z,00QP500000rGkefMAC,BE,0127Q000000eERIQA2,Status,Not reached,Appointment
2026-08-04T14:47:22.000Z,00QP500000rESUAMA4,BE,0127Q000000eERIQA2,Status,Not reached,Follow-up
2026-08-04T14:46:59.000Z,00QQD00000ZGFEo2AP,BE,0127Q000000eERIQA2,Status,Not Qualified,Re-entered
2026-08-04T14:46:23.000Z,00QQD00000AQXNk2AP,NL,0127Q000000upr9QAA,Status,Converted Old SF,Appointment
2026-08-04T14:41:52.000Z,00QQD00000cA6HZ2A0,NL,0127Q000000upr9QAA,Status,Re-entered,Mailjourney
2026-08-04T14:36:07.000Z,00QP500000rHxA2MAK,NL,0127Q000000upr9QAA,Status,New,Not reached
2026-08-04T14:35:56.000Z,00QQD00000ZH11P2AT,BE,0127Q000000eERIQA2,Status,Re-entered,Follow-up
2026-08-04T14:34:38.000Z,00QP500000rGb0MMAS,BE,0127Q000000eERIQA2,Status,New,Not Qualified
2026-08-04T14:31:24.000Z,00QP500000rE4DJMA0,NL,0127Q000000upr9QAA,Status,Not reached,Follow-up
2026-08-04T14:31:17.000Z,00QQD00000chYAD2A2,NL,0127Q000000upr9QAA,Status,Follow-up,Lost
2026-08-04T14:24:20.000Z,00QQD00000cA6HZ2A0,NL,0127Q000000upr9QAA,Status,Mailjourney,Re-entered
2026-08-04T14:19:21.000Z,00QP500000rGx8tMAC,NL,0127Q000000upr9QAA,Status,New,Brochure
2026-08-04T14:17:04.000Z,00QP500000rI83pMAC,NL,0127Q000000upr9QAA,Status,Brochure,Follow-up
2026-08-04T14:17:04.000Z,00QQD00000AQaf12AD,NL,0127Q000000upr9QAA,Status,Brochure,Follow-up
2026-08-04T14:17:04.000Z,00QQD00000dfjxC2AQ,NL,0127Q000000upr9QAA,Status,Brochure,Follow-up
2026-08-04T14:16:27.000Z,00QP500000rHTFDMA4,NL,0127Q000000upr9QAA,Status,New,Appointment
2026-08-04T14:12:35.000Z,00QP500000rI6wTMAS,NL,0127Q000000upr9QAA,Status,New,Appointment
2026-08-04T14:08:57.000Z,00QP500000rHcC7MAK,NL,0127Q000000upr9QAA,Status,New,Appointment
2026-08-04T14:03:07.000Z,00QQD00000ZH11P2AT,BE,0127Q000000eERIQA2,Status,Not reached,Re-entered
2026-08-04T13:59:41.000Z,00QP500000rGAMfMAO,NL,0127Q000000upr9QAA,Status,Not reached,Follow-up
2026-08-04T13:59:08.000Z,00QQD00000ZGnwf2AD,BE,0127Q000000eERIQA2,Status,Not reached,Appointment
2026-08-04T13:58:12.000Z,00QP500000rHsQTMA0,NL,0127Q000000upr9QAA,Status,New,Not reached
2026-08-04T13:58:00.000Z,00QP500000rHlGwMAK,NL,0127Q000000upr9QAA,Status,New,Not reached
2026-08-04T13:56:46.000Z,00QQD00000AQaf12AD,NL,0127Q000000upr9QAA,Status,Re-entered,Brochure
2026-08-04T13:55:42.000Z,00QP500000rI83pMAC,NL,0127Q000000upr9QAA,Status,New,Brochure
2026-08-04T13:54:23.000Z,00QP500000rI6QEMA0,NL,0127Q000000upr9QAA,Status,New,Appointment
2026-08-04T13:51:14.000Z,00QQD00000ZGnwf2AD,BE,0127Q000000eERIQA2,Status,Mailjourney,Not reached
2026-08-04T13:51:01.000Z,00QP500000rH9wbMAC,NL,0127Q000000upr9QAA,Status,New,Appointment
2026-08-04T13:46:05.000Z,00QP500000rHsQUMA0,NL,0127Q000000upr9QAA,Status,New,Not reached
2026-08-04T13:45:25.000Z,00QP500000r7PsoMAE,NL,0127Q000000upr9QAA,Status,Brochure,Follow-up
2026-08-04T13:44:13.000Z,00QQD00000dfjxC2AQ,NL,0127Q000000upr9QAA,Status,Follow-up,Brochure
2026-08-04T13:43:59.000Z,00QQD00000d5cz32AA,BE,0127Q000000eERIQA2,Status,Mailjourney,Appointment
2026-08-04T13:42:23.000Z,00QP500000rE8f7MAC,NL,0127Q000000upr9QAA,Status,Not reached,Appointment
2026-08-04T13:41:11.000Z,00QP500000rH9wcMAC,NL,0127Q000000upr9QAA,Status,New,Not reached
2026-08-04T13:38:52.000Z,00QP500000r4iFIMAY,NL,0127Q000000upr9QAA,Status,Not reached,Follow-up
2026-08-04T13:37:59.000Z,00QP500000rHZ9JMAW,NL,0127Q000000upr9QAA,Status,Not reached,Mailjourney
2026-08-04T13:37:33.000Z,00QP500000r57tcMAA,NL,0127Q000000upr9QAA,Status,Not reached,Follow-up
2026-08-04T13:37:32.000Z,00QP500000rHZ9JMAW,NL,0127Q000000upr9QAA,Status,New,Not reached
2026-08-04T13:33:06.000Z,00QP500000r9j0zMAA,NL,0127Q000000upr9QAA,Status,Not reached,Lost
2026-08-04T13:30:24.000Z,00QP500000qu8wLMAQ,NL,0127Q000000upr9QAA,Status,Not reached,Follow-up
2026-08-04T13:29:43.000Z,00QP500000rGKkHMAW,BE,0127Q000000eERIQA2,Status,Follow-up,Appointment
2026-08-04T13:28:50.000Z,00QP500000rGfgmMAC,NL,0127Q000000upr9QAA,Status,New,Not Qualified
2026-08-04T13:28:13.000Z,00QP500000rASR9MAO,NL,0127Q000000upr9QAA,Status,Re-entered,Follow-up
2026-08-04T13:27:15.000Z,00QQD00000ZH29Y2AT,BE,0127Q000000eERIQA2,Status,Mailjourney,Appointment
2026-08-04T13:25:35.000Z,00QP500000rGc4PMAS,NL,0127Q000000upr9QAA,Status,Brochure,Follow-up
2026-08-04T13:25:35.000Z,00QP500000rGEGdMAO,NL,0127Q000000upr9QAA,Status,Brochure,Follow-up
2026-08-04T13:25:35.000Z,00QP500000qTBwbMAG,NL,0127Q000000upr9QAA,Status,Brochure,Follow-up
2026-08-04T13:25:35.000Z,00QP500000rH7Q0MAK,NL,0127Q000000upr9QAA,Status,Brochure,Follow-up
2026-08-04T13:25:35.000Z,00QP500000rH2rkMAC,NL,0127Q000000upr9QAA,Status,Brochure,Follow-up
2026-08-04T13:25:35.000Z,00QP500000rGL0NMAW,NL,0127Q000000upr9QAA,Status,Brochure,Follow-up
2026-08-04T13:22:48.000Z,00QP500000rHhgMMAS,BE,0127Q000000eERIQA2,Status,New,Not Qualified
2026-08-04T13:18:58.000Z,00QP500000rGkhwMAC,NL,0127Q000000upr9QAA,Status,New,Not reached
2026-08-04T13:18:51.000Z,00QQD00000ZH1Zy2AL,BE,0127Q000000eERIQA2,Status,Follow-up,Not Qualified
2026-08-04T13:18:21.000Z,00QP500000rFzb5MAC,NL,0127Q000000upr9QAA,Status,New,Not reached
2026-08-04T13:16:36.000Z,00QP500000rGzCLMA0,NL,0127Q000000upr9QAA,Status,New,Mailjourney
2026-08-04T13:15:50.000Z,00QQD00000ZH11P2AT,BE,0127Q000000eERIQA2,Status,Follow-up,Not reached
2026-08-04T13:15:48.000Z,00QP500000rAAE9MAO,BE,0127Q000000eERIQA2,Status,Not reached,Not Qualified
2026-08-04T13:15:08.000Z,00QP500000rGfgnMAC,NL,0127Q000000upr9QAA,Status,New,Not reached
2026-08-04T13:14:07.000Z,00QP500000rFzb4MAC,BE,0127Q000000eERIQA2,Status,New,Follow-up
2026-08-04T13:12:17.000Z,00QP500000rGhNYMA0,NL,0127Q000000upr9QAA,Status,New,Mailjourney
2026-08-04T13:11:45.000Z,00QP500000rH2rkMAC,NL,0127Q000000upr9QAA,Status,New,Brochure
2026-08-04T13:07:33.000Z,00QP500000q93lWMAQ,BE,0127Q000000eERIQA2,Status,Follow-up,Mailjourney
2026-08-04T13:07:21.000Z,00QP500000rHJaqMAG,BE,0127Q000000eERIQA2,Status,New,Appointment
2026-08-04T13:05:56.000Z,00QP500000rHEzLMAW,NL,0127Q000000upr9QAA,Status,New,Appointment
2026-08-04T13:05:03.000Z,00QP500000rG1wDMAS,NL,0127Q000000upr9QAA,Status,Not reached,Appointment
2026-08-04T13:04:57.000Z,00QP500000q7APiMAM,BE,0127Q000000eERIQA2,Status,Follow-up,Mailjourney
2026-08-04T13:02:57.000Z,00QP500000rHLHdMAO,BE,0127Q000000eERIQA2,Status,New,Not Qualified
2026-08-04T13:00:05.000Z,00QP500000rGzCMMA0,NL,0127Q000000upr9QAA,Status,New,Mailjourney
2026-08-04T12:59:03.000Z,00QP500000r9pHhMAI,NL,0127Q000000upr9QAA,Status,Not reached,Follow-up
2026-08-04T12:57:22.000Z,00QP500000qmmAvMAI,BE,0127Q000000eERIQA2,Status,Follow-up,Not Qualified
2026-08-04T12:57:11.000Z,00QP500000rHSPZMA4,BE,0127Q000000eERIQA2,Status,New,Follow-up
2026-08-04T12:56:54.000Z,00QQD00000ZGtcs2AD,BE,0127Q000000eERIQA2,Status,Re-entered,Follow-up
2026-08-04T12:56:31.000Z,00QP500000rF0h7MAC,NL,0127Q000000upr9QAA,Status,Not reached,Mailjourney
2026-08-04T12:55:08.000Z,00QP500000rHJapMAG,NL,0127Q000000upr9QAA,Status,New,Not Qualified
2026-08-04T12:54:53.000Z,00QP500000rGlAwMAK,NL,0127Q000000upr9QAA,Status,New,Not Qualified
2026-08-04T12:54:37.000Z,00QP500000rHZ9KMAW,NL,0127Q000000upr9QAA,Status,New,Not Qualified
2026-08-04T12:54:18.000Z,00QP500000rGmlKMAS,NL,0127Q000000upr9QAA,Status,New,Not Qualified
2026-08-04T12:53:52.000Z,00QP500000rHDgiMAG,NL,0127Q000000upr9QAA,Status,New,Not Qualified
2026-08-04T12:45:57.000Z,00QP500000rGkefMAC,BE,0127Q000000eERIQA2,Status,New,Not reached
2026-08-04T12:44:08.000Z,00QP500000rGkhxMAC,NL,0127Q000000upr9QAA,Status,New,Mailjourney
2026-08-04T12:43:56.000Z,00QQD00000ZGs2Z2AT,BE,0127Q000000eERIQA2,Status,Follow-up,Lost
2026-08-04T12:43:16.000Z,00QP500000qov5BMAQ,BE,0127Q000000eERIQA2,Status,Not reached,Follow-up
2026-08-04T12:42:39.000Z,00QP500000qov5BMAQ,BE,0127Q000000eERIQA2,Status,Follow-up,Not reached
2026-08-04T12:40:34.000Z,00QP500000rAwc9MAC,NL,0127Q000000upr9QAA,Status,Not reached,Follow-up
2026-08-04T12:40:15.000Z,00QQD00000ZGjF72AL,BE,0127Q000000eERIQA2,Status,Follow-up,Mailjourney
2026-08-04T12:38:57.000Z,00QP500000rHY6nMAG,NL,0127Q000000upr9QAA,Status,New,Follow-up
2026-08-04T12:37:33.000Z,00QP500000qg08zMAA,NL,0127Q000000upr9QAA,Status,Follow-up,Mailjourney
2026-08-04T12:37:11.000Z,00QP500000rASR9MAO,NL,0127Q000000upr9QAA,Status,Follow-up,Re-entered
2026-08-04T12:36:14.000Z,00QP500000qLxQZMA0,BE,0127Q000000eERIQA2,Status,Follow-up,Mailjourney
2026-08-04T12:35:11.000Z,00QP500000qFiscMAC,BE,0127Q000000eERIQA2,Status,Follow-up,Mailjourney
2026-08-04T12:35:00.000Z,00QP500000rH7Q0MAK,NL,0127Q000000upr9QAA,Status,New,Brochure
2026-08-04T12:32:33.000Z,00QP500000qlF8wMAE,BE,0127Q000000eERIQA2,Status,Follow-up,Not Qualified
2026-08-04T12:32:19.000Z,00QQD00000dAMTq2AO,NL,0127Q000000upr9QAA,Status,Not reached,Mailjourney
2026-08-04T12:31:54.000Z,00QP500000qDc3FMAS,BE,0127Q000000eERIQA2,Status,Follow-up,Not reached
2026-08-04T12:29:59.000Z,00QP500000qi1IcMAI,BE,0127Q000000eERIQA2,Status,Follow-up,Not Qualified
2026-08-04T12:29:06.000Z,00QQD00000ZGaVx2AL,BE,0127Q000000eERIQA2,Status,Follow-up,Mailjourney
2026-08-04T12:28:19.000Z,00QP500000qVXwGMAW,NL,0127Q000000upr9QAA,Status,Follow-up,Mailjourney
2026-08-04T12:26:44.000Z,00QQD00000dR4HC2A0,NL,0127Q000000upr9QAA,Status,Follow-up,Mailjourney
2026-08-04T12:26:26.000Z,00QP500000qV6mSMAS,NL,0127Q000000upr9QAA,Status,Follow-up,Mailjourney
2026-08-04T12:26:15.000Z,00QP500000rAKerMAG,NL,0127Q000000upr9QAA,Status,Not reached,Follow-up
2026-08-04T12:25:15.000Z,00QP500000rHRV7MAO,BE,0127Q000000eERIQA2,Status,New,Mailjourney
2026-08-04T12:24:59.000Z,00QP500000qpIg5MAE,NL,0127Q000000upr9QAA,Status,Follow-up,Mailjourney
2026-08-04T12:24:21.000Z,00QQD00000dwjzC2AQ,NL,0127Q000000upr9QAA,Status,Follow-up,Mailjourney
2026-08-04T12:24:00.000Z,00QP500000rGfK1MAK,NL,0127Q000000upr9QAA,Status,New,Not Qualified
2026-08-04T12:22:23.000Z,00QQD00000d0AIf2AM,NL,0127Q000000upr9QAA,Status,Follow-up,Mailjourney
2026-08-04T12:21:11.000Z,00QP500000qL9bqMAC,NL,0127Q000000upr9QAA,Status,Follow-up,Mailjourney
2026-08-04T12:20:51.000Z,00QP500000rGL0NMAW,NL,0127Q000000upr9QAA,Status,New,Brochure
2026-08-04T12:20:21.000Z,00QP500000rG1zKMAS,NL,0127Q000000upr9QAA,Status,New,Not Qualified
2026-08-04T12:19:51.000Z,00QQD00000AQaf12AD,NL,0127Q000000upr9QAA,Status,Converted Old SF,Re-entered
2026-08-04T12:19:22.000Z,00QP500000qIzYaMAK,NL,0127Q000000upr9QAA,Status,Follow-up,Mailjourney
2026-08-04T12:18:39.000Z,00QP500000qLV2sMAG,BE,0127Q000000eERIQA2,Status,Follow-up,Mailjourney
2026-08-04T12:18:08.000Z,00QP500000qIoLOMA0,NL,0127Q000000upr9QAA,Status,Follow-up,Mailjourney
2026-08-04T12:16:47.000Z,00QP500000qEqP1MAK,NL,0127Q000000upr9QAA,Status,Follow-up,Mailjourney
2026-08-04T12:14:58.000Z,00QP500000q5GChMAM,NL,0127Q000000upr9QAA,Status,Follow-up,Lost
2026-08-04T12:11:20.000Z,00QP500000qod3RMAQ,NL,0127Q000000upr9QAA,Status,Follow-up,Appointment
2026-08-04T12:10:34.000Z,00QP500000qbEKeMAM,BE,0127Q000000eERIQA2,Status,Follow-up,Mailjourney
2026-08-04T12:09:58.000Z,00QP500000qI5XyMAK,NL,0127Q000000upr9QAA,Status,Follow-up,Mailjourney
2026-08-04T12:09:46.000Z,00QQD00000ZH11P2AT,BE,0127Q000000eERIQA2,Status,Not reached,Follow-up
2026-08-04T12:09:01.000Z,00QP500000qTBwbMAG,NL,0127Q000000upr9QAA,Status,Not Qualified,Brochure
2026-08-04T12:07:56.000Z,00QP500000qHqXVMA0,NL,0127Q000000upr9QAA,Status,Follow-up,Mailjourney
2026-08-04T12:05:33.000Z,00QP500000r8IAvMAM,NL,0127Q000000upr9QAA,Status,Not reached,Follow-up
2026-08-04T12:05:08.000Z,00QP500000qVqHRMA0,BE,0127Q000000eERIQA2,Status,Follow-up,Mailjourney
2026-08-04T12:04:20.000Z,00QP500000r6zjrMAA,NL,0127Q000000upr9QAA,Status,Not reached,Follow-up
2026-08-04T12:03:44.000Z,00QP500000qTjwgMAC,BE,0127Q000000eERIQA2,Status,Follow-up,Mailjourney
2026-08-04T12:02:52.000Z,00QP500000qzXHHMA2,NL,0127Q000000upr9QAA,Status,Not reached,Follow-up
2026-08-04T12:02:41.000Z,00QP500000r5LdBMAU,BE,0127Q000000eERIQA2,Status,Not reached,Mailjourney
2026-08-04T12:01:42.000Z,00QP500000qz8kHMAQ,NL,0127Q000000upr9QAA,Status,Not reached,Lost
2026-08-04T12:00:52.000Z,00QP500000r3hY9MAI,NL,0127Q000000upr9QAA,Status,Not reached,Follow-up
2026-08-04T11:59:51.000Z,00QP500000qw2bUMAQ,NL,0127Q000000upr9QAA,Status,Not reached,Follow-up
2026-08-04T11:59:16.000Z,00QQD00000dfHHn2AM,NL,0127Q000000upr9QAA,Status,Follow-up,Lost
2026-08-04T11:58:42.000Z,00QP500000rG1wCMAS,NL,0127Q000000upr9QAA,Status,New,Not reached
2026-08-04T11:57:20.000Z,00QP500000rF7sIMAS,NL,0127Q000000upr9QAA,Status,Not reached,Mailjourney
2026-08-04T11:57:17.000Z,00QQD00000dBgLd2AK,NL,0127Q000000upr9QAA,Status,Follow-up,Lost
2026-08-04T11:57:05.000Z,00QP500000rFeGSMA0,NL,0127Q000000upr9QAA,Status,New,Not Qualified
2026-08-04T11:55:59.000Z,00QP500000qyNJyMAM,NL,0127Q000000upr9QAA,Status,Not reached,Follow-up
2026-08-04T11:55:11.000Z,00QP500000r7NXhMAM,NL,0127Q000000upr9QAA,Status,Not reached,Follow-up
2026-08-04T11:55:09.000Z,00QP500000qOjUJMA0,NL,0127Q000000upr9QAA,Status,Follow-up,Mailjourney
2026-08-04T11:54:14.000Z,00QP500000q8BA1MAM,NL,0127Q000000upr9QAA,Status,Follow-up,Lost
2026-08-04T11:53:45.000Z,00QP500000r48v1MAA,NL,0127Q000000upr9QAA,Status,Not reached,Follow-up
2026-08-04T11:53:28.000Z,00QP500000r1OoCMAU,BE,0127Q000000eERIQA2,Status,Not reached,Follow-up
2026-08-04T11:52:29.000Z,00QQD00000APyGc2AL,NL,0127Q000000upr9QAA,Status,Re-entered,Mailjourney
2026-08-04T11:52:03.000Z,00QP500000r7PsoMAE,NL,0127Q000000upr9QAA,Status,Not reached,Brochure
2026-08-04T11:51:36.000Z,00QP500000r0UMEMA2,BE,0127Q000000eERIQA2,Status,Not reached,Follow-up
2026-08-04T11:51:22.000Z,00QP500000r2a46MAA,NL,0127Q000000upr9QAA,Status,Not reached,Appointment
2026-08-04T11:50:21.000Z,00QP500000rGc4PMAS,NL,0127Q000000upr9QAA,Status,New,Brochure
2026-08-04T11:50:07.000Z,00QP500000rG1wDMAS,NL,0127Q000000upr9QAA,Status,New,Not reached
2026-08-04T11:49:34.000Z,00QP500000qSWNDMA4,BE,0127Q000000eERIQA2,Status,Follow-up,Mailjourney
2026-08-04T11:49:28.000Z,00QP500000qyW3xMAE,BE,0127Q000000eERIQA2,Status,Not reached,Mailjourney
2026-08-04T11:48:54.000Z,00QP500000rGHWFMA4,BE,0127Q000000eERIQA2,Status,New,Appointment
2026-08-04T11:47:20.000Z,00QP500000r3l0qMAA,NL,0127Q000000upr9QAA,Status,Not reached,Mailjourney
2026-08-04T11:46:49.000Z,00QP500000qRCbrMAG,BE,0127Q000000eERIQA2,Status,Follow-up,Mailjourney
2026-08-04T11:44:59.000Z,00QP500000qNSP5MAO,BE,0127Q000000eERIQA2,Status,Follow-up,Mailjourney
2026-08-04T11:44:39.000Z,00QP500000r44WNMAY,NL,0127Q000000upr9QAA,Status,Not reached,Mailjourney
2026-08-04T11:43:15.000Z,00QP500000qJ8yQMAS,BE,0127Q000000eERIQA2,Status,Follow-up,Mailjourney
2026-08-04T11:42:40.000Z,00QP500000r3mZUMAY,NL,0127Q000000upr9QAA,Status,Not reached,Mailjourney
2026-08-04T11:42:10.000Z,00QP500000qtHv7MAE,BE,0127Q000000eERIQA2,Status,Not reached,Follow-up
2026-08-04T11:41:51.000Z,00QP500000qJ3qfMAC,BE,0127Q000000eERIQA2,Status,Follow-up,Mailjourney
2026-08-04T11:40:17.000Z,00QP500000rG2tnMAC,NL,0127Q000000upr9QAA,Status,New,Not reached
2026-08-04T11:40:08.000Z,00QP500000r1TBBMA2,NL,0127Q000000upr9QAA,Status,Not reached,Follow-up
2026-08-04T11:40:02.000Z,00QP500000qxsZXMAY,NL,0127Q000000upr9QAA,Status,Not reached,Mailjourney
2026-08-04T11:38:40.000Z,00QP500000qsoQ6MAI,BE,0127Q000000eERIQA2,Status,Not reached,Follow-up
2026-08-04T11:36:41.000Z,00QP500000qxplLMAQ,NL,0127Q000000upr9QAA,Status,Not reached,Follow-up
2026-08-04T11:35:56.000Z,00QQD00000APyLC2A1,NL,0127Q000000upr9QAA,Status,Not reached,Mailjourney
2026-08-04T11:35:19.000Z,00QQD00000APyLC2A1,NL,0127Q000000upr9QAA,Status,Re-entered,Not reached
2026-08-04T11:35:18.000Z,00QP500000rFPAwMAO,NL,0127Q000000upr9QAA,Status,New,Appointment
2026-08-04T11:34:59.000Z,00QP500000qsWWQMA2,BE,0127Q000000eERIQA2,Status,Not reached,Not Qualified
2026-08-04T11:34:13.000Z,00QP500000rGYLmMAO,NL,0127Q000000upr9QAA,Status,New,Not reached
2026-08-04T11:34:11.000Z,00QP500000rGgmMMAS,BE,0127Q000000eERIQA2,Status,New,Appointment
2026-08-04T11:32:18.000Z,00QP500000qnqkJMAQ,BE,0127Q000000eERIQA2,Status,Not reached,Follow-up
2026-08-04T11:29:20.000Z,00QQD00000ZGTDG2A5,BE,0127Q000000eERIQA2,Status,Not reached,Mailjourney
2026-08-04T11:23:19.000Z,00QP500000r7n8jMAA,BE,0127Q000000eERIQA2,Status,Not reached,Not Qualified
2026-08-04T11:22:37.000Z,00QP500000qxqsfMAA,NL,0127Q000000upr9QAA,Status,Not reached,Lost
2026-08-04T11:18:03.000Z,00QP500000qwVa9MAE,NL,0127Q000000upr9QAA,Status,Not reached,Follow-up
2026-08-04T11:17:52.000Z,00QQD00000APyGc2AL,NL,0127Q000000upr9QAA,Status,Mailjourney,Re-entered
2026-08-04T11:17:21.000Z,00QP500000r5LepMAE,BE,0127Q000000eERIQA2,Status,Not reached,Mailjourney
2026-08-04T11:11:15.000Z,00QP500000r3UJIMA2,BE,0127Q000000eERIQA2,Status,Not reached,Follow-up
2026-08-04T11:10:17.000Z,00QP500000qICkjMAG,BE,0127Q000000eERIQA2,Status,Follow-up,Mailjourney
2026-08-04T11:08:15.000Z,00QP500000r1lxdMAA,BE,0127Q000000eERIQA2,Status,Not reached,Not Qualified
2026-08-04T11:06:41.000Z,00QP500000quYIrMAM,BE,0127Q000000eERIQA2,Status,Not reached,Not Qualified
2026-08-04T11:05:07.000Z,00QP500000rFnRiMAK,BE,0127Q000000eERIQA2,Status,New,Not reached
2026-08-04T11:01:56.000Z,00QP500000rGYLlMAO,NL,0127Q000000upr9QAA,Status,New,Not Qualified
2026-08-04T10:58:29.000Z,00QQD00000APzVk2AL,NL,0127Q000000upr9QAA,Status,Re-entered,Follow-up
2026-08-04T10:58:08.000Z,00QP500000rEy6zMAC,NL,0127Q000000upr9QAA,Status,New,Appointment
2026-08-04T10:54:51.000Z,00QQD00000ZGtcs2AD,BE,0127Q000000eERIQA2,Status,Mailjourney,Re-entered
2026-08-04T10:54:44.000Z,00QP500000qsjANMAY,BE,0127Q000000eERIQA2,Status,Not reached,Not Qualified
2026-08-04T10:51:02.000Z,00QP500000rGKkHMAW,BE,0127Q000000eERIQA2,Status,New,Follow-up
2026-08-04T10:43:23.000Z,00QP500000ppWgSMAU,NL,0127Q000000upr9QAA,Status,Mailjourney,Lost
2026-08-04T10:42:52.000Z,00QP500000rGAMfMAO,NL,0127Q000000upr9QAA,Status,New,Not reached
2026-08-04T10:37:13.000Z,00QP500000rFHlIMAW,NL,0127Q000000upr9QAA,Status,New,Follow-up
2026-08-04T10:30:51.000Z,00QQD00000APyLC2A1,NL,0127Q000000upr9QAA,Status,Mailjourney,Re-entered
2026-08-04T10:27:14.000Z,00QP500000rE6yIMAS,NL,0127Q000000upr9QAA,Status,Not reached,Appointment
2026-08-04T10:21:15.000Z,00QP500000r8AgSMAU,BE,0127Q000000eERIQA2,Status,Not reached,Follow-up
2026-08-04T10:15:26.000Z,00QQD00000ZFNDW2A5,BE,0127Q000000eERIQA2,Status,Follow-up,Not Qualified
2026-08-04T10:15:20.000Z,00QP500000rBSSHMA4,NL,0127Q000000upr9QAA,Status,Re-entered,Not reached
2026-08-04T10:14:46.000Z,00QP500000rFdiUMAS,NL,0127Q000000upr9QAA,Status,New,Follow-up
2026-08-04T10:13:49.000Z,00QQD00000btmwM2AQ,NL,0127Q000000upr9QAA,Status,Follow-up,Mailjourney
2026-08-04T10:13:15.000Z,00QP500000rGEGdMAO,NL,0127Q000000upr9QAA,Status,New,Brochure
2026-08-04T10:12:19.000Z,00QP500000quxM6MAI,NL,0127Q000000upr9QAA,Status,Not reached,Mailjourney
2026-08-04T10:12:17.000Z,00QP500000r70soMAA,BE,0127Q000000eERIQA2,Status,Not reached,Follow-up
2026-08-04T10:10:21.000Z,00QP500000r7JHFMA2,BE,0127Q000000eERIQA2,Status,Not reached,Mailjourney
2026-08-04T10:09:54.000Z,00QP500000rFYfZMAW,NL,0127Q000000upr9QAA,Status,Not reached,Appointment
2026-08-04T10:09:54.000Z,00QQD00000APzNi2AL,NL,0127Q000000upr9QAA,Status,Follow-up,Mailjourney
2026-08-04T10:07:03.000Z,00QP500000rFS7BMAW,BE,0127Q000000eERIQA2,Status,New,Not reached
2026-08-04T10:06:03.000Z,00QQD00000APzVk2AL,NL,0127Q000000upr9QAA,Status,Mailjourney,Re-entered
2026-08-04T10:05:24.000Z,00QP500000r0ea9MAA,NL,0127Q000000upr9QAA,Status,Not reached,Follow-up
2026-08-04T10:03:28.000Z,00QP500000r0QLlMAM,NL,0127Q000000upr9QAA,Status,Not reached,Not Qualified
2026-08-04T10:00:56.000Z,00QP500000r5C8XMAU,NL,0127Q000000upr9QAA,Status,Not reached,Appointment
2026-08-04T09:59:46.000Z,00QP500000rFyrlMAC,NL,0127Q000000upr9QAA,Status,New,Follow-up
2026-08-04T09:59:02.000Z,00QP500000r6qmzMAA,BE,0127Q000000eERIQA2,Status,Not reached,Follow-up
2026-08-04T09:58:30.000Z,00QP500000r6aNHMAY,NL,0127Q000000upr9QAA,Status,Not reached,Follow-up
2026-08-04T09:58:03.000Z,00QP500000qLaH3MAK,NL,0127Q000000upr9QAA,Status,Follow-up,Mailjourney
2026-08-04T09:57:35.000Z,00QP500000r57dRMAQ,BE,0127Q000000eERIQA2,Status,Not reached,Follow-up
2026-08-04T09:57:21.000Z,00QP500000rFXehMAG,NL,0127Q000000upr9QAA,Status,New,Not Qualified
2026-08-04T09:56:32.000Z,00QP500000qKHesMAG,NL,0127Q000000upr9QAA,Status,Follow-up,Mailjourney
2026-08-04T09:55:36.000Z,00QP500000rFVeUMAW,NL,0127Q000000upr9QAA,Status,New,Appointment
2026-08-04T09:55:31.000Z,00QP500000q9ezaMAA,NL,0127Q000000upr9QAA,Status,Follow-up,Mailjourney
2026-08-04T09:54:27.000Z,00QP500000r2HRFMA2,BE,0127Q000000eERIQA2,Status,Not reached,Follow-up
2026-08-04T09:54:07.000Z,00QQD00000dAMTq2AO,NL,0127Q000000upr9QAA,Status,Re-entered,Not reached
2026-08-04T09:51:53.000Z,00QP500000rFFhmMAG,NL,0127Q000000upr9QAA,Status,New,Mailjourney
2026-08-04T09:48:25.000Z,00QP500000r9P0kMAE,NL,0127Q000000upr9QAA,Status,Brochure,Follow-up
2026-08-04T09:48:25.000Z,00QP500000rASR9MAO,NL,0127Q000000upr9QAA,Status,Brochure,Follow-up
2026-08-04T09:48:25.000Z,00QP500000r86pjMAA,NL,0127Q000000upr9QAA,Status,Brochure,Follow-up
2026-08-04T09:47:55.000Z,00QP500000rF7sIMAS,NL,0127Q000000upr9QAA,Status,New,Not reached
2026-08-04T09:47:27.000Z,00QP500000rFT00MAG,BE,0127Q000000eERIQA2,Status,New,Appointment
2026-08-04T09:47:12.000Z,00QP500000qQVjlMAG,NL,0127Q000000upr9QAA,Status,Follow-up,Mailjourney
2026-08-04T09:45:56.000Z,00QP500000rEQKHMA4,NL,0127Q000000upr9QAA,Status,New,Not Qualified
2026-08-04T09:45:55.000Z,00QP500000qKrFHMA0,NL,0127Q000000upr9QAA,Status,Follow-up,Mailjourney
2026-08-04T09:42:40.000Z,00QQD00000YjjdK2AR,NL,0127Q000000upr9QAA,Status,Follow-up,Mailjourney
2026-08-04T09:42:27.000Z,00QP500000r0CeVMAU,BE,0127Q000000eERIQA2,Status,Not reached,Follow-up
2026-08-04T09:40:10.000Z,00QP500000qORZ7MAO,NL,0127Q000000upr9QAA,Status,Follow-up,Mailjourney
2026-08-04T09:39:52.000Z,00QP500000r3sesMAA,BE,0127Q000000eERIQA2,Status,Not reached,Follow-up
2026-08-04T09:39:14.000Z,00QP500000r3Yl2MAE,NL,0127Q000000upr9QAA,Status,Not reached,Appointment
2026-08-04T09:37:40.000Z,00QP500000rDxS6MAK,NL,0127Q000000upr9QAA,Status,New,Appointment
2026-08-04T09:36:13.000Z,00QP500000r2labMAA,BE,0127Q000000eERIQA2,Status,Not reached,Mailjourney
2026-08-04T09:33:33.000Z,00QP500000rEp2dMAC,BE,0127Q000000eERIQA2,Status,New,Not reached
2026-08-04T09:33:11.000Z,00QP500000rEvPmMAK,BE,0127Q000000eERIQA2,Status,New,Appointment
2026-08-04T09:33:01.000Z,00QP500000rF0h7MAC,NL,0127Q000000upr9QAA,Status,New,Not reached
2026-08-04T09:32:27.000Z,00QP500000rE3fSMAS,NL,0127Q000000upr9QAA,Status,New,Not reached
2026-08-04T09:30:08.000Z,00QP500000rA2mpMAC,NL,0127Q000000upr9QAA,Status,New,Appointment
2026-08-04T09:28:39.000Z,00QP500000rAqYHMA0,NL,0127Q000000upr9QAA,Status,New,Not Qualified
2026-08-04T09:28:19.000Z,00QP500000rFYfZMAW,NL,0127Q000000upr9QAA,Status,New,Not reached
2026-08-04T09:27:23.000Z,00QP500000rFUs5MAG,NL,0127Q000000upr9QAA,Status,New,Not reached
2026-08-04T09:26:06.000Z,00QP500000rEUEJMA4,NL,0127Q000000upr9QAA,Status,New,Not Qualified
2026-08-04T09:23:19.000Z,00QP500000rEpSOMA0,NL,0127Q000000upr9QAA,Status,New,Appointment
2026-08-04T09:22:16.000Z,00QP500000rDyawMAC,NL,0127Q000000upr9QAA,Status,New,Not reached
2026-08-04T09:20:17.000Z,00QQD00000dAMTq2AO,NL,0127Q000000upr9QAA,Status,Mailjourney,Re-entered
2026-08-04T09:20:09.000Z,00QP500000rE8f7MAC,NL,0127Q000000upr9QAA,Status,New,Not reached
2026-08-04T09:20:03.000Z,00QP500000r5tnVMAQ,BE,0127Q000000eERIQA2,Status,Not reached,Follow-up
2026-08-04T09:19:13.000Z,00QP500000rE6yIMAS,NL,0127Q000000upr9QAA,Status,New,Not reached
2026-08-04T09:17:56.000Z,00QP500000rEnCAMA0,BE,0127Q000000eERIQA2,Status,Mailjourney,Not Qualified
2026-08-04T09:17:49.000Z,00QP500000rEQc1MAG,NL,0127Q000000upr9QAA,Status,New,Follow-up
2026-08-04T09:16:56.000Z,00QP500000r5BkHMAU,BE,0127Q000000eERIQA2,Status,Not reached,Follow-up
2026-08-04T09:16:45.000Z,00QP500000rEouXMAS,NL,0127Q000000upr9QAA,Status,New,Appointment
2026-08-04T09:16:43.000Z,00QP500000rEnCAMA0,BE,0127Q000000eERIQA2,Status,New,Mailjourney
2026-08-04T09:16:05.000Z,00QP500000rE4DJMA0,NL,0127Q000000upr9QAA,Status,New,Not reached
2026-08-04T09:14:39.000Z,00QP500000r86pjMAA,NL,0127Q000000upr9QAA,Status,Not reached,Brochure
2026-08-04T09:14:15.000Z,00QP500000rFFLEMA4,NL,0127Q000000upr9QAA,Status,New,Lost
2026-08-04T09:12:21.000Z,00QP500000rEldIMAS,BE,0127Q000000eERIQA2,Status,New,Appointment
2026-08-04T09:11:38.000Z,00QP500000rEK6oMAG,NL,0127Q000000upr9QAA,Status,New,Not reached
2026-08-04T09:10:57.000Z,00QP500000rBSSHMA4,NL,0127Q000000upr9QAA,Status,Not reached,Re-entered
2026-08-04T09:10:12.000Z,00QP500000r0UpIMAU,NL,0127Q000000upr9QAA,Status,Not reached,Follow-up
2026-08-04T09:09:58.000Z,00QP500000rEgQfMAK,NL,0127Q000000upr9QAA,Status,New,Not Qualified
2026-08-04T09:08:36.000Z,00QP500000r0WPbMAM,NL,0127Q000000upr9QAA,Status,Not reached,Follow-up
2026-08-04T09:08:28.000Z,00QP500000rFf2jMAC,NL,0127Q000000upr9QAA,Status,New,Appointment
2026-08-04T09:06:37.000Z,00QP500000r4giGMAQ,NL,0127Q000000upr9QAA,Status,Not reached,Not Qualified
2026-08-04T09:05:41.000Z,00QP500000rF5VXMA0,NL,0127Q000000upr9QAA,Status,New,Mailjourney
2026-08-04T09:05:28.000Z,00QP500000rAFIhMAO,NL,0127Q000000upr9QAA,Status,Not reached,Not Qualified
2026-08-04T09:04:11.000Z,00QP500000rBSSHMA4,NL,0127Q000000upr9QAA,Status,New,Not reached
2026-08-04T09:02:42.000Z,00QP500000r2aFiMAI,NL,0127Q000000upr9QAA,Status,Not reached,Not Qualified
2026-08-04T09:02:38.000Z,00QP500000rAwc9MAC,NL,0127Q000000upr9QAA,Status,New,Not reached
2026-08-04T08:59:22.000Z,00QP500000qSLy1MAG,NL,0127Q000000upr9QAA,Status,Not reached,Mailjourney
2026-08-04T08:58:45.000Z,00QP500000qSLy1MAG,NL,0127Q000000upr9QAA,Status,Re-entered,Not reached
2026-08-04T08:58:29.000Z,00QP500000r0tkNMAQ,NL,0127Q000000upr9QAA,Status,Not reached,Not Qualified
2026-08-04T08:57:37.000Z,00QP500000rEK6pMAG,NL,0127Q000000upr9QAA,Status,New,Not Qualified
2026-08-04T08:56:42.000Z,00QP500000rBbaQMAS,NL,0127Q000000upr9QAA,Status,New,Mailjourney
2026-08-04T08:54:59.000Z,00QP500000r3wfIMAQ,NL,0127Q000000upr9QAA,Status,Not reached,Not Qualified
2026-08-04T08:52:56.000Z,00QP500000rAg15MAC,NL,0127Q000000upr9QAA,Status,New,Not Qualified
2026-08-04T08:50:51.000Z,00QP500000rC27ZMAS,NL,0127Q000000upr9QAA,Status,New,Not Qualified
2026-08-04T08:50:08.000Z,00QP500000rFAVBMA4,BE,0127Q000000eERIQA2,Status,New,Appointment
2026-08-04T08:50:06.000Z,00QP500000rAFIhMAO,NL,0127Q000000upr9QAA,Status,New,Not reached
2026-08-04T08:49:08.000Z,00QQD00000VFkOr2AL,NL,0127Q000000upr9QAA,Status,Lost,Mailjourney
2026-08-04T08:47:57.000Z,00QP500000rFOl4MAG,NL,0127Q000000upr9QAA,Status,New,Appointment
2026-08-04T08:47:49.000Z,00QP500000rAWrMMAW,NL,0127Q000000upr9QAA,Status,New,Not Qualified
2026-08-04T08:46:45.000Z,00QP500000rEGmLMAW,BE,0127Q000000eERIQA2,Status,New,Mailjourney
2026-08-04T08:46:03.000Z,00QP500000r7RD3MAM,BE,0127Q000000eERIQA2,Status,Follow-up,Appointment
2026-08-04T08:44:54.000Z,00QP500000r14uWMAQ,NL,0127Q000000upr9QAA,Status,Not reached,Appointment
2026-08-04T08:43:35.000Z,00QP500000rB346MAC,BE,0127Q000000eERIQA2,Status,New,Not Qualified
2026-08-04T08:43:00.000Z,00QP500000rASm9MAG,NL,0127Q000000upr9QAA,Status,New,Appointment
2026-08-04T08:40:03.000Z,00QP500000rF7NdMAK,BE,0127Q000000eERIQA2,Status,New,Follow-up
2026-08-04T08:39:19.000Z,00QQD00000RlYDB2A3,NL,0127Q000000upr9QAA,Status,Follow-up,Appointment
2026-08-04T08:38:36.000Z,00QP500000rE6DWMA0,NL,0127Q000000upr9QAA,Status,New,Appointment
2026-08-04T08:36:01.000Z,00QQD00000ZGBNJ2A5,BE,0127Q000000eERIQA2,Status,Re-entered,Follow-up
2026-08-04T08:35:14.000Z,00QP500000rBcpsMAC,NL,0127Q000000upr9QAA,Status,New,Appointment
2026-08-04T08:34:12.000Z,00QP500000rESUAMA4,BE,0127Q000000eERIQA2,Status,New,Not reached
2026-08-04T08:34:04.000Z,00QP500000rASR9MAO,NL,0127Q000000upr9QAA,Status,New,Brochure
2026-08-04T08:31:57.000Z,00QP500000rFHA5MAO,BE,0127Q000000eERIQA2,Status,New,Appointment
2026-08-04T08:31:31.000Z,00QP500000rAz8XMAS,BE,0127Q000000eERIQA2,Status,New,Appointment
2026-08-04T08:26:52.000Z,00QP500000qz8vaMAA,NL,0127Q000000upr9QAA,Status,Not reached,Not Qualified
2026-08-04T08:26:08.000Z,00QP500000puAKJMA2,NL,0127Q000000upr9QAA,Status,Mailjourney,Appointment
2026-08-04T08:22:42.000Z,00QP500000qvOCYMA2,NL,0127Q000000upr9QAA,Status,Not reached,Follow-up
2026-08-04T08:20:39.000Z,00QP500000qy7OtMAI,BE,0127Q000000eERIQA2,Status,Follow-up,Appointment
2026-08-04T08:19:17.000Z,00QQD00000APwMr2AL,NL,0127Q000000upr9QAA,Status,Re-entered,Not reached
2026-08-04T08:17:25.000Z,00QP500000rBbaPMAS,NL,0127Q000000upr9QAA,Status,New,Appointment
2026-08-04T08:16:45.000Z,00QQD00000BEMdR2AX,NL,0127Q000000upr9QAA,Status,Re-entered,Not reached
2026-08-04T08:15:08.000Z,00QP500000qyNJyMAM,NL,0127Q000000upr9QAA,Status,Re-entered,Not reached
2026-08-04T08:14:39.000Z,00QP500000rF2z3MAC,NL,0127Q000000upr9QAA,Status,New,Appointment
2026-08-04T08:14:09.000Z,00QP500000rBIuMMAW,NL,0127Q000000upr9QAA,Status,New,Not reached
2026-08-04T08:07:48.000Z,00QP500000rEfWQMA0,BE,0127Q000000eERIQA2,Status,New,Not reached
2026-08-04T07:50:59.000Z,00QP500000rEIHyMAO,BE,0127Q000000eERIQA2,Status,New,Appointment
2026-08-04T07:40:34.000Z,00QQD00000ZFRTD2A5,BE,0127Q000000eERIQA2,Status,Re-entered,Follow-up
2026-08-04T07:39:51.000Z,00QP500000rEG6TMAW,BE,0127Q000000eERIQA2,Status,New,Mailjourney
2026-08-04T07:30:00.000Z,00QP500000rE8s2MAC,BE,0127Q000000eERIQA2,Status,New,Not reached
2026-08-04T07:29:50.000Z,00QP500000rDYmyMAG,BE,0127Q000000eERIQA2,Status,New,Follow-up
2026-08-04T07:25:48.000Z,00QP500000rBTMtMAO,BE,0127Q000000eERIQA2,Status,New,Follow-up
2026-08-04T07:25:13.000Z,00QP500000rDTdcMAG,BE,0127Q000000eERIQA2,Status,New,Not reached
2026-08-04T07:21:05.000Z,00QP500000rAqFLMA0,BE,0127Q000000eERIQA2,Status,New,Not Qualified
2026-08-04T07:20:30.000Z,00QP500000rBtM1MAK,BE,0127Q000000eERIQA2,Status,New,Not reached
2026-08-04T07:19:06.000Z,00QP500000rELVtMAO,BE,0127Q000000eERIQA2,Status,New,Follow-up
2026-08-04T07:17:40.000Z,00QP500000rAIExMAO,BE,0127Q000000eERIQA2,Status,New,Not reached
2026-08-04T07:15:44.000Z,00QP500000rBupaMAC,BE,0127Q000000eERIQA2,Status,New,Mailjourney
2026-08-04T07:12:26.000Z,00QP500000rDDepMAG,BE,0127Q000000eERIQA2,Status,New,Follow-up
2026-08-04T07:04:07.000Z,00QP500000rCvgjMAC,BE,0127Q000000eERIQA2,Status,New,Not reached
2026-08-04T07:02:49.000Z,00QQD00000BEMdR2AX,NL,0127Q000000upr9QAA,Status,Mailjourney,Re-entered
2026-08-04T06:59:41.000Z,00QP500000rBXQLMA4,BE,0127Q000000eERIQA2,Status,New,Mailjourney
2026-08-04T06:36:20.000Z,00QP500000r3setMAA,BE,0127Q000000eERIQA2,Status,Not reached,Appointment
2026-08-03T20:47:56.000Z,00QQD00000APwMr2AL,NL,0127Q000000upr9QAA,Status,Mailjourney,Re-entered
2026-08-03T19:41:00.000Z,00QP500000qyNJyMAM,NL,0127Q000000upr9QAA,Status,Not reached,Re-entered
2026-08-03T17:23:00.000Z,00QQD00000ZGBNJ2A5,BE,0127Q000000eERIQA2,Status,Not Qualified,Re-entered
2026-08-03T16:28:13.000Z,00QP500000qSLy1MAG,NL,0127Q000000upr9QAA,Status,Follow-up,Re-entered
2026-08-03T15:01:42.000Z,00QP500000rAAE9MAO,BE,0127Q000000eERIQA2,Status,New,Not reached
2026-08-03T14:56:59.000Z,00QQD00000ZFRTD2A5,BE,0127Q000000eERIQA2,Status,Converted Old SF,Re-entered
2026-08-03T14:50:15.000Z,00QP500000r96niMAA,NL,0127Q000000upr9QAA,Status,New,Appointment
2026-08-03T14:41:02.000Z,00QP500000r9sPFMAY,NL,0127Q000000upr9QAA,Status,New,Appointment
2026-08-03T14:33:02.000Z,00QQD00000aSsgj2AC,NL,0127Q000000upr9QAA,Status,Follow-up,Mailjourney
2026-08-03T14:29:01.000Z,00QQD00000Z1f3O2AR,NL,0127Q000000upr9QAA,Status,Follow-up,Lost
2026-08-03T14:26:29.000Z,00QP500000qha78MAA,NL,0127Q000000upr9QAA,Status,Follow-up,Mailjourney
2026-08-03T14:26:03.000Z,00QP500000rAWo6MAG,BE,0127Q000000eERIQA2,Status,New,Not reached
2026-08-03T14:25:18.000Z,00QQD00000ZGbUH2A1,BE,0127Q000000eERIQA2,Status,Mailjourney,Follow-up
2026-08-03T14:25:03.000Z,00QP500000rA4lPMAS,NL,0127Q000000upr9QAA,Status,New,Appointment
2026-08-03T14:24:56.000Z,00QP500000r9wENMAY,BE,0127Q000000eERIQA2,Status,New,Not Qualified
2026-08-03T14:23:52.000Z,00QP500000qNwJtMAK,NL,0127Q000000upr9QAA,Status,Follow-up,Mailjourney
2026-08-03T14:20:32.000Z,00QP500000rANEXMA4,NL,0127Q000000upr9QAA,Status,New,Not Qualified
2026-08-03T14:20:30.000Z,00QQD00000dLRbR2AW,BE,0127Q000000eERIQA2,Status,Re-entered,Follow-up
2026-08-03T14:18:48.000Z,00QP500000q7GOjMAM,NL,0127Q000000upr9QAA,Status,Follow-up,Mailjourney
2026-08-03T14:13:54.000Z,00QP500000qsuH0MAI,NL,0127Q000000upr9QAA,Status,Follow-up,Mailjourney
2026-08-03T14:13:19.000Z,00QP500000r8fSdMAI,BE,0127Q000000eERIQA2,Status,New,Mailjourney
2026-08-03T14:11:59.000Z,00QP500000qr2nJMAQ,NL,0127Q000000upr9QAA,Status,Follow-up,Lost
2026-08-03T14:08:41.000Z,00QP500000qeQx9MAE,NL,0127Q000000upr9QAA,Status,Follow-up,Mailjourney
2026-08-03T14:08:12.000Z,00QP500000qz6FRMAY,NL,0127Q000000upr9QAA,Status,Not reached,Appointment
2026-08-03T14:06:27.000Z,00QP500000qVs9SMAS,BE,0127Q000000eERIQA2,Status,Mailjourney,Follow-up
2026-08-03T14:06:19.000Z,00QP500000qe0ONMAY,NL,0127Q000000upr9QAA,Status,Lost,Appointment
2026-08-03T14:05:06.000Z,00QP500000rAKerMAG,NL,0127Q000000upr9QAA,Status,New,Not reached
2026-08-03T14:03:51.000Z,00QP500000r51D4MAI,NL,0127Q000000upr9QAA,Status,Not reached,Appointment
2026-08-03T14:02:51.000Z,00QP500000rAI3aMAG,NL,0127Q000000upr9QAA,Status,New,Appointment
2026-08-03T13:59:34.000Z,00QQD00000ZH2BC2A1,BE,0127Q000000eERIQA2,Status,Not reached,Appointment
2026-08-03T13:56:43.000Z,00QP500000r5Bp7MAE,BE,0127Q000000eERIQA2,Status,Not reached,Not Qualified
2026-08-03T13:54:44.000Z,00QQD00000ZGuYr2AL,BE,0127Q000000eERIQA2,Status,Not reached,Follow-up
2026-08-03T13:54:22.000Z,00QP500000r9P0kMAE,NL,0127Q000000upr9QAA,Status,New,Brochure
2026-08-03T13:51:12.000Z,00QQD00000AQap82AD,NL,0127Q000000upr9QAA,Status,Re-entered,Appointment
2026-08-03T13:49:30.000Z,00QP500000r9j0zMAA,NL,0127Q000000upr9QAA,Status,New,Not reached
2026-08-03T13:48:21.000Z,00QQD00000ZGnaM2AT,BE,0127Q000000eERIQA2,Status,Not reached,Appointment
2026-08-03T13:46:21.000Z,00QQD00000ZH2BC2A1,BE,0127Q000000eERIQA2,Status,Follow-up,Not reached
2026-08-03T13:45:18.000Z,00QP500000r2labMAA,BE,0127Q000000eERIQA2,Status,Mailjourney,Not reached
2026-08-03T13:42:51.000Z,00QP500000r9sPHMAY,NL,0127Q000000upr9QAA,Status,New,Appointment
2026-08-03T13:42:20.000Z,00QP500000qrrjNMAQ,NL,0127Q000000upr9QAA,Status,Follow-up,Lost
2026-08-03T13:42:00.000Z,00QQD00000BqLMz2AN,NL,0127Q000000upr9QAA,Status,Not reached,Mailjourney
2026-08-03T13:40:15.000Z,00QP500000r4oxNMAQ,BE,0127Q000000eERIQA2,Status,Not reached,Appointment
2026-08-03T13:36:56.000Z,00QP500000rAFfBMAW,NL,0127Q000000upr9QAA,Status,New,Appointment
2026-08-03T13:36:23.000Z,00QP500000r7uzwMAA,BE,0127Q000000eERIQA2,Status,Not reached,Appointment
2026-08-03T13:33:27.000Z,00QP500000r55oeMAA,NL,0127Q000000upr9QAA,Status,Not reached,Appointment
2026-08-03T13:32:41.000Z,00QP500000r8C8lMAE,NL,0127Q000000upr9QAA,Status,Not reached,Follow-up
2026-08-03T13:29:35.000Z,00QP500000r6HinMAE,BE,0127Q000000eERIQA2,Status,Not reached,Not Qualified
2026-08-03T13:26:50.000Z,00QP500000r5E77MAE,BE,0127Q000000eERIQA2,Status,Not reached,Follow-up
2026-08-03T13:24:48.000Z,00QP500000qSUEvMAO,NL,0127Q000000upr9QAA,Status,Not reached,Lost
2026-08-03T13:23:59.000Z,00QP500000r4ZwmMAE,NL,0127Q000000upr9QAA,Status,Not reached,Lost
2026-08-03T13:23:15.000Z,00QP500000r39ufMAA,BE,0127Q000000eERIQA2,Status,Not reached,Not Qualified
2026-08-03T13:22:25.000Z,00QP500000qVs9SMAS,BE,0127Q000000eERIQA2,Status,Follow-up,Mailjourney
2026-08-03T13:20:27.000Z,00QP500000r9ZeLMAU,NL,0127Q000000upr9QAA,Status,Brochure,Follow-up
2026-08-03T13:19:47.000Z,00QP500000r1q2rMAA,BE,0127Q000000eERIQA2,Status,Not reached,Follow-up
2026-08-03T13:18:56.000Z,00QP500000r84MXMAY,NL,0127Q000000upr9QAA,Status,Brochure,Mailjourney
2026-08-03T13:17:43.000Z,00QP500000r7MGbMAM,NL,0127Q000000upr9QAA,Status,Brochure,Follow-up
2026-08-03T13:17:43.000Z,00QP500000r3bHSMAY,NL,0127Q000000upr9QAA,Status,Brochure,Follow-up
2026-08-03T13:17:43.000Z,00QP500000r8WfMMAU,NL,0127Q000000upr9QAA,Status,Brochure,Follow-up
2026-08-03T13:17:43.000Z,00QP500000r7z6hMAA,NL,0127Q000000upr9QAA,Status,Brochure,Follow-up
2026-08-03T13:17:31.000Z,00QP500000r9sPGMAY,NL,0127Q000000upr9QAA,Status,New,Mailjourney
2026-08-03T13:16:10.000Z,00QQD00000YWupt2AD,NL,0127Q000000upr9QAA,Status,Re-entered,Appointment
2026-08-03T13:14:02.000Z,00QP500000r9pHhMAI,NL,0127Q000000upr9QAA,Status,New,Not reached
2026-08-03T13:12:12.000Z,00QP500000r1LGuMAM,BE,0127Q000000eERIQA2,Status,Not reached,Lost
2026-08-03T13:11:27.000Z,00QP500000r9BLyMAM,NL,0127Q000000upr9QAA,Status,New,Appointment
2026-08-03T13:08:16.000Z,00QP500000r98cbMAA,NL,0127Q000000upr9QAA,Status,New,Follow-up
2026-08-03T13:04:23.000Z,00QP500000r2LD7MAM,NL,0127Q000000upr9QAA,Status,Not reached,Appointment
2026-08-03T13:02:58.000Z,00QP500000r3uVXMAY,NL,0127Q000000upr9QAA,Status,Not reached,Appointment
2026-08-03T13:00:48.000Z,00QP500000r50YjMAI,NL,0127Q000000upr9QAA,Status,Not reached,Appointment
2026-08-03T12:59:57.000Z,00QQD00000AQap82AD,NL,0127Q000000upr9QAA,Status,Converted Old SF,Re-entered
2026-08-03T12:59:50.000Z,00QP500000r8m5sMAA,NL,0127Q000000upr9QAA,Status,New,Appointment
2026-08-03T12:54:28.000Z,00QP500000r3z72MAA,NL,0127Q000000upr9QAA,Status,Not reached,Mailjourney
2026-08-03T12:52:49.000Z,00QP500000r4030MAA,NL,0127Q000000upr9QAA,Status,Not reached,Lost
2026-08-03T12:51:04.000Z,00QP500000r20LaMAI,NL,0127Q000000upr9QAA,Status,Not reached,Follow-up
2026-08-03T12:50:33.000Z,00QP500000r1nkxMAA,NL,0127Q000000upr9QAA,Status,Not reached,Appointment
2026-08-03T12:47:15.000Z,00QQD00000YWupt2AD,NL,0127Q000000upr9QAA,Status,Lost,Re-entered
2026-08-03T12:43:20.000Z,00QP500000r9PNGMA2,NL,0127Q000000upr9QAA,Status,New,Appointment
2026-08-03T12:39:33.000Z,00QP500000r8EKNMA2,NL,0127Q000000upr9QAA,Status,New,Not Qualified
2026-08-03T12:36:28.000Z,00QP500000r9ZeLMAU,NL,0127Q000000upr9QAA,Status,New,Brochure
2026-08-03T12:32:43.000Z,00QP500000r8fIvMAI,BE,0127Q000000eERIQA2,Status,New,Not Qualified
2026-08-03T12:31:30.000Z,00QP500000r8WfMMAU,NL,0127Q000000upr9QAA,Status,New,Brochure
2026-08-03T12:29:12.000Z,00QP500000r0LZ2MAM,NL,0127Q000000upr9QAA,Status,Not reached,Appointment
2026-08-03T12:27:39.000Z,00QP500000r8nl0MAA,NL,0127Q000000upr9QAA,Status,New,Appointment
2026-08-03T12:27:18.000Z,00QP500000r0HLpMAM,BE,0127Q000000eERIQA2,Status,Not reached,Follow-up
2026-08-03T12:25:19.000Z,00QP500000r2labMAA,BE,0127Q000000eERIQA2,Status,Not reached,Mailjourney
2026-08-03T12:24:39.000Z,00QP500000r833pMAA,NL,0127Q000000upr9QAA,Status,New,Not Qualified
2026-08-03T12:24:00.000Z,00QP500000r9cZ3MAI,NL,0127Q000000upr9QAA,Status,New,Appointment
2026-08-03T12:23:44.000Z,00QP500000r48gRMAQ,NL,0127Q000000upr9QAA,Status,Not reached,Not Qualified
2026-08-03T12:22:06.000Z,00QP500000r8Y2nMAE,NL,0127Q000000upr9QAA,Status,New,Appointment
2026-08-03T12:21:59.000Z,00QP500000r0BgCMAU,NL,0127Q000000upr9QAA,Status,Not reached,Mailjourney
2026-08-03T12:19:47.000Z,00QP500000r7ToLMAU,BE,0127Q000000eERIQA2,Status,Not reached,Appointment
2026-08-03T12:18:45.000Z,00QP500000r1VHpMAM,NL,0127Q000000upr9QAA,Status,Not reached,Mailjourney
2026-08-03T12:15:38.000Z,00QP500000r4J3zMAE,NL,0127Q000000upr9QAA,Status,Not reached,Lost
2026-08-03T12:15:22.000Z,00QP500000r1c9cMAA,NL,0127Q000000upr9QAA,Status,Not reached,Mailjourney
2026-08-03T12:12:14.000Z,00QP500000r0IPrMAM,BE,0127Q000000eERIQA2,Status,Not reached,Appointment
2026-08-03T12:11:02.000Z,00QQD00000DP4fI2AT,NL,0127Q000000upr9QAA,Status,Not reached,Lost
2026-08-03T12:10:35.000Z,00QP500000r8vygMAA,NL,0127Q000000upr9QAA,Status,New,Not Qualified
2026-08-03T12:09:11.000Z,00QP500000r130bMAA,NL,0127Q000000upr9QAA,Status,Re-entered,Mailjourney
2026-08-03T12:04:57.000Z,00QP500000r0qxrMAA,NL,0127Q000000upr9QAA,Status,Follow-up,Appointment
2026-08-03T12:04:22.000Z,00QP500000r84MXMAY,NL,0127Q000000upr9QAA,Status,Not reached,Brochure
2026-08-03T12:03:51.000Z,00QP500000r130bMAA,NL,0127Q000000upr9QAA,Status,Mailjourney,Re-entered
2026-08-03T12:03:28.000Z,00QQD00000e3PE92AM,NL,0127Q000000upr9QAA,Status,Follow-up,Mailjourney
2026-08-03T12:02:31.000Z,00QP500000r085VMAQ,NL,0127Q000000upr9QAA,Status,Not reached,Follow-up
2026-08-03T12:00:36.000Z,00QP500000r7z6hMAA,NL,0127Q000000upr9QAA,Status,New,Brochure
2026-08-03T11:59:49.000Z,00QP500000qaDTuMAM,NL,0127Q000000upr9QAA,Status,Follow-up,Mailjourney
2026-08-03T11:58:43.000Z,00QP500000qLwW7MAK,NL,0127Q000000upr9QAA,Status,Follow-up,Mailjourney
2026-08-03T11:56:56.000Z,00QP500000r7xRVMAY,NL,0127Q000000upr9QAA,Status,New,Not Qualified
2026-08-03T11:56:40.000Z,00QP500000qRcL2MAK,BE,0127Q000000eERIQA2,Status,Follow-up,Mailjourney
2026-08-03T11:55:19.000Z,00QP500000qwpovMAA,NL,0127Q000000upr9QAA,Status,Not reached,Not Qualified
2026-08-03T11:55:09.000Z,00QP500000qOy1tMAC,BE,0127Q000000eERIQA2,Status,Follow-up,Mailjourney
2026-08-03T11:53:38.000Z,00QP500000qNceXMAS,BE,0127Q000000eERIQA2,Status,Follow-up,Mailjourney
2026-08-03T11:51:21.000Z,00QP500000r9247MAA,BE,0127Q000000eERIQA2,Status,New,Not Qualified
2026-08-03T11:50:20.000Z,00QP500000r84MXMAY,NL,0127Q000000upr9QAA,Status,New,Not reached
2026-08-03T11:48:09.000Z,00QP500000r8gd5MAA,NL,0127Q000000upr9QAA,Status,New,Follow-up
2026-08-03T11:45:44.000Z,00QP500000r8VD1MAM,NL,0127Q000000upr9QAA,Status,Not reached,Appointment
2026-08-03T11:41:04.000Z,00QP500000r86pjMAA,NL,0127Q000000upr9QAA,Status,New,Not reached
2026-08-03T11:38:02.000Z,00QP500000qsk39MAA,BE,0127Q000000eERIQA2,Status,Not reached,Follow-up
2026-08-03T11:37:14.000Z,00QP500000qvSbCMAU,BE,0127Q000000eERIQA2,Status,Follow-up,Mailjourney
2026-08-03T11:37:01.000Z,00QP500000qslVUMAY,BE,0127Q000000eERIQA2,Status,Not reached,Not Qualified
2026-08-03T11:36:50.000Z,00QP500000qqmx3MAA,BE,0127Q000000eERIQA2,Status,Not reached,Follow-up
2026-08-03T11:34:49.000Z,00QP500000qnmC2MAI,BE,0127Q000000eERIQA2,Status,Not reached,Follow-up
2026-08-03T11:32:57.000Z,00QP500000qQfzJMAS,BE,0127Q000000eERIQA2,Status,Follow-up,Mailjourney
2026-08-03T11:31:15.000Z,00QP500000r6XpCMAU,BE,0127Q000000eERIQA2,Status,Not reached,Follow-up
2026-08-03T11:30:14.000Z,00QP500000qEBwxMAG,BE,0127Q000000eERIQA2,Status,Follow-up,Lost
2026-08-03T11:29:27.000Z,00QQD00000RlYDB2A3,NL,0127Q000000upr9QAA,Status,Lost,Follow-up
2026-08-03T11:26:12.000Z,00QP500000r8oArMAI,NL,0127Q000000upr9QAA,Status,New,Appointment
2026-08-03T11:23:28.000Z,00QP500000qLYGvMAO,BE,0127Q000000eERIQA2,Status,Follow-up,Mailjourney
2026-08-03T11:21:57.000Z,00QP500000qQ3M7MAK,NL,0127Q000000upr9QAA,Status,Follow-up,Appointment
2026-08-03T11:14:03.000Z,00QP500000qhKC1MAM,BE,0127Q000000eERIQA2,Status,Not reached,Follow-up
2026-08-03T11:13:26.000Z,00QP500000r8VD1MAM,NL,0127Q000000upr9QAA,Status,New,Not reached
2026-08-03T11:12:34.000Z,00QP500000qpSynMAE,BE,0127Q000000eERIQA2,Status,Not reached,Follow-up
2026-08-03T11:07:01.000Z,00QP500000r7xRWMAY,NL,0127Q000000upr9QAA,Status,New,Not Qualified
2026-08-03T11:05:36.000Z,00QP500000qqjZNMAY,BE,0127Q000000eERIQA2,Status,Not reached,Follow-up
2026-08-03T11:05:32.000Z,00QP500000r8mtmMAA,NL,0127Q000000upr9QAA,Status,New,Not Qualified
2026-08-03T11:05:12.000Z,00QP500000r98cYMAQ,NL,0127Q000000upr9QAA,Status,New,Not Qualified
2026-08-03T11:03:57.000Z,00QP500000r7uzwMAA,BE,0127Q000000eERIQA2,Status,New,Not reached
2026-08-03T10:55:18.000Z,00QQD00000aCvx32AC,NL,0127Q000000upr9QAA,Status,Mailjourney,Appointment
2026-08-03T10:53:10.000Z,00QP500000r90LdMAI,BE,0127Q000000eERIQA2,Status,New,Appointment
2026-08-03T10:45:20.000Z,00QQD00000b5LmV2AU,NL,0127Q000000upr9QAA,Status,Follow-up,Lost
2026-08-03T10:40:41.000Z,00QP500000r8C8lMAE,NL,0127Q000000upr9QAA,Status,New,Not reached
2026-08-03T10:37:57.000Z,00QQD00000AQOXX2A5,NL,0127Q000000upr9QAA,Status,Follow-up,Mailjourney
2026-08-03T10:36:56.000Z,00QP500000r74RoMAI,NL,0127Q000000upr9QAA,Status,New,Appointment
2026-08-03T10:36:49.000Z,00QP500000r7dO9MAI,NL,0127Q000000upr9QAA,Status,New,Appointment
2026-08-03T10:36:32.000Z,00QP500000r8MUkMAM,NL,0127Q000000upr9QAA,Status,New,Not Qualified
2026-08-03T10:34:54.000Z,00QP500000r8JVBMA2,NL,0127Q000000upr9QAA,Status,New,Appointment
2026-08-03T10:30:33.000Z,00QP500000r74RnMAI,NL,0127Q000000upr9QAA,Status,New,Not Qualified
2026-08-03T10:30:27.000Z,00QP500000r7BGLMA2,NL,0127Q000000upr9QAA,Status,New,Mailjourney
2026-08-03T10:29:54.000Z,00QP500000r7MGbMAM,NL,0127Q000000upr9QAA,Status,New,Brochure
2026-08-03T10:28:25.000Z,00QP500000r6aNHMAY,NL,0127Q000000upr9QAA,Status,New,Not reached
2026-08-03T10:27:29.000Z,00QP500000r8AgSMAU,BE,0127Q000000eERIQA2,Status,New,Not reached
2026-08-03T10:24:52.000Z,00QP500000r7NXhMAM,NL,0127Q000000upr9QAA,Status,New,Not reached
2026-08-03T10:24:51.000Z,00QQD00000e2xt02AA,NL,0127Q000000upr9QAA,Status,Re-entered,Mailjourney
2026-08-03T10:23:52.000Z,00QP500000r74RpMAI,NL,0127Q000000upr9QAA,Status,New,Appointment
2026-08-03T10:23:25.000Z,00QP500000r82apMAA,NL,0127Q000000upr9QAA,Status,New,Not Qualified
2026-08-03T10:23:10.000Z,00QP500000r8IAvMAM,NL,0127Q000000upr9QAA,Status,New,Not reached
2026-08-03T10:21:45.000Z,00QP500000r8McnMAE,NL,0127Q000000upr9QAA,Status,New,Appointment
2026-08-03T10:21:03.000Z,00QP500000r7TObMAM,NL,0127Q000000upr9QAA,Status,New,Appointment
2026-08-03T10:16:29.000Z,00QP500000r7PsoMAE,NL,0127Q000000upr9QAA,Status,New,Not reached
2026-08-03T10:15:05.000Z,00QP500000r6aWxMAI,NL,0127Q000000upr9QAA,Status,New,Not Qualified
2026-08-03T10:14:01.000Z,00QP500000r6zjrMAA,NL,0127Q000000upr9QAA,Status,New,Not reached
2026-08-03T10:13:09.000Z,00QP500000r8kOvMAI,NL,0127Q000000upr9QAA,Status,New,Not Qualified
2026-08-03T10:09:01.000Z,00QP500000r6g4bMAA,NL,0127Q000000upr9QAA,Status,New,Not Qualified
2026-08-03T10:08:24.000Z,00QP500000r7QX8MAM,NL,0127Q000000upr9QAA,Status,New,Not Qualified
2026-08-03T10:07:02.000Z,00QP500000qrPYbMAM,BE,0127Q000000eERIQA2,Status,Not reached,Follow-up
2026-08-03T10:06:19.000Z,00QP500000r4Xi1MAE,NL,0127Q000000upr9QAA,Status,New,Appointment
2026-08-03T10:03:23.000Z,00QQD00000clSkX2AU,BE,0127Q000000eERIQA2,Status,Re-entered,Follow-up
2026-08-03T10:01:54.000Z,00QP500000qHIsEMAW,NL,0127Q000000upr9QAA,Status,Re-entered - Phone Number Changed,Appointment
2026-08-03T09:58:45.000Z,00QP500000r5LdBMAU,BE,0127Q000000eERIQA2,Status,New,Not reached
2026-08-03T09:57:48.000Z,00QP500000r8MKzMAM,BE,0127Q000000eERIQA2,Status,New,Appointment
2026-08-03T09:57:37.000Z,00QP500000r2aFiMAI,NL,0127Q000000upr9QAA,Status,New,Not reached
2026-08-03T09:57:19.000Z,00QP500000r70soMAA,BE,0127Q000000eERIQA2,Status,New,Not reached
2026-08-03T09:56:55.000Z,00QP500000r24lmMAA,NL,0127Q000000upr9QAA,Status,New,Lost
2026-08-03T09:54:29.000Z,00QQD00000ZGoac2AD,BE,0127Q000000eERIQA2,Status,Re-entered,Follow-up
2026-08-03T09:53:34.000Z,00QP500000r20LaMAI,NL,0127Q000000upr9QAA,Status,New,Not reached
2026-08-03T09:51:13.000Z,00QP500000r2LD7MAM,NL,0127Q000000upr9QAA,Status,New,Not reached
2026-08-03T09:50:12.000Z,00QP500000r2a45MAA,NL,0127Q000000upr9QAA,Status,Not reached,Mailjourney
2026-08-03T09:49:35.000Z,00QP500000r2a45MAA,NL,0127Q000000upr9QAA,Status,New,Not reached
2026-08-03T09:49:31.000Z,00QP500000r7n8jMAA,BE,0127Q000000eERIQA2,Status,New,Not reached
2026-08-03T09:49:09.000Z,00QP500000r3Yl2MAE,NL,0127Q000000upr9QAA,Status,New,Not reached
2026-08-03T09:47:39.000Z,00QP500000r2a46MAA,NL,0127Q000000upr9QAA,Status,New,Not reached
2026-08-03T09:47:35.000Z,00QQD00000RfdPF2AZ,NL,0127Q000000upr9QAA,Status,Re-entered,Appointment
2026-08-03T09:47:18.000Z,00QP500000r8MrFMAU,BE,0127Q000000eERIQA2,Status,New,Follow-up
2026-08-03T09:46:11.000Z,00QP500000r3bHSMAY,NL,0127Q000000upr9QAA,Status,New,Brochure
2026-08-03T09:45:55.000Z,00QP500000qeTBtMAM,BE,0127Q000000eERIQA2,Status,Follow-up,Appointment
2026-08-03T09:45:27.000Z,00QP500000r0SEEMA2,BE,0127Q000000eERIQA2,Status,New,Not Qualified
2026-08-03T09:44:58.000Z,00QP500000r4563MAA,NL,0127Q000000upr9QAA,Status,Brochure,Lost
2026-08-03T09:44:28.000Z,00QQD00000coiO92AI,NL,0127Q000000upr9QAA,Status,Brochure,Follow-up
2026-08-03T09:44:28.000Z,00QP500000r5KlzMAE,NL,0127Q000000upr9QAA,Status,Brochure,Follow-up
2026-08-03T09:44:28.000Z,00QP500000r5SmkMAE,NL,0127Q000000upr9QAA,Status,Brochure,Follow-up
2026-08-03T09:44:28.000Z,00QP500000qteeoMAA,NL,0127Q000000upr9QAA,Status,Brochure,Follow-up
2026-08-03T09:44:23.000Z,00QP500000r4hG4MAI,NL,0127Q000000upr9QAA,Status,Not reached,Mailjourney
2026-08-03T09:43:51.000Z,00QP500000r2nClMAI,NL,0127Q000000upr9QAA,Status,New,Mailjourney
2026-08-03T09:40:16.000Z,00QP500000r4ld0MAA,BE,0127Q000000eERIQA2,Status,Not reached,Appointment
2026-08-03T09:40:02.000Z,00QP500000qSUEvMAO,NL,0127Q000000upr9QAA,Status,Re-entered,Not reached
2026-08-03T09:38:29.000Z,00QP500000r4ZwmMAE,NL,0127Q000000upr9QAA,Status,New,Not reached
2026-08-03T09:38:04.000Z,00QP500000r0oBJMAY,NL,0127Q000000upr9QAA,Status,New,Appointment
2026-08-03T09:37:06.000Z,00QP500000r3z71MAA,NL,0127Q000000upr9QAA,Status,New,Mailjourney
2026-08-03T09:36:54.000Z,00QP500000r3wfIMAQ,NL,0127Q000000upr9QAA,Status,New,Not reached
2026-08-03T09:36:08.000Z,00QQD00000ZGuYr2AL,BE,0127Q000000eERIQA2,Status,Re-entered,Not reached
2026-08-03T09:34:55.000Z,00QQD00000ZGo792AD,BE,0127Q000000eERIQA2,Status,Not reached,Mailjourney
2026-08-03T09:34:28.000Z,00QP500000r5UVBMA2,NL,0127Q000000upr9QAA,Status,New,Lost
2026-08-03T09:33:09.000Z,00QQD00000ZGo792AD,BE,0127Q000000eERIQA2,Status,Re-entered,Not reached
2026-08-03T09:32:26.000Z,00QP500000r4hG4MAI,NL,0127Q000000upr9QAA,Status,New,Not reached
2026-08-03T09:32:11.000Z,00QP500000r26alMAA,NL,0127Q000000upr9QAA,Status,New,Appointment
2026-08-03T09:31:00.000Z,00QP500000r4giGMAQ,NL,0127Q000000upr9QAA,Status,New,Not reached
2026-08-03T09:30:37.000Z,00QP500000r4ehuMAA,NL,0127Q000000upr9QAA,Status,New,Not Qualified
2026-08-03T09:27:50.000Z,00QP500000r1rF6MAI,NL,0127Q000000upr9QAA,Status,New,Mailjourney
2026-08-03T09:27:10.000Z,00QQD00000APxBp2AL,NL,0127Q000000upr9QAA,Status,Not reached,Lost
2026-08-03T09:26:42.000Z,00QQD00000APxBp2AL,NL,0127Q000000upr9QAA,Status,Re-entered,Not reached
2026-08-03T09:25:00.000Z,00QQD00000AQJZ62AP,NL,0127Q000000upr9QAA,Status,Re-entered,Follow-up
2026-08-03T09:24:58.000Z,00QP500000r1qxKMAQ,NL,0127Q000000upr9QAA,Status,New,Appointment
2026-08-03T09:23:30.000Z,00QP500000r6qmzMAA,BE,0127Q000000eERIQA2,Status,New,Not reached
2026-08-03T09:21:34.000Z,00QQD00000e3ML72AM,NL,0127Q000000upr9QAA,Status,Follow-up,Lost
2026-08-03T09:20:26.000Z,00QP500000r0wyPMAQ,NL,0127Q000000upr9QAA,Status,New,Appointment
2026-08-03T09:19:12.000Z,00QP500000r6XpCMAU,BE,0127Q000000eERIQA2,Status,New,Not reached
2026-08-03T09:17:25.000Z,00QP500000r57tcMAA,NL,0127Q000000upr9QAA,Status,New,Not reached
2026-08-03T09:16:56.000Z,00QP500000r5tnVMAQ,BE,0127Q000000eERIQA2,Status,New,Not reached
2026-08-03T09:16:41.000Z,00QP500000r1nkxMAA,NL,0127Q000000upr9QAA,Status,New,Not reached
2026-08-03T09:15:47.000Z,00QP500000r51D4MAI,NL,0127Q000000upr9QAA,Status,New,Not reached
2026-08-03T09:14:58.000Z,00QP500000r1OPzMAM,NL,0127Q000000upr9QAA,Status,New,Appointment
2026-08-03T09:14:14.000Z,00QP500000r4pbhMAA,NL,0127Q000000upr9QAA,Status,New,Mailjourney
2026-08-03T09:14:12.000Z,00QP500000r5BkHMAU,BE,0127Q000000eERIQA2,Status,New,Not reached
2026-08-03T09:13:21.000Z,00QP500000r1c9cMAA,NL,0127Q000000upr9QAA,Status,New,Not reached
2026-08-03T09:12:53.000Z,00QP500000r4iFIMAY,NL,0127Q000000upr9QAA,Status,New,Not reached
2026-08-03T09:11:59.000Z,00QP500000r0qxrMAA,NL,0127Q000000upr9QAA,Status,New,Follow-up
2026-08-03T09:11:43.000Z,00QP500000r3TOkMAM,BE,0127Q000000eERIQA2,Status,Re-entered,Appointment
2026-08-03T09:11:38.000Z,00QP500000r57dRMAQ,BE,0127Q000000eERIQA2,Status,New,Not reached
2026-08-03T09:11:16.000Z,00QP500000r4W1IMAU,NL,0127Q000000upr9QAA,Status,New,Mailjourney
2026-08-03T09:11:10.000Z,00QP500000r1SF6MAM,NL,0127Q000000upr9QAA,Status,Not reached,Follow-up
2026-08-03T09:10:29.000Z,00QP500000r0vPgMAI,NL,0127Q000000upr9QAA,Status,New,Mailjourney
2026-08-03T09:10:18.000Z,00QQD00000coiO92AI,NL,0127Q000000upr9QAA,Status,Re-entered,Brochure
2026-08-03T09:09:51.000Z,00QP500000r508yMAA,BE,0127Q000000eERIQA2,Status,New,Follow-up
2026-08-03T09:09:46.000Z,00QP500000r0tkNMAQ,NL,0127Q000000upr9QAA,Status,New,Not reached
2026-08-03T09:08:48.000Z,00QP500000r138eMAA,NL,0127Q000000upr9QAA,Status,New,Lost
2026-08-03T09:08:08.000Z,00QP500000r0fEPMAY,NL,0127Q000000upr9QAA,Status,New,Not Qualified
2026-08-03T09:07:17.000Z,00QQD00000AQRWE2A5,NL,0127Q000000upr9QAA,Status,Re-entered,Follow-up
2026-08-03T09:06:45.000Z,00QP500000r0WPbMAM,NL,0127Q000000upr9QAA,Status,New,Not reached
2026-08-03T09:04:38.000Z,00QP500000r6qyJMAQ,BE,0127Q000000eERIQA2,Status,New,Appointment
2026-08-03T09:04:13.000Z,00QP500000r1r5RMAQ,NL,0127Q000000upr9QAA,Status,New,Mailjourney
2026-08-03T09:03:31.000Z,00QP500000r0UpIMAU,NL,0127Q000000upr9QAA,Status,New,Not reached
2026-08-03T09:02:16.000Z,00QP500000r0QdXMAU,NL,0127Q000000upr9QAA,Status,New,Appointment
2026-08-03T09:01:55.000Z,00QQD00000ZGnaM2AT,BE,0127Q000000eERIQA2,Status,Re-entered,Not reached
2026-08-03T09:01:52.000Z,00QP500000r4zb5MAA,BE,0127Q000000eERIQA2,Status,New,Appointment
2026-08-03T08:59:11.000Z,00QP500000r3TOkMAM,BE,0127Q000000eERIQA2,Status,Mailjourney,Re-entered
2026-08-03T08:58:36.000Z,00QP500000r6HinMAE,BE,0127Q000000eERIQA2,Status,New,Not reached
2026-08-03T08:57:14.000Z,00QP500000r5LepMAE,BE,0127Q000000eERIQA2,Status,New,Not reached
2026-08-03T08:57:11.000Z,00QQD00000AQRWE2A5,NL,0127Q000000upr9QAA,Status,Mailjourney,Re-entered
2026-08-03T08:56:58.000Z,00QP500000qww48MAA,NL,0127Q000000upr9QAA,Status,Not reached,Not Qualified
2026-08-03T08:55:49.000Z,00QP500000r5E77MAE,BE,0127Q000000eERIQA2,Status,New,Not reached
2026-08-03T08:55:24.000Z,00QP500000qItmTMAS,NL,0127Q000000upr9QAA,Status,Re-entered,Mailjourney
2026-08-03T08:54:50.000Z,00QP500000qwVa9MAE,NL,0127Q000000upr9QAA,Status,New,Not reached
2026-08-03T08:53:43.000Z,00QQD00000ZH2BC2A1,BE,0127Q000000eERIQA2,Status,Mailjourney,Follow-up
2026-08-03T08:53:20.000Z,00QP500000qww48MAA,NL,0127Q000000upr9QAA,Status,New,Not reached
2026-08-03T08:53:16.000Z,00QP500000r4BcfMAE,BE,0127Q000000eERIQA2,Status,New,Not Qualified
2026-08-03T08:52:29.000Z,00QP500000r1zAzMAI,BE,0127Q000000eERIQA2,Status,New,Appointment
2026-08-03T08:51:47.000Z,00QP500000qxplLMAQ,NL,0127Q000000upr9QAA,Status,New,Not reached
2026-08-03T08:51:41.000Z,00QQD00000UaLW52AN,NL,0127Q000000upr9QAA,Status,Re-entered,Appointment
2026-08-03T08:50:53.000Z,00QP500000r3liFMAQ,BE,0127Q000000eERIQA2,Status,New,Appointment
2026-08-03T08:50:52.000Z,00QP500000r4oxNMAQ,BE,0127Q000000eERIQA2,Status,New,Not reached
2026-08-03T08:50:30.000Z,00QP500000qxqsfMAA,NL,0127Q000000upr9QAA,Status,New,Not reached
2026-08-03T08:50:16.000Z,00QP500000r1OBbMAM,NL,0127Q000000upr9QAA,Status,New,Appointment
2026-08-03T08:48:57.000Z,00QP500000qxsZXMAY,NL,0127Q000000upr9QAA,Status,New,Not reached
2026-08-03T08:48:44.000Z,00QP500000r4ld0MAA,BE,0127Q000000eERIQA2,Status,New,Not reached
2026-08-03T08:47:48.000Z,00QP500000r3l0qMAA,NL,0127Q000000upr9QAA,Status,New,Not reached
2026-08-03T08:46:11.000Z,00QP500000r3mZUMAY,NL,0127Q000000upr9QAA,Status,New,Not reached
2026-08-03T08:45:36.000Z,00QP500000r3y17MAA,BE,0127Q000000eERIQA2,Status,New,Not Qualified
2026-08-03T08:44:44.000Z,00QP500000r3uVXMAY,NL,0127Q000000upr9QAA,Status,New,Not reached
2026-08-03T08:43:16.000Z,00QP500000r3hrWMAQ,BE,0127Q000000eERIQA2,Status,New,Follow-up
2026-08-03T08:43:04.000Z,00QP500000r3z72MAA,NL,0127Q000000upr9QAA,Status,New,Not reached
2026-08-03T08:43:02.000Z,00QQD00000Yfdg92AB,NL,0127Q000000upr9QAA,Status,Re-entered,Appointment
2026-08-03T08:42:44.000Z,00QQD00000BqLMz2AN,NL,0127Q000000upr9QAA,Status,Re-entered,Not reached
2026-08-03T08:42:19.000Z,00QP500000r1ZjmMAE,NL,0127Q000000upr9QAA,Status,New,Follow-up
2026-08-03T08:41:40.000Z,00QP500000r0LZ2MAM,NL,0127Q000000upr9QAA,Status,New,Not reached
2026-08-03T08:41:12.000Z,00QP500000r4030MAA,NL,0127Q000000upr9QAA,Status,New,Not reached
2026-08-03T08:40:42.000Z,00QP500000r0BgCMAU,NL,0127Q000000upr9QAA,Status,New,Not reached
2026-08-03T08:40:40.000Z,00QQD00000AQOYa2AP,NL,0127Q000000upr9QAA,Status,Re-entered,Not Qualified
2026-08-03T08:40:00.000Z,00QP500000r7rdlMAA,BE,0127Q000000eERIQA2,Status,New,Appointment
2026-08-03T08:39:26.000Z,00QP500000qXptuMAC,NL,0127Q000000upr9QAA,Status,Re-entered,Not Qualified
2026-08-03T08:38:55.000Z,00QP500000qzXHHMA2,NL,0127Q000000upr9QAA,Status,New,Not reached
2026-08-03T08:38:28.000Z,00QP500000r1pYLMAY,NL,0127Q000000upr9QAA,Status,New,Mailjourney
2026-08-03T08:38:16.000Z,00QP500000r41TdMAI,NL,0127Q000000upr9QAA,Status,New,Appointment
2026-08-03T08:37:26.000Z,00QP500000qz8vaMAA,NL,0127Q000000upr9QAA,Status,New,Not reached
2026-08-03T08:37:03.000Z,00QP500000r5Bp7MAE,BE,0127Q000000eERIQA2,Status,New,Not reached
2026-08-03T08:36:55.000Z,00QP500000r3UJIMA2,BE,0127Q000000eERIQA2,Status,New,Not reached
2026-08-03T08:36:41.000Z,00QP500000r0ea9MAA,NL,0127Q000000upr9QAA,Status,New,Not reached
2026-08-03T08:36:40.000Z,00QP500000qz8kHMAQ,NL,0127Q000000upr9QAA,Status,New,Not reached
2026-08-03T08:36:21.000Z,00QP500000r5C8XMAU,NL,0127Q000000upr9QAA,Status,New,Not reached
2026-08-03T08:35:54.000Z,00QP500000r0XycMAE,NL,0127Q000000upr9QAA,Status,New,Follow-up
2026-08-03T08:35:29.000Z,00QP500000r39ufMAA,BE,0127Q000000eERIQA2,Status,New,Not reached
2026-08-03T08:35:22.000Z,00QP500000qyYvJMAU,NL,0127Q000000upr9QAA,Status,New,Mailjourney
2026-08-03T08:35:19.000Z,00QP500000r5SmkMAE,NL,0127Q000000upr9QAA,Status,New,Brochure
2026-08-03T08:34:20.000Z,00QP500000r4CykMAE,BE,0127Q000000eERIQA2,Status,New,Appointment
2026-08-03T08:33:45.000Z,00QP500000r1SF6MAM,NL,0127Q000000upr9QAA,Status,New,Not reached
2026-08-03T08:33:26.000Z,00QP500000r2SBOMA2,BE,0127Q000000eERIQA2,Status,New,Follow-up
2026-08-03T08:33:05.000Z,00QP500000r44WNMAY,NL,0127Q000000upr9QAA,Status,New,Not reached
2026-08-03T08:32:46.000Z,00QP500000pigz8MAA,NL,0127Q000000upr9QAA,Status,Re-entered,Appointment
2026-08-03T08:31:43.000Z,00QP500000r1XgIMAU,NL,0127Q000000upr9QAA,Status,New,Appointment
2026-08-03T08:29:09.000Z,00QP500000r2HWLMA2,BE,0127Q000000eERIQA2,Status,New,Not Qualified
2026-08-03T08:28:40.000Z,00QP500000r1BhNMAU,NL,0127Q000000upr9QAA,Status,New,Mailjourney
2026-08-03T08:28:18.000Z,00QP500000r44xvMAA,NL,0127Q000000upr9QAA,Status,New,Appointment
2026-08-03T08:27:22.000Z,00QP500000r5KlzMAE,NL,0127Q000000upr9QAA,Status,New,Brochure
2026-08-03T08:27:11.000Z,00QP500000r2FFlMAM,BE,0127Q000000eERIQA2,Status,New,Not Qualified
2026-08-03T08:26:28.000Z,00QP500000r130bMAA,NL,0127Q000000upr9QAA,Status,Re-entered,Mailjourney
2026-08-03T08:26:11.000Z,00QP500000r2BdbMAE,BE,0127Q000000eERIQA2,Status,New,Not Qualified
2026-08-03T08:25:40.000Z,00QP500000r0maqMAA,NL,0127Q000000upr9QAA,Status,New,Appointment
2026-08-03T08:25:06.000Z,00QQD00000DP4fI2AT,NL,0127Q000000upr9QAA,Status,Re-entered,Not reached
2026-08-03T08:25:03.000Z,00QP500000r1TBBMA2,NL,0127Q000000upr9QAA,Status,New,Not reached
2026-08-03T08:24:31.000Z,00QP500000r7JHFMA2,BE,0127Q000000eERIQA2,Status,New,Not reached
2026-08-03T08:24:19.000Z,00QP500000r55oeMAA,NL,0127Q000000upr9QAA,Status,New,Not reached
2026-08-03T08:24:14.000Z,00QP500000r130bMAA,NL,0127Q000000upr9QAA,Status,Mailjourney,Re-entered
2026-08-03T08:23:52.000Z,00QP500000qvOCYMA2,NL,0127Q000000upr9QAA,Status,Re-entered,Not reached
2026-08-03T08:22:10.000Z,00QP500000r1q2rMAA,BE,0127Q000000eERIQA2,Status,New,Not reached
2026-08-03T08:22:06.000Z,00QP500000r3setMAA,BE,0127Q000000eERIQA2,Status,New,Not reached
2026-08-03T08:20:46.000Z,00QP500000r50YjMAI,NL,0127Q000000upr9QAA,Status,New,Not reached
2026-08-03T08:20:40.000Z,00QP500000r1lxdMAA,BE,0127Q000000eERIQA2,Status,New,Not reached
2026-08-03T08:20:33.000Z,00QP500000r3wAfMAI,BE,0127Q000000eERIQA2,Status,New,Follow-up
2026-08-03T08:19:26.000Z,00QQD00000AQDCb2AP,NL,0127Q000000upr9QAA,Status,Re-entered,Mailjourney
2026-08-03T08:19:16.000Z,00QP500000r4563MAA,NL,0127Q000000upr9QAA,Status,New,Brochure
2026-08-03T08:18:54.000Z,00QP500000r130bMAA,NL,0127Q000000upr9QAA,Status,New,Mailjourney
2026-08-03T08:18:04.000Z,00QP500000r4oFtMAI,NL,0127Q000000upr9QAA,Status,New,Appointment
2026-08-03T08:17:35.000Z,00QP500000r0HjtMAE,NL,0127Q000000upr9QAA,Status,Not reached,Not Qualified
2026-08-03T08:17:02.000Z,00QP500000r1a4aMAA,BE,0127Q000000eERIQA2,Status,Not reached,Appointment
2026-08-03T08:14:32.000Z,00QP500000r1OoCMAU,BE,0127Q000000eERIQA2,Status,New,Not reached
2026-08-03T08:14:28.000Z,00QQD00000XTZ102AH,NL,0127Q000000upr9QAA,Status,Re-entered,Mailjourney
2026-08-03T08:14:13.000Z,00QP500000r0QLlMAM,NL,0127Q000000upr9QAA,Status,New,Not reached
2026-08-03T08:12:53.000Z,00QP500000r1Hd2MAE,NL,0127Q000000upr9QAA,Status,New,Mailjourney
2026-08-03T08:11:18.000Z,00QP500000r3sesMAA,BE,0127Q000000eERIQA2,Status,New,Not reached
2026-08-03T08:10:37.000Z,00QP500000r3hY9MAI,NL,0127Q000000upr9QAA,Status,New,Not reached
2026-08-03T08:10:07.000Z,00QP500000r4lA6MAI,NL,0127Q000000upr9QAA,Status,New,Appointment
2026-08-03T08:09:11.000Z,00QP500000r085VMAQ,NL,0127Q000000upr9QAA,Status,New,Not reached
2026-08-03T08:08:53.000Z,00QP500000r3XU3MAM,BE,0127Q000000eERIQA2,Status,New,Follow-up
2026-08-03T08:07:09.000Z,00QP500000qzxoQMAQ,NL,0127Q000000upr9QAA,Status,New,Mailjourney
2026-08-03T08:06:56.000Z,00QP500000r1a4aMAA,BE,0127Q000000eERIQA2,Status,New,Not reached
2026-08-03T08:05:25.000Z,00QP500000r1LGuMAM,BE,0127Q000000eERIQA2,Status,New,Not reached
2026-08-03T08:05:18.000Z,00QP500000r0vPfMAI,BE,0127Q000000eERIQA2,Status,New,Appointment
2026-08-03T08:03:35.000Z,00QP500000r1FpnMAE,BE,0127Q000000eERIQA2,Status,New,Not Qualified
2026-08-03T08:03:04.000Z,00QP500000r4eQFMAY,NL,0127Q000000upr9QAA,Status,New,Appointment
2026-08-03T08:03:04.000Z,00QP500000r48gRMAQ,NL,0127Q000000upr9QAA,Status,New,Not reached
2026-08-03T08:02:49.000Z,00QP500000qz6FRMAY,NL,0127Q000000upr9QAA,Status,New,Not reached
2026-08-03T08:02:41.000Z,00QP500000r2labMAA,BE,0127Q000000eERIQA2,Status,New,Not reached
2026-08-03T08:02:05.000Z,00QP500000r48v1MAA,NL,0127Q000000upr9QAA,Status,New,Not reached
2026-08-03T08:01:22.000Z,00QP500000qycMEMAY,NL,0127Q000000upr9QAA,Status,New,Mailjourney
2026-08-03T08:00:16.000Z,00QP500000r4G2xMAE,NL,0127Q000000upr9QAA,Status,New,Not Qualified
2026-08-03T07:59:57.000Z,00QP500000r2HRFMA2,BE,0127Q000000eERIQA2,Status,New,Not reached
2026-08-03T07:58:50.000Z,00QQD00000c2YMH2A2,BE,0127Q000000eERIQA2,Status,Follow-up,Appointment
2026-08-03T07:58:24.000Z,00QP500000qMDVOMA4,NL,0127Q000000upr9QAA,Status,Mailjourney,Appointment
2026-08-03T07:58:08.000Z,00QP500000qyNtSMAU,NL,0127Q000000upr9QAA,Status,New,Appointment
2026-08-03T07:56:44.000Z,00QP500000r4QobMAE,NL,0127Q000000upr9QAA,Status,New,Appointment
2026-08-03T07:55:52.000Z,00QP500000r7WpRMAU,NL,0127Q000000upr9QAA,Status,New,Appointment
2026-08-03T07:53:55.000Z,00QP500000r0vKsMAI,BE,0127Q000000eERIQA2,Status,New,Appointment
2026-08-03T07:50:36.000Z,00QP500000r1KPcMAM,BE,0127Q000000eERIQA2,Status,New,Appointment
2026-08-03T07:48:31.000Z,00QP500000r4J3zMAE,NL,0127Q000000upr9QAA,Status,New,Not reached
2026-08-03T07:47:26.000Z,00QP500000r7ToLMAU,BE,0127Q000000eERIQA2,Status,New,Not reached
2026-08-03T07:45:36.000Z,00QP500000r1OUwMAM,NL,0127Q000000upr9QAA,Status,New,Appointment
2026-08-03T07:45:36.000Z,00QP500000r4Pr1MAE,NL,0127Q000000upr9QAA,Status,New,Appointment
2026-08-03T07:44:18.000Z,00QP500000qyNJyMAM,NL,0127Q000000upr9QAA,Status,New,Not reached
2026-08-03T07:43:46.000Z,00QP500000r0UMEMA2,BE,0127Q000000eERIQA2,Status,New,Not reached
2026-08-03T07:43:20.000Z,00QP500000qyIXBMA2,NL,0127Q000000upr9QAA,Status,New,Lost
2026-08-03T07:40:27.000Z,00QP500000r0TTSMA2,BE,0127Q000000eERIQA2,Status,New,Not Qualified
2026-08-03T07:40:05.000Z,00QP500000r7RD3MAM,BE,0127Q000000eERIQA2,Status,New,Follow-up
2026-08-03T07:38:45.000Z,00QP500000r1VHpMAM,NL,0127Q000000upr9QAA,Status,New,Not reached
2026-08-03T07:38:03.000Z,00QP500000qwpovMAA,NL,0127Q000000upr9QAA,Status,New,Not reached
2026-08-03T07:37:39.000Z,00QP500000r1aVxMAI,NL,0127Q000000upr9QAA,Status,New,Mailjourney
2026-08-03T07:37:03.000Z,00QP500000r5VmEMAU,NL,0127Q000000upr9QAA,Status,New,Not Qualified
2026-08-03T07:36:22.000Z,00QP500000qw2bUMAQ,NL,0127Q000000upr9QAA,Status,New,Not reached
2026-08-03T07:36:14.000Z,00QP500000r0HjtMAE,NL,0127Q000000upr9QAA,Status,Re-entered,Not reached
2026-08-03T07:35:40.000Z,00QP500000r0S94MAE,BE,0127Q000000eERIQA2,Status,New,Follow-up
2026-08-03T07:35:23.000Z,00QP500000r14uWMAQ,NL,0127Q000000upr9QAA,Status,New,Not reached
2026-08-03T07:34:53.000Z,00QP500000r1IFjMAM,BE,0127Q000000eERIQA2,Status,New,Not Qualified
2026-08-03T07:33:38.000Z,00QP500000qvipcMAA,NL,0127Q000000upr9QAA,Status,New,Appointment
2026-08-03T07:31:59.000Z,00QP500000r0eocMAA,BE,0127Q000000eERIQA2,Status,New,Follow-up
2026-08-03T07:30:54.000Z,00QP500000r1A5QMAU,NL,0127Q000000upr9QAA,Status,New,Not Qualified
2026-08-03T07:29:58.000Z,00QP500000r7KQ5MAM,BE,0127Q000000eERIQA2,Status,New,Appointment
2026-08-03T07:26:13.000Z,00QP500000r0HLpMAM,BE,0127Q000000eERIQA2,Status,New,Not reached
2026-08-03T07:24:51.000Z,00QP500000r0CeVMAU,BE,0127Q000000eERIQA2,Status,New,Not reached
2026-08-03T07:23:19.000Z,00QQD00000Zxxaz2AB,BE,0127Q000000eERIQA2,Status,Mailjourney,Follow-up
2026-08-03T07:20:10.000Z,00QP500000qy7OtMAI,BE,0127Q000000eERIQA2,Status,New,Follow-up
2026-08-03T07:17:31.000Z,00QP500000qxAvMMAU,BE,0127Q000000eERIQA2,Status,New,Not Qualified
2026-08-03T07:16:53.000Z,00QP500000r6dpqMAA,BE,0127Q000000eERIQA2,Status,New,Appointment
2026-08-03T07:15:55.000Z,00QP500000qqD1dMAE,BE,0127Q000000eERIQA2,Status,Re-entered,Mailjourney
2026-08-03T07:10:25.000Z,00QP500000r0IPrMAM,BE,0127Q000000eERIQA2,Status,New,Not reached
2026-08-03T07:10:06.000Z,00QP500000qrgXtMAI,NL,0127Q000000upr9QAA,Status,Follow-up,Mailjourney
2026-08-03T07:08:47.000Z,00QP500000qxpIaMAI,BE,0127Q000000eERIQA2,Status,New,Not Qualified
2026-08-03T07:03:43.000Z,00QP500000r1IJ3MAM,BE,0127Q000000eERIQA2,Status,New,Not Qualified
2026-08-03T07:03:18.000Z,00QP500000qyW3xMAE,BE,0127Q000000eERIQA2,Status,New,Not reached
2026-08-03T06:54:35.000Z,00QP500000r3TOkMAM,BE,0127Q000000eERIQA2,Status,New,Mailjourney
2026-08-03T06:54:06.000Z,00QP500000r5BPJMA2,BE,0127Q000000eERIQA2,Status,New,Not Qualified
2026-08-03T06:53:53.000Z,00QP500000r4ADmMAM,BE,0127Q000000eERIQA2,Status,New,Mailjourney
2026-08-03T06:48:40.000Z,00QQD00000AQY0V2AX,NL,0127Q000000upr9QAA,Status,Mailjourney,Lost
2026-08-03T06:44:07.000Z,00QP500000qXptuMAC,NL,0127Q000000upr9QAA,Status,Mailjourney,Re-entered
2026-08-03T05:50:18.000Z,00QP500000r59VcMAI,NL,0127Q000000upr9QAA,Status,New,Not Qualified
2026-08-03T05:50:05.000Z,00QP500000r4rqcMAA,NL,0127Q000000upr9QAA,Status,New,Not Qualified
2026-08-03T05:49:14.000Z,00QP500000r4astMAA,NL,0127Q000000upr9QAA,Status,New,Not Qualified
2026-08-03T05:48:49.000Z,00QP500000r4V0LMAU,NL,0127Q000000upr9QAA,Status,New,Not Qualified
2026-08-03T05:47:02.000Z,00QP500000r4KjHMAU,NL,0127Q000000upr9QAA,Status,New,Mailjourney
2026-08-03T05:46:44.000Z,00QP500000r0vW8MAI,NL,0127Q000000upr9QAA,Status,New,Mailjourney
2026-08-03T05:46:22.000Z,00QP500000r0osoMAA,NL,0127Q000000upr9QAA,Status,New,Not Qualified
2026-08-02T16:53:02.000Z,00QQD00000clSkX2AU,BE,0127Q000000eERIQA2,Status,Follow-up,Re-entered
2026-08-02T13:45:04.000Z,00QQD00000ZGo792AD,BE,0127Q000000eERIQA2,Status,Mailjourney,Re-entered
2026-08-02T13:07:57.000Z,00QQD00000AQDqG2AX,NL,0127Q000000upr9QAA,Status,Not Qualified,Re-entered
2026-08-02T11:56:08.000Z,00QQD00000AQJZ62AP,NL,0127Q000000upr9QAA,Status,Mailjourney,Re-entered
2026-08-02T11:24:10.000Z,00QQD00000Yfdg92AB,NL,0127Q000000upr9QAA,Status,Mailjourney,Re-entered
2026-08-02T11:23:12.000Z,00QQD00000AQDCb2AP,NL,0127Q000000upr9QAA,Status,Mailjourney,Re-entered
2026-08-02T11:06:58.000Z,00QQD00000DP4fI2AT,NL,0127Q000000upr9QAA,Status,Mailjourney,Re-entered
2026-08-02T09:55:50.000Z,00QQD00000ZGoac2AD,BE,0127Q000000eERIQA2,Status,Mailjourney,Re-entered
2026-08-02T09:32:50.000Z,00QQD00000RfdPF2AZ,NL,0127Q000000upr9QAA,Status,Lost,Re-entered
2026-08-02T07:58:08.000Z,00QQD00000APxBp2AL,NL,0127Q000000upr9QAA,Status,Lost,Re-entered
2026-08-02T07:57:02.000Z,00QQD00000coiO92AI,NL,0127Q000000upr9QAA,Status,Mailjourney,Re-entered
2026-08-02T06:01:57.000Z,00QQD00000ZGEnZ2AX,FR,012QD000002ylXZYAY,Status,Lost,Other
2026-08-02T06:01:56.000Z,00QP500000r3bMKMAY,FR,012QD000002ylXZYAY,Status,,New
2026-08-02T06:01:56.000Z,00QP500000r3bMRMAY,FR,012QD000002ylXZYAY,Status,,New
2026-08-02T06:01:56.000Z,00QP500000r3bMQMAY,FR,012QD000002ylXZYAY,Status,,New
2026-08-02T06:01:56.000Z,00QP500000r3bMOMAY,FR,012QD000002ylXZYAY,Status,,New
2026-08-02T06:01:56.000Z,00QP500000r3bMNMAY,FR,012QD000002ylXZYAY,Status,,New
2026-08-02T06:01:56.000Z,00QP500000r3bMMMAY,FR,012QD000002ylXZYAY,Status,,New
2026-08-02T06:01:56.000Z,00QP500000r3bMLMAY,IT,012QD000002ylcPYAQ,Status,,New
2026-08-02T06:01:56.000Z,00QP500000r3bMJMAY,FR,012QD000002ylXZYAY,Status,,New
2026-08-02T05:43:57.000Z,00QP500000qvOCYMA2,NL,0127Q000000upr9QAA,Status,Follow-up,Re-entered
2026-08-01T14:15:31.000Z,00QP500000qHIsEMAW,NL,0127Q000000upr9QAA,Status,Mailjourney,Re-entered - Phone Number Changed
2026-08-01T14:01:02.000Z,00QP500000pigz8MAA,NL,0127Q000000upr9QAA,Status,Mailjourney,Re-entered
2026-08-01T12:01:57.000Z,00QP500000qItmTMAS,NL,0127Q000000upr9QAA,Status,Mailjourney,Re-entered
2026-08-01T11:53:51.000Z,00QQD00000dLRbR2AW,BE,0127Q000000eERIQA2,Status,Mailjourney,Re-entered
2026-08-01T11:39:48.000Z,00QQD00000AQOYa2AP,NL,0127Q000000upr9QAA,Status,Not Qualified,Re-entered
2026-08-01T10:53:18.000Z,00QQD00000BqLMz2AN,NL,0127Q000000upr9QAA,Status,Mailjourney,Re-entered
2026-08-01T09:55:57.000Z,00QQD00000e2xt02AA,NL,0127Q000000upr9QAA,Status,Mailjourney,Re-entered
2026-08-01T09:25:57.000Z,00QQD00000ZGnaM2AT,BE,0127Q000000eERIQA2,Status,Not Qualified,Re-entered
2026-08-01T07:55:24.000Z,00QQD00000XTZ102AH,NL,0127Q000000upr9QAA,Status,Mailjourney,Re-entered
2026-08-01T06:02:01.000Z,00QP500000r0SE7MAM,FR,012QD000002ylXZYAY,Status,,New
2026-08-01T06:02:01.000Z,00QP500000r0SE0MAM,FR,012QD000002ylXZYAY,Status,,New
2026-08-01T06:02:01.000Z,00QP500000r0SE5MAM,IT,012QD000002ylcPYAQ,Status,,New
2026-08-01T06:02:01.000Z,00QP500000r0SE6MAM,FR,012QD000002ylXZYAY,Status,,New
2026-08-01T06:02:01.000Z,00QP500000r0SDuMAM,IT,012QD000002ylcPYAQ,Status,,New
2026-08-01T06:02:01.000Z,00QP500000r0SDwMAM,IT,012QD000002ylcPYAQ,Status,,New
2026-08-01T06:02:01.000Z,00QP500000r0SE8MAM,FR,012QD000002ylXZYAY,Status,,New
2026-08-01T06:02:01.000Z,00QP500000r0SDxMAM,IT,012QD000002ylcPYAQ,Status,,New
2026-08-01T06:02:01.000Z,00QP500000r0SDyMAM,FR,012QD000002ylXZYAY,Status,,New
2026-08-01T06:02:01.000Z,00QP500000r0SE1MAM,FR,012QD000002ylXZYAY,Status,,New
2026-08-01T06:02:01.000Z,00QP500000r0SE2MAM,IT,012QD000002ylcPYAQ,Status,,New
2026-08-01T06:02:01.000Z,00QP500000r0SE3MAM,IT,012QD000002ylcPYAQ,Status,,New
2026-08-01T06:02:01.000Z,00QP500000r0SE4MAM,FR,012QD000002ylXZYAY,Status,,New
2026-08-01T06:02:01.000Z,00QP500000r0SDzMAM,FR,012QD000002ylXZYAY,Status,,New
2026-08-01T06:02:01.000Z,00QP500000r0SDvMAM,FR,012QD000002ylXZYAY,Status,,New
2026-08-01T05:40:15.000Z,00QP500000r0HjtMAE,NL,0127Q000000upr9QAA,Status,Mailjourney,Re-entered
2026-08-01T00:29:21.000Z,00QP500000qqD1dMAE,BE,0127Q000000eERIQA2,Status,Not reached,Re-entered
